latitude,longitude,elevation,utc_offset_seconds,timezone,timezone_abbreviation
26.045692,119.24508,3.0,28800,Asia/Singapore,GMT+8

time,temperature_2m (°C),relative_humidity_2m (%),apparent_temperature (°C),precipitation (mm),weather_code (wmo code),cloud_cover (%),wind_speed_10m (km/h),wind_direction_10m (°),shortwave_radiation (W/m²),is_day ()
2024-01-01T00:00,12.9,71,11.2,0.00,3,100,8.1,58,0.0,0
2024-01-01T01:00,12.2,72,10.5,0.00,3,93,7.0,55,0.0,0
2024-01-01T02:00,11.8,69,10.0,0.00,3,100,5.7,55,0.0,0
2024-01-01T03:00,10.7,70,9.0,0.00,3,100,4.1,52,0.0,0
2024-01-01T04:00,10.1,72,8.5,0.00,2,65,3.6,53,0.0,0
2024-01-01T05:00,8.8,79,6.9,0.00,0,5,5.5,67,0.0,0
2024-01-01T06:00,8.8,76,6.9,0.00,0,2,4.8,77,0.0,0
2024-01-01T07:00,8.8,76,6.9,0.00,0,6,4.4,81,0.0,1
2024-01-01T08:00,9.4,74,7.6,0.00,0,8,4.0,85,77.0,1
2024-01-01T09:00,10.9,66,8.8,0.00,0,7,6.3,77,252.0,1
2024-01-01T10:00,12.1,61,10.0,0.00,0,11,6.1,87,417.0,1
2024-01-01T11:00,13.4,57,11.0,0.00,0,9,7.6,93,555.0,1
2024-01-01T12:00,14.4,53,12.3,0.00,0,13,9.4,97,633.0,1
2024-01-01T13:00,14.8,51,12.1,0.00,0,12,12.0,99,618.0,1
2024-01-01T14:00,14.7,49,11.5,0.00,0,15,13.2,101,577.0,1
2024-01-01T15:00,14.0,50,10.6,0.00,0,4,12.8,100,445.0,1
2024-01-01T16:00,12.9,55,9.8,0.00,0,0,11.4,103,291.0,1
2024-01-01T17:00,11.4,64,8.9,0.00,0,0,8.6,105,110.0,1
2024-01-01T18:00,9.7,76,8.0,0.00,0,0,4.6,108,4.0,0
2024-01-01T19:00,8.8,80,6.9,0.00,0,0,5.5,101,0.0,0
2024-01-01T20:00,9.9,73,8.3,0.00,0,2,2.8,50,0.0,0
2024-01-01T21:00,10.4,73,9.1,0.00,0,2,2.1,31,0.0,0
2024-01-01T22:00,10.1,76,8.7,0.00,0,3,2.4,27,0.0,0
2024-01-01T23:00,9.6,81,8.3,0.00,0,4,2.2,9,0.0,0
2024-01-02T00:00,8.7,88,7.5,0.00,0,11,2.6,344,0.0,0
2024-01-02T01:00,7.0,99,5.6,0.00,0,17,4.1,322,0.0,0
2024-01-02T02:00,5.9,100,3.9,0.00,3,97,6.4,317,0.0,0
2024-01-02T03:00,5.2,100,3.0,0.00,1,21,7.1,311,0.0,0
2024-01-02T04:00,4.8,99,2.6,0.00,0,15,6.9,309,0.0,0
2024-01-02T05:00,4.9,95,2.5,0.00,0,6,6.9,309,0.0,0
2024-01-02T06:00,6.2,93,4.1,0.00,0,2,6.3,301,0.0,0
2024-01-02T07:00,5.3,94,3.0,0.00,0,1,7.2,297,0.0,1
2024-01-02T08:00,8.5,85,6.8,0.00,0,1,5.3,298,77.0,1
2024-01-02T09:00,10.8,74,9.1,0.00,0,14,4.6,309,240.0,1
2024-01-02T10:00,13.5,63,12.2,0.00,0,0,3.1,315,421.0,1
2024-01-02T11:00,15.4,58,14.6,0.00,0,0,1.5,45,562.0,1
2024-01-02T12:00,16.8,55,16.4,0.00,0,0,2.4,117,638.0,1
2024-01-02T13:00,17.9,53,17.3,0.00,0,0,4.4,125,645.0,1
2024-01-02T14:00,18.4,51,17.1,0.00,0,0,6.7,126,583.0,1
2024-01-02T15:00,18.3,52,16.6,0.00,0,0,9.0,127,461.0,1
2024-01-02T16:00,17.6,55,15.7,0.00,0,5,10.3,126,294.0,1
2024-01-02T17:00,15.9,62,14.4,0.00,0,12,7.4,137,111.0,1
2024-01-02T18:00,13.4,73,12.2,0.00,3,96,6.2,144,4.0,0
2024-01-02T19:00,13.9,72,13.0,0.00,3,100,4.0,185,0.0,0
2024-01-02T20:00,12.6,81,11.8,0.00,3,83,4.6,225,0.0,0
2024-01-02T21:00,12.6,89,12.5,0.90,53,88,3.1,249,0.0,0
2024-01-02T22:00,12.7,87,12.5,0.00,2,78,2.6,196,0.0,0
2024-01-02T23:00,13.1,82,12.9,0.00,3,100,2.2,180,0.0,0
2024-01-03T00:00,13.3,82,13.3,0.00,3,100,0.7,180,0.0,0
2024-01-03T01:00,12.4,90,12.4,0.00,0,9,2.2,180,0.0,0
2024-01-03T02:00,12.6,87,12.2,0.00,1,26,3.4,238,0.0,0
2024-01-03T03:00,12.5,87,12.1,0.00,1,45,4.0,265,0.0,0
2024-01-03T04:00,10.8,91,9.6,0.00,1,31,7.0,282,0.0,0
2024-01-03T05:00,10.6,85,9.2,0.00,0,1,6.7,286,0.0,0
2024-01-03T06:00,10.1,83,8.2,0.00,0,5,8.8,289,0.0,0
2024-01-03T07:00,9.4,86,7.4,0.00,1,24,8.4,290,0.0,1
2024-01-03T08:00,10.4,80,8.1,0.00,0,14,10.6,288,59.0,1
2024-01-03T09:00,12.8,71,10.7,0.00,0,18,10.7,290,205.0,1
2024-01-03T10:00,13.9,66,11.5,0.00,0,9,12.1,297,361.0,1
2024-01-03T11:00,14.6,63,11.9,0.00,1,28,13.7,300,490.0,1
2024-01-03T12:00,15.6,58,13.1,0.00,1,49,14.2,300,588.0,1
2024-01-03T13:00,17.0,51,14.3,0.00,0,6,15.3,294,618.0,1
2024-01-03T14:00,18.0,46,15.0,0.00,0,5,14.8,293,573.0,1
2024-01-03T15:00,18.8,42,16.5,0.00,0,16,8.2,293,452.0,1
2024-01-03T16:00,17.5,46,14.9,0.00,2,69,10.0,111,275.0,1
2024-01-03T17:00,13.4,70,10.8,0.00,0,18,14.4,112,104.0,1
2024-01-03T18:00,10.9,81,9.3,0.00,0,18,6.4,133,5.0,0
2024-01-03T19:00,12.4,68,11.1,0.00,1,22,3.6,135,0.0,0
2024-01-03T20:00,12.1,68,11.0,0.00,0,15,1.8,360,0.0,0
2024-01-03T21:00,12.3,75,11.3,0.00,2,53,3.1,21,0.0,0
2024-01-03T22:00,12.1,76,11.1,0.00,2,78,3.4,18,0.0,0
2024-01-03T23:00,9.6,85,8.0,0.00,3,82,6.4,38,0.0,0
2024-01-04T00:00,9.1,87,7.4,0.00,0,13,6.9,43,0.0,0
2024-01-04T01:00,8.3,86,6.1,0.00,0,1,8.2,49,0.0,0
2024-01-04T02:00,7.8,78,5.1,0.00,0,0,8.4,43,0.0,0
2024-01-04T03:00,10.4,64,8.1,0.00,0,0,5.5,11,0.0,0
2024-01-04T04:00,7.8,76,5.5,0.00,0,0,5.5,349,0.0,0
2024-01-04T05:00,6.6,84,4.3,0.00,0,0,5.6,333,0.0,0
2024-01-04T06:00,5.6,95,3.4,0.00,0,0,6.3,329,0.0,0
2024-01-04T07:00,3.8,100,1.2,0.00,0,0,8.2,331,0.0,1
2024-01-04T08:00,7.2,89,5.1,0.00,0,0,6.8,328,82.0,1
2024-01-04T09:00,10.2,61,7.6,0.00,0,3,7.0,339,270.0,1
2024-01-04T10:00,11.6,50,8.5,0.00,0,7,8.4,40,417.0,1
2024-01-04T11:00,12.7,48,9.8,0.00,0,17,8.2,61,565.0,1
2024-01-04T12:00,13.6,47,11.2,0.00,0,16,7.6,71,619.0,1
2024-01-04T13:00,14.4,46,12.0,0.00,0,10,8.4,83,642.0,1
2024-01-04T14:00,14.7,45,12.1,0.00,0,2,8.6,90,596.0,1
2024-01-04T15:00,14.6,45,11.6,0.00,0,0,9.4,94,486.0,1
2024-01-04T16:00,14.1,46,11.0,0.00,0,0,9.3,103,316.0,1
2024-01-04T17:00,12.4,57,10.2,0.00,0,0,5.2,106,123.0,1
2024-01-04T18:00,12.2,59,10.3,0.00,0,0,4.3,85,6.0,0
2024-01-04T19:00,11.4,69,10.0,0.00,0,0,2.2,360,0.0,0
2024-01-04T20:00,10.3,80,9.1,0.00,0,0,3.0,346,0.0,0
2024-01-04T21:00,9.8,89,9.0,0.00,0,4,1.6,333,0.0,0
2024-01-04T22:00,8.9,96,7.9,0.00,0,1,3.8,319,0.0,0
2024-01-04T23:00,8.4,97,7.0,0.00,0,0,5.6,315,0.0,0
2024-01-05T00:00,6.2,98,4.1,0.00,0,6,7.5,305,0.0,0
2024-01-05T01:00,8.1,92,6.5,0.00,0,2,5.6,297,0.0,0
2024-01-05T02:00,8.1,90,6.5,0.00,0,0,5.1,278,0.0,0
2024-01-05T03:00,6.5,94,4.4,0.00,0,1,6.7,286,0.0,0
2024-01-05T04:00,6.2,94,4.0,0.00,0,5,7.4,284,0.0,0
2024-01-05T05:00,5.8,95,3.5,0.00,0,8,7.3,281,0.0,0
2024-01-05T06:00,5.2,96,2.7,0.00,0,11,8.1,283,0.0,0
2024-01-05T07:00,4.7,97,2.0,0.00,0,15,8.9,284,0.0,1
2024-01-05T08:00,8.1,85,6.2,0.00,1,26,5.6,255,66.0,1
2024-01-05T09:00,11.1,74,9.5,0.00,1,31,5.6,310,221.0,1
2024-01-05T10:00,14.1,62,12.7,0.00,1,40,3.6,315,385.0,1
2024-01-05T11:00,16.2,54,14.9,0.00,1,30,3.6,323,463.0,1
2024-01-05T12:00,18.1,48,17.1,0.00,0,1,3.5,336,592.0,1
2024-01-05T13:00,19.4,43,18.8,0.00,0,0,2.3,18,647.0,1
2024-01-05T14:00,20.0,41,19.2,0.00,0,0,1.5,76,592.0,1
2024-01-05T15:00,20.1,41,18.9,0.00,0,0,2.4,117,472.0,1
2024-01-05T16:00,19.9,43,18.7,0.00,0,1,2.0,135,302.0,1
2024-01-05T17:00,18.9,48,17.6,0.00,0,5,4.3,114,116.0,1
2024-01-05T18:00,14.6,62,12.9,0.00,0,3,7.5,125,6.0,0
2024-01-05T19:00,12.6,82,11.4,0.00,0,2,7.3,110,0.0,0
2024-01-05T20:00,13.3,80,12.7,0.00,0,0,4.1,52,0.0,0
2024-01-05T21:00,12.9,85,12.8,0.00,0,2,1.8,53,0.0,0
2024-01-05T22:00,12.6,88,12.7,0.00,0,5,0.7,270,0.0,0
2024-01-05T23:00,12.2,90,11.9,0.00,0,4,3.3,264,0.0,0
2024-01-06T00:00,11.7,92,11.4,0.00,0,1,2.9,277,0.0,0
2024-01-06T01:00,11.2,95,10.9,0.00,0,0,3.2,270,0.0,0
2024-01-06T02:00,10.8,97,10.3,0.00,0,2,4.0,280,0.0,0
2024-01-06T03:00,10.2,99,9.7,0.00,0,0,4.4,279,0.0,0
2024-01-06T04:00,9.9,100,9.2,0.00,3,98,4.3,265,0.0,0
2024-01-06T05:00,9.6,100,9.0,0.00,3,98,3.8,253,0.0,0
2024-01-06T06:00,9.5,98,8.7,0.00,1,48,4.0,260,0.0,0
2024-01-06T07:00,8.4,100,7.4,0.00,1,20,3.8,253,0.0,1
2024-01-06T08:00,9.9,96,9.3,0.00,0,0,3.0,256,70.0,1
2024-01-06T09:00,13.7,74,13.1,0.00,0,0,2.5,315,247.0,1
2024-01-06T10:00,16.3,61,15.6,0.00,0,7,2.7,337,423.0,1
2024-01-06T11:00,18.3,54,17.8,0.00,0,1,1.6,27,552.0,1
2024-01-06T12:00,19.8,50,19.8,0.00,0,0,1.8,90,635.0,1
2024-01-06T13:00,20.7,48,20.5,0.00,0,2,4.2,110,645.0,1
2024-01-06T14:00,21.0,48,19.8,0.00,0,17,6.6,112,549.0,1
2024-01-06T15:00,20.3,50,18.6,0.00,0,11,10.6,114,408.0,1
2024-01-06T16:00,17.9,54,15.3,0.00,0,16,15.2,112,248.0,1
2024-01-06T17:00,15.8,57,14.1,0.00,0,7,6.2,111,115.0,1
2024-01-06T18:00,14.4,62,12.8,0.00,0,2,5.4,138,6.0,0
2024-01-06T19:00,14.6,60,13.2,0.00,0,1,4.5,119,0.0,0
2024-01-06T20:00,13.6,65,12.3,0.00,0,7,3.6,96,0.0,0
2024-01-06T21:00,13.5,70,12.8,0.00,1,22,1.1,360,0.0,0
2024-01-06T22:00,12.8,75,11.8,0.00,0,6,3.4,342,0.0,0
2024-01-06T23:00,11.9,82,10.9,0.00,0,11,4.8,333,0.0,0
2024-01-07T00:00,10.0,90,8.7,0.00,1,25,5.9,313,0.0,0
2024-01-07T01:00,10.6,90,9.8,0.00,1,41,3.8,319,0.0,0
2024-01-07T02:00,10.1,95,9.4,0.00,3,100,3.3,311,0.0,0
2024-01-07T03:00,9.3,98,8.6,0.00,3,100,2.6,286,0.0,0
2024-01-07T04:00,9.1,98,8.5,0.00,3,100,2.3,288,0.0,0
2024-01-07T05:00,9.7,97,9.1,0.00,3,100,2.7,293,0.0,0
2024-01-07T06:00,10.3,91,9.7,0.00,3,100,1.8,281,0.0,0
2024-01-07T07:00,11.6,78,10.9,0.00,3,97,0.8,297,0.0,1
2024-01-07T08:00,12.0,72,11.0,0.00,3,96,1.8,79,40.0,1
2024-01-07T09:00,13.1,65,11.7,0.00,2,66,3.2,90,210.0,1
2024-01-07T10:00,14.2,60,12.4,0.00,1,35,6.8,90,396.0,1
2024-01-07T11:00,15.6,55,13.1,0.00,3,80,11.2,84,489.0,1
2024-01-07T12:00,16.0,54,13.5,0.00,2,68,11.9,90,525.0,1
2024-01-07T13:00,16.4,53,13.9,0.00,2,68,11.5,92,499.0,1
2024-01-07T14:00,16.1,54,13.6,0.00,3,97,12.3,93,437.0,1
2024-01-07T15:00,15.2,57,12.5,0.00,3,81,13.1,98,327.0,1
2024-01-07T16:00,14.2,60,11.7,0.00,0,17,11.6,106,247.0,1
2024-01-07T17:00,12.9,65,10.7,0.00,1,21,9.3,106,111.0,1
2024-01-07T18:00,11.4,74,9.6,0.00,1,24,7.1,105,6.0,0
2024-01-07T19:00,9.9,81,8.3,0.00,1,40,5.8,83,0.0,0
2024-01-07T20:00,9.3,82,7.5,0.00,1,34,6.1,45,0.0,0
2024-01-07T21:00,10.3,79,8.8,0.00,3,90,4.7,32,0.0,0
2024-01-07T22:00,9.4,80,7.6,0.00,2,51,5.8,22,0.0,0
2024-01-07T23:00,8.9,79,6.8,0.00,1,35,6.3,24,0.0,0
2024-01-08T00:00,8.1,82,5.9,0.00,1,45,6.8,32,0.0,0
2024-01-08T01:00,8.4,81,6.4,0.00,2,52,5.9,14,0.0,0
2024-01-08T02:00,9.2,78,7.3,0.00,3,91,5.4,4,0.0,0
2024-01-08T03:00,9.6,76,7.6,0.00,3,99,6.5,341,0.0,0
2024-01-08T04:00,9.3,78,7.3,0.00,3,94,6.0,327,0.0,0
2024-01-08T05:00,9.3,76,7.3,0.00,3,87,5.7,325,0.0,0
2024-01-08T06:00,9.1,77,7.3,0.00,3,100,4.5,346,0.0,0
2024-01-08T07:00,8.9,80,7.3,0.00,3,100,3.4,342,0.0,1
2024-01-08T08:00,9.9,74,7.9,0.00,3,85,5.4,340,38.0,1
2024-01-08T09:00,11.6,68,10.0,0.00,3,100,3.6,360,163.0,1
2024-01-08T10:00,12.6,64,11.2,0.00,3,93,3.3,347,286.0,1
2024-01-08T11:00,14.2,59,12.9,0.00,3,88,2.6,16,409.0,1
2024-01-08T12:00,15.4,55,13.9,0.00,3,100,4.0,63,478.0,1
2024-01-08T13:00,15.8,54,14.1,0.00,3,93,5.4,98,412.0,1
2024-01-08T14:00,15.5,56,13.8,0.10,51,100,5.8,112,226.0,1
2024-01-08T15:00,13.8,79,13.2,1.00,55,100,4.7,99,42.0,1
2024-01-08T16:00,13.3,80,12.9,0.90,53,99,3.0,76,36.0,1
2024-01-08T17:00,12.9,84,12.8,2.50,63,91,1.3,56,45.0,1
2024-01-08T18:00,12.1,86,11.6,0.90,53,100,4.0,95,4.0,0
2024-01-08T19:00,12.1,89,11.9,0.10,51,100,2.6,74,0.0,0
2024-01-08T20:00,11.9,90,11.8,0.20,51,100,2.2,81,0.0,0
2024-01-08T21:00,11.9,93,12.0,0.10,51,99,1.5,76,0.0,0
2024-01-08T22:00,11.4,92,11.1,0.00,3,100,2.5,90,0.0,0
2024-01-08T23:00,11.9,87,11.6,0.00,3,100,1.1,108,0.0,0
2024-01-09T00:00,11.9,87,11.4,0.00,1,44,2.3,108,0.0,0
2024-01-09T01:00,11.6,88,11.1,0.00,2,53,3.3,131,0.0,0
2024-01-09T02:00,11.5,89,11.0,0.20,51,91,3.1,144,0.0,0
2024-01-09T03:00,11.4,90,11.1,0.10,51,100,1.5,135,0.0,0
2024-01-09T04:00,11.3,91,10.9,0.20,51,99,2.4,153,0.0,0
2024-01-09T05:00,11.4,91,11.3,0.10,51,100,0.8,207,0.0,0
2024-01-09T06:00,11.5,91,11.3,0.00,3,100,1.6,117,0.0,0
2024-01-09T07:00,10.4,97,9.8,0.10,51,92,4.0,170,0.0,1
2024-01-09T08:00,11.4,95,11.4,0.20,51,100,2.0,135,42.0,1
2024-01-09T09:00,12.4,93,12.7,0.30,51,85,0.5,135,83.0,1
2024-01-09T10:00,13.5,85,13.3,0.10,51,100,3.1,306,199.0,1
2024-01-09T11:00,14.4,81,14.3,0.00,3,100,3.5,336,225.0,1
2024-01-09T12:00,15.5,77,15.6,0.00,3,100,2.5,360,295.0,1
2024-01-09T13:00,16.5,73,16.6,0.00,3,100,2.7,23,355.0,1
2024-01-09T14:00,16.1,75,16.2,0.00,3,100,3.1,45,147.0,1
2024-01-09T15:00,15.9,77,15.8,0.20,51,100,4.5,119,109.0,1
2024-01-09T16:00,15.1,84,15.0,0.30,51,100,5.7,145,50.0,1
2024-01-09T17:00,14.1,90,14.3,0.10,51,74,4.7,148,20.0,1
2024-01-09T18:00,14.4,85,14.6,0.00,2,50,2.9,120,6.0,0
2024-01-09T19:00,14.1,87,14.7,0.00,2,76,0.4,270,0.0,0
2024-01-09T20:00,13.9,88,14.5,0.00,0,19,0.4,270,0.0,0
2024-01-09T21:00,14.2,89,14.4,0.20,51,31,4.2,290,0.0,0
2024-01-09T22:00,11.9,94,11.3,0.00,1,29,6.7,324,0.0,0
2024-01-09T23:00,10.6,96,9.4,0.00,1,23,8.5,298,0.0,0
2024-01-10T00:00,10.1,97,8.9,0.00,1,29,7.6,289,0.0,0
2024-01-10T01:00,10.1,98,9.0,0.00,1,38,6.6,292,0.0,0
2024-01-10T02:00,9.9,97,8.7,0.00,2,69,7.4,299,0.0,0
2024-01-10T03:00,10.6,97,9.8,0.00,0,15,5.7,305,0.0,0
2024-01-10T04:00,9.1,98,7.5,0.00,1,25,8.6,303,0.0,0
2024-01-10T05:00,10.9,95,10.2,0.00,1,43,5.9,317,0.0,0
2024-01-10T06:00,10.9,95,10.5,0.00,2,54,3.6,307,0.0,0
2024-01-10T07:00,10.1,98,9.5,0.00,2,51,4.1,315,0.0,1
2024-01-10T08:00,10.8,96,10.0,0.00,2,70,5.5,302,51.0,1
2024-01-10T09:00,12.8,89,12.4,0.00,0,16,4.8,318,223.0,1
2024-01-10T10:00,14.9,80,14.7,0.00,1,21,5.1,315,406.0,1
2024-01-10T11:00,16.9,68,16.2,0.00,0,17,6.1,310,515.0,1
2024-01-10T12:00,18.5,57,17.9,0.00,0,19,6.1,310,606.0,1
2024-01-10T13:00,19.6,49,18.5,0.00,0,11,6.3,301,590.0,1
2024-01-10T14:00,20.5,35,18.5,0.00,0,0,6.2,324,588.0,1
2024-01-10T15:00,20.1,25,17.2,0.00,0,0,5.0,21,499.0,1
2024-01-10T16:00,18.3,35,15.9,0.00,0,0,5.1,98,330.0,1
2024-01-10T17:00,15.1,71,14.0,0.00,0,0,7.8,124,137.0,1
2024-01-10T18:00,12.4,85,10.9,0.00,0,0,9.8,126,8.0,0
2024-01-10T19:00,10.4,87,9.1,0.00,0,0,5.4,127,0.0,0
2024-01-10T20:00,11.1,76,9.9,0.00,0,0,3.3,131,0.0,0
2024-01-10T21:00,9.9,87,8.4,0.00,1,22,6.4,52,0.0,0
2024-01-10T22:00,9.4,86,7.7,0.00,0,15,6.5,56,0.0,0
2024-01-10T23:00,10.9,74,9.5,0.00,0,14,3.8,17,0.0,0
2024-01-11T00:00,8.2,88,6.5,0.00,1,29,5.2,344,0.0,0
2024-01-11T01:00,7.6,94,5.8,0.00,1,41,6.3,329,0.0,0
2024-01-11T02:00,8.2,96,7.0,0.00,2,75,4.3,336,0.0,0
2024-01-11T03:00,8.6,95,7.4,0.00,3,92,4.0,10,0.0,0
2024-01-11T04:00,8.5,92,7.1,0.00,3,95,4.9,36,0.0,0
2024-01-11T05:00,8.2,82,6.3,0.00,3,96,5.3,62,0.0,0
2024-01-11T06:00,8.5,80,6.7,0.00,3,100,4.4,81,0.0,0
2024-01-11T07:00,7.8,81,5.9,0.00,3,100,5.1,98,0.0,1
2024-01-11T08:00,9.7,73,7.8,0.00,3,100,4.8,103,48.0,1
2024-01-11T09:00,10.6,71,8.7,0.00,3,99,5.4,110,124.0,1
2024-01-11T10:00,11.6,66,9.9,0.00,3,99,3.6,90,268.0,1
2024-01-11T11:00,12.5,62,11.1,0.00,1,39,1.8,79,374.0,1
2024-01-11T12:00,13.6,56,12.2,0.00,0,8,2.7,113,579.0,1
2024-01-11T13:00,14.4,54,13.3,0.00,0,4,4.5,119,651.0,1
2024-01-11T14:00,15.1,51,13.4,0.00,0,7,5.2,115,605.0,1
2024-01-11T15:00,15.2,51,12.9,0.00,0,3,7.2,117,496.0,1
2024-01-11T16:00,14.4,55,11.8,0.00,0,0,9.7,121,333.0,1
2024-01-11T17:00,12.3,65,9.8,0.00,0,0,9.7,121,139.0,1
2024-01-11T18:00,9.9,77,7.9,0.00,0,0,6.2,126,9.0,0
2024-01-11T19:00,8.1,86,6.2,0.00,0,0,6.6,131,0.0,0
2024-01-11T20:00,8.6,80,6.7,0.00,0,0,5.4,132,0.0,0
2024-01-11T21:00,9.6,79,8.2,0.00,0,0,3.3,131,0.0,0
2024-01-11T22:00,9.2,84,8.1,0.00,0,1,2.2,171,0.0,0
2024-01-11T23:00,8.9,88,7.8,0.00,0,7,1.9,248,0.0,0
2024-01-12T00:00,8.4,92,7.2,0.00,0,12,3.9,304,0.0,0
2024-01-12T01:00,7.7,98,6.4,0.00,0,16,4.5,299,0.0,0
2024-01-12T02:00,6.9,100,5.5,0.00,3,98,4.5,284,0.0,0
2024-01-12T03:00,5.4,100,3.6,0.00,3,97,4.9,287,0.0,0
2024-01-12T04:00,4.8,100,2.6,0.00,3,96,6.0,295,0.0,0
2024-01-12T05:00,4.8,100,2.6,0.00,3,96,5.8,300,0.0,0
2024-01-12T06:00,4.8,100,2.7,0.00,3,96,5.5,302,0.0,0
2024-01-12T07:00,5.2,99,3.2,0.00,2,64,5.7,288,0.0,1
2024-01-12T08:00,7.6,88,6.1,0.00,1,40,3.1,291,64.0,1
2024-01-12T09:00,9.9,80,8.7,0.00,1,39,1.8,307,224.0,1
2024-01-12T10:00,12.1,71,10.9,0.00,1,23,2.2,9,397.0,1
2024-01-12T11:00,14.4,60,13.3,0.00,0,1,2.1,31,563.0,1
2024-01-12T12:00,16.4,49,15.8,0.00,0,0,2.2,90,664.0,1
2024-01-12T13:00,17.9,42,16.9,0.00,0,0,4.0,117,679.0,1
2024-01-12T14:00,18.6,39,16.9,0.00,0,0,5.7,125,624.0,1
2024-01-12T15:00,18.8,39,16.3,0.00,0,0,8.0,126,505.0,1
2024-01-12T16:00,17.9,44,15.4,0.00,0,0,9.3,126,334.0,1
2024-01-12T17:00,15.2,58,13.6,0.00,0,0,5.6,117,141.0,1
2024-01-12T18:00,11.2,74,9.1,0.00,0,0,8.7,132,10.0,0
2024-01-12T19:00,11.1,76,9.3,0.00,0,0,7.1,139,0.0,0
2024-01-12T20:00,12.1,74,11.0,0.00,0,0,3.0,104,0.0,0
2024-01-12T21:00,11.6,79,10.8,0.00,0,0,1.6,207,0.0,0
2024-01-12T22:00,10.8,84,10.0,0.00,0,0,2.2,270,0.0,0
2024-01-12T23:00,10.1,89,9.1,0.00,0,0,4.1,308,0.0,0
2024-01-13T00:00,9.6,93,8.6,0.00,0,0,4.0,297,0.0,0
2024-01-13T01:00,9.4,93,8.4,0.00,0,0,4.0,270,0.0,0
2024-01-13T02:00,9.1,93,8.1,0.00,0,0,3.6,264,0.0,0
2024-01-13T03:00,8.9,93,7.8,0.00,0,0,3.6,276,0.0,0
2024-01-13T04:00,8.7,92,7.4,0.00,0,0,4.7,274,0.0,0
2024-01-13T05:00,8.7,88,7.2,0.00,0,0,4.7,270,0.0,0
2024-01-13T06:00,8.7,85,7.0,0.00,0,0,5.0,270,0.0,0
2024-01-13T07:00,8.6,83,6.9,0.00,0,0,4.7,261,0.0,1
2024-01-13T08:00,9.1,81,7.6,0.00,0,0,3.3,257,80.0,1
2024-01-13T09:00,11.6,75,10.5,0.00,0,0,1.9,292,272.0,1
2024-01-13T10:00,14.6,60,13.5,0.00,0,0,2.5,278,459.0,1
2024-01-13T11:00,17.4,47,16.4,0.00,0,0,2.0,225,603.0,1
2024-01-13T12:00,19.1,40,18.4,0.00,0,0,3.2,153,687.0,1
2024-01-13T13:00,20.3,35,18.8,0.00,0,0,6.9,133,699.0,1
2024-01-13T14:00,20.8,27,17.9,0.00,0,0,10.0,120,643.0,1
2024-01-13T15:00,20.2,26,16.3,0.00,0,0,12.2,114,523.0,1
2024-01-13T16:00,18.7,31,15.2,0.00,0,0,11.1,119,349.0,1
2024-01-13T17:00,15.4,49,13.3,0.00,0,0,5.6,140,150.0,1
2024-01-13T18:00,12.3,58,9.8,0.00,0,0,7.9,150,11.0,0
2024-01-13T19:00,13.4,56,11.5,0.00,0,0,4.3,132,0.0,0
2024-01-13T20:00,11.5,69,10.3,0.00,0,0,1.1,72,0.0,0
2024-01-13T21:00,10.9,76,9.8,0.00,0,0,2.0,315,0.0,0
2024-01-13T22:00,8.9,87,7.2,0.00,0,2,5.9,308,0.0,0
2024-01-13T23:00,7.6,92,5.7,0.00,0,17,6.9,313,0.0,0
2024-01-14T00:00,6.8,94,4.7,0.00,1,20,7.9,313,0.0,0
2024-01-14T01:00,8.0,91,6.3,0.00,2,76,5.9,308,0.0,0
2024-01-14T02:00,8.9,83,7.1,0.00,1,39,5.1,309,0.0,0
2024-01-14T03:00,7.9,85,5.9,0.00,1,25,6.1,315,0.0,0
2024-01-14T04:00,7.1,88,4.7,0.00,0,15,8.1,315,0.0,0
2024-01-14T05:00,6.6,90,4.1,0.00,0,7,9.2,318,0.0,0
2024-01-14T06:00,6.5,92,4.0,0.00,0,4,9.4,313,0.0,0
2024-01-14T07:00,6.5,94,4.1,0.00,0,2,9.3,306,0.0,1
2024-01-14T08:00,10.2,87,8.7,0.00,0,2,7.1,300,72.0,1
2024-01-14T09:00,13.0,70,11.6,0.00,0,0,5.5,293,254.0,1
2024-01-14T10:00,16.8,55,15.3,0.00,0,0,5.6,297,435.0,1
2024-01-14T11:00,19.3,51,18.4,0.00,0,0,5.4,307,575.0,1
2024-01-14T12:00,20.8,50,21.2,0.00,0,0,2.0,315,657.0,1
2024-01-14T13:00,21.6,49,22.4,0.00,0,0,0.7,180,670.0,1
2024-01-14T14:00,22.0,48,22.2,0.00,0,0,2.2,171,613.0,1
2024-01-14T15:00,22.0,48,21.8,0.00,0,1,2.9,150,494.0,1
2024-01-14T16:00,21.6,49,21.1,0.00,0,5,4.7,148,322.0,1
2024-01-14T17:00,19.2,61,18.9,0.00,0,0,5.6,140,138.0,1
2024-01-14T18:00,15.8,72,14.9,0.00,0,0,7.7,127,11.0,0
2024-01-14T19:00,15.9,71,15.1,0.00,0,0,6.6,151,0.0,0
2024-01-14T20:00,15.8,71,15.5,0.00,0,0,3.5,204,0.0,0
2024-01-14T21:00,15.4,74,15.1,0.00,0,0,3.2,270,0.0,0
2024-01-14T22:00,14.4,78,14.1,0.00,0,0,3.4,302,0.0,0
2024-01-14T23:00,12.8,85,12.1,0.00,0,0,5.2,304,0.0,0
2024-01-15T00:00,10.4,93,8.9,0.00,0,0,8.4,301,0.0,0
2024-01-15T01:00,10.5,92,9.1,0.00,0,0,8.0,288,0.0,0
2024-01-15T02:00,10.6,91,9.2,0.00,0,0,7.8,292,0.0,0
2024-01-15T03:00,9.1,94,7.4,0.00,0,0,8.7,294,0.0,0
2024-01-15T04:00,8.7,94,6.8,0.00,0,0,8.8,289,0.0,0
2024-01-15T05:00,7.8,95,5.8,0.00,0,0,8.8,282,0.0,0
2024-01-15T06:00,8.8,92,7.1,0.00,0,0,7.3,290,0.0,0
2024-01-15T07:00,10.1,91,9.4,0.00,0,0,2.6,236,0.0,1
2024-01-15T08:00,11.0,88,10.2,0.00,0,0,4.0,243,73.0,1
2024-01-15T09:00,14.4,75,13.8,0.00,0,0,3.4,198,252.0,1
2024-01-15T10:00,16.4,62,15.3,0.00,0,1,5.5,113,434.0,1
2024-01-15T11:00,17.3,59,16.0,0.00,0,1,8.5,102,570.0,1
2024-01-15T12:00,17.7,58,16.3,0.00,0,4,12.0,111,652.0,1
2024-01-15T13:00,17.3,59,15.7,0.00,0,3,13.8,110,670.0,1
2024-01-15T14:00,16.5,61,14.4,0.00,0,15,13.8,110,592.0,1
2024-01-15T15:00,15.2,65,12.7,0.00,1,42,15.0,111,456.0,1
2024-01-15T16:00,13.9,69,11.7,0.00,3,100,12.0,99,255.0,1
2024-01-15T17:00,12.6,73,10.5,0.00,3,97,10.4,90,78.0,1
2024-01-15T18:00,11.9,76,9.9,0.00,3,99,9.3,77,5.0,0
2024-01-15T19:00,11.6,76,9.6,0.00,3,99,9.2,64,0.0,0
2024-01-15T20:00,11.3,77,9.4,0.00,3,100,8.5,62,0.0,0
2024-01-15T21:00,11.1,78,9.1,0.00,3,100,9.1,72,0.0,0
2024-01-15T22:00,10.6,79,8.7,0.00,3,100,8.1,69,0.0,0
2024-01-15T23:00,10.5,78,8.7,0.00,3,100,7.1,60,0.0,0
2024-01-16T00:00,10.4,78,8.7,0.00,3,100,6.0,65,0.0,0
2024-01-16T01:00,10.3,78,8.6,0.00,3,100,5.5,67,0.0,0
2024-01-16T02:00,10.1,77,8.4,0.00,3,100,5.4,70,0.0,0
2024-01-16T03:00,9.9,77,8.1,0.00,3,100,6.0,73,0.0,0
2024-01-16T04:00,9.6,77,7.6,0.00,3,100,6.2,80,0.0,0
2024-01-16T05:00,9.4,76,7.2,0.00,3,94,7.0,78,0.0,0
2024-01-16T06:00,9.1,74,6.9,0.00,3,97,6.0,73,0.0,0
2024-01-16T07:00,8.8,72,6.5,0.00,3,98,6.0,73,0.0,1
2024-01-16T08:00,8.9,70,6.6,0.00,2,75,5.6,75,43.0,1
2024-01-16T09:00,10.4,66,8.2,0.00,1,21,5.7,55,174.0,1
2024-01-16T10:00,11.9,58,9.7,0.00,1,34,5.6,40,348.0,1
2024-01-16T11:00,13.2,53,11.0,0.00,1,30,5.1,45,452.0,1
2024-01-16T12:00,14.6,49,12.5,0.00,0,16,5.8,68,564.0,1
2024-01-16T13:00,15.8,47,14.1,0.00,0,4,6.7,74,651.0,1
2024-01-16T14:00,16.5,46,14.5,0.00,0,1,8.0,80,618.0,1
2024-01-16T15:00,16.6,47,13.9,0.00,0,1,10.5,82,505.0,1
2024-01-16T16:00,15.6,51,12.7,0.00,0,2,12.3,83,336.0,1
2024-01-16T17:00,14.1,58,11.5,0.00,0,2,10.5,86,145.0,1
2024-01-16T18:00,11.5,72,9.8,0.00,0,6,5.8,86,12.0,0
2024-01-16T19:00,12.6,66,11.2,0.00,0,6,3.6,37,0.0,0
2024-01-16T20:00,12.1,71,10.9,0.00,0,6,3.1,324,0.0,0
2024-01-16T21:00,11.2,78,10.3,0.00,0,6,2.4,333,0.0,0
2024-01-16T22:00,8.9,88,7.3,0.00,0,1,5.6,320,0.0,0
2024-01-16T23:00,7.9,92,6.2,0.00,0,2,6.6,319,0.0,0
2024-01-17T00:00,7.6,94,5.8,0.00,2,50,6.2,324,0.0,0
2024-01-17T01:00,8.5,92,7.0,0.00,3,90,5.7,325,0.0,0
2024-01-17T02:00,8.5,90,7.1,0.00,3,100,4.3,312,0.0,0
2024-01-17T03:00,8.3,91,6.7,0.00,0,11,5.4,323,0.0,0
2024-01-17T04:00,6.9,94,4.8,0.00,0,2,7.5,305,0.0,0
2024-01-17T05:00,6.7,95,4.6,0.00,0,1,7.5,305,0.0,0
2024-01-17T06:00,6.2,96,4.0,0.00,0,2,7.6,301,0.0,0
2024-01-17T07:00,6.1,97,3.8,0.00,0,2,7.7,298,0.0,1
2024-01-17T08:00,9.6,88,8.1,0.00,0,2,5.5,293,73.0,1
2024-01-17T09:00,12.6,73,11.4,0.00,2,60,4.8,297,238.0,1
2024-01-17T10:00,15.6,63,14.6,0.00,1,22,4.8,297,405.0,1
2024-01-17T11:00,17.9,59,17.4,0.00,0,13,3.3,283,550.0,1
2024-01-17T12:00,19.7,56,20.1,0.00,0,3,1.3,146,612.0,1
2024-01-17T13:00,20.8,53,21.0,0.00,0,2,3.9,146,637.0,1
2024-01-17T14:00,21.5,52,21.4,0.00,0,3,5.2,155,603.0,1
2024-01-17T15:00,21.6,52,21.2,0.00,0,8,6.0,155,488.0,1
2024-01-17T16:00,21.4,54,20.7,0.00,0,2,8.4,133,313.0,1
2024-01-17T17:00,19.7,62,19.4,0.00,0,0,6.7,126,143.0,1
2024-01-17T18:00,15.8,78,15.3,0.00,0,0,8.1,148,13.0,0
2024-01-17T19:00,14.7,83,14.1,0.00,0,0,7.8,146,0.0,0
2024-01-17T20:00,15.9,76,15.9,0.00,0,0,3.8,139,0.0,0
2024-01-17T21:00,15.4,80,15.8,0.00,0,4,0.8,27,0.0,0
2024-01-17T22:00,14.6,84,14.6,0.00,0,1,4.4,279,0.0,0
2024-01-17T23:00,14.0,86,13.8,0.00,0,0,5.0,291,0.0,0
2024-01-18T00:00,13.4,88,13.2,0.00,0,0,5.2,295,0.0,0
2024-01-18T01:00,13.0,90,12.7,0.00,0,0,5.0,300,0.0,0
2024-01-18T02:00,11.8,92,11.1,0.00,0,0,6.4,297,0.0,0
2024-01-18T03:00,12.4,91,11.8,0.00,0,0,5.9,284,0.0,0
2024-01-18T04:00,11.9,93,11.3,0.00,0,0,6.1,267,0.0,0
2024-01-18T05:00,11.5,94,10.8,0.00,0,0,5.8,274,0.0,0
2024-01-18T06:00,11.6,93,10.9,0.00,0,0,5.8,270,0.0,0
2024-01-18T07:00,11.4,93,10.7,0.00,0,1,5.1,266,0.0,1
2024-01-18T08:00,12.6,88,12.2,0.00,0,1,4.4,261,73.0,1
2024-01-18T09:00,15.8,76,15.9,0.00,0,10,2.6,304,232.0,1
2024-01-18T10:00,18.5,67,18.9,0.00,0,12,1.8,323,404.0,1
2024-01-18T11:00,20.7,61,21.5,0.00,0,6,0.7,360,554.0,1
2024-01-18T12:00,22.5,54,23.9,0.00,0,11,1.6,63,650.0,1
2024-01-18T13:00,23.8,50,25.1,0.00,1,34,2.3,108,668.0,1
2024-01-18T14:00,24.0,50,24.6,0.00,1,26,2.3,51,560.0,1
2024-01-18T15:00,24.2,49,24.6,0.00,1,21,3.6,6,431.0,1
2024-01-18T16:00,23.9,49,24.3,0.00,1,25,2.5,98,258.0,1
2024-01-18T17:00,21.8,59,21.9,0.00,1,21,6.2,126,126.0,1
2024-01-18T18:00,18.8,70,18.7,0.00,1,20,6.9,118,12.0,0
2024-01-18T19:00,16.8,80,17.1,0.00,1,29,4.7,113,0.0,0
2024-01-18T20:00,15.2,88,15.5,0.00,1,43,4.8,138,0.0,0
2024-01-18T21:00,15.0,93,15.4,0.00,0,1,5.4,127,0.0,0
2024-01-18T22:00,14.9,92,15.2,0.00,0,5,5.1,141,0.0,0
2024-01-18T23:00,14.4,95,15.1,0.00,1,36,2.9,180,0.0,0
2024-01-19T00:00,14.4,95,15.1,0.00,3,100,3.2,207,0.0,0
2024-01-19T01:00,14.3,95,15.0,0.00,3,100,3.1,216,0.0,0
2024-01-19T02:00,14.4,95,15.4,0.00,3,100,1.8,270,0.0,0
2024-01-19T03:00,14.8,93,15.9,0.00,3,100,0.4,90,0.0,0
2024-01-19T04:00,14.6,96,15.5,0.00,3,100,2.2,81,0.0,0
2024-01-19T05:00,14.4,96,15.2,0.00,3,100,2.7,113,0.0,0
2024-01-19T06:00,14.5,93,15.2,0.00,3,100,3.0,104,0.0,0
2024-01-19T07:00,14.4,93,14.9,0.00,3,100,3.2,90,0.0,1
2024-01-19T08:00,14.8,88,15.1,0.00,3,100,4.0,95,26.0,1
2024-01-19T09:00,15.9,83,16.0,0.00,3,100,5.9,101,93.0,1
2024-01-19T10:00,16.3,79,16.3,0.00,3,100,5.8,112,156.0,1
2024-01-19T11:00,17.0,75,17.1,0.00,3,100,4.8,103,250.0,1
2024-01-19T12:00,18.0,70,18.1,0.00,3,100,5.1,82,361.0,1
2024-01-19T13:00,20.0,61,19.8,0.00,1,33,6.9,118,575.0,1
2024-01-19T14:00,20.1,60,19.3,0.00,1,22,10.2,132,557.0,1
2024-01-19T15:00,19.6,61,18.4,0.00,0,13,12.4,126,471.0,1
2024-01-19T16:00,18.5,65,17.4,0.00,1,24,10.6,118,318.0,1
2024-01-19T17:00,17.1,69,16.1,0.00,3,100,9.5,127,137.0,1
2024-01-19T18:00,15.9,75,15.3,0.00,3,100,7.1,135,10.0,0
2024-01-19T19:00,15.2,79,14.9,0.00,0,10,5.9,128,0.0,0
2024-01-19T20:00,14.9,81,15.3,0.00,0,12,1.0,225,0.0,0
2024-01-19T21:00,15.4,87,16.3,0.00,3,100,1.1,198,0.0,0
2024-01-19T22:00,15.3,91,16.3,0.00,3,100,1.9,158,0.0,0
2024-01-19T23:00,15.2,90,16.1,0.00,3,100,1.8,143,0.0,0
2024-01-20T00:00,15.2,90,16.2,0.00,3,100,1.1,108,0.0,0
2024-01-20T01:00,15.2,90,16.2,0.00,3,100,1.5,166,0.0,0
2024-01-20T02:00,14.9,93,15.8,0.00,3,100,2.5,188,0.0,0
2024-01-20T03:00,15.1,90,16.0,0.00,3,100,1.6,207,0.0,0
2024-01-20T04:00,14.9,92,15.9,0.00,3,100,1.5,225,0.0,0
2024-01-20T05:00,14.8,93,15.7,0.00,3,100,2.1,239,0.0,0
2024-01-20T06:00,14.8,93,15.6,0.10,51,100,2.5,225,0.0,0
2024-01-20T07:00,14.8,93,15.6,0.10,51,100,2.3,231,0.0,1
2024-01-20T08:00,15.5,87,16.2,0.00,3,98,2.4,207,24.0,1
2024-01-20T09:00,16.6,88,17.8,0.10,51,100,2.5,262,122.0,1
2024-01-20T10:00,17.5,83,19.0,0.00,3,100,0.4,90,191.0,1
2024-01-20T11:00,18.7,77,20.0,0.00,3,100,1.5,315,254.0,1
2024-01-20T12:00,19.1,75,20.4,0.00,3,100,1.5,284,200.0,1
2024-01-20T13:00,19.5,73,20.6,0.10,51,78,3.6,174,274.0,1
2024-01-20T14:00,20.5,68,21.5,0.00,1,42,3.3,186,396.0,1
2024-01-20T15:00,20.0,71,20.5,0.00,0,19,6.6,131,335.0,1
2024-01-20T16:00,18.0,77,17.9,0.00,1,36,9.7,112,263.0,1
2024-01-20T17:00,15.9,82,15.1,0.00,1,48,12.1,113,114.0,1
2024-01-20T18:00,14.2,87,13.5,0.00,2,53,9.5,119,10.0,0
2024-01-20T19:00,13.6,88,13.3,0.00,2,71,5.6,117,0.0,0
2024-01-20T20:00,13.8,85,13.4,0.00,3,100,5.4,127,0.0,0
2024-01-20T21:00,15.0,85,14.8,0.10,51,100,6.8,122,0.0,0
2024-01-20T22:00,14.6,83,14.1,0.00,3,100,6.8,122,0.0,0
2024-01-20T23:00,13.9,80,13.0,0.00,3,100,7.7,118,0.0,0
2024-01-21T00:00,13.4,80,12.4,0.00,3,100,6.6,131,0.0,0
2024-01-21T01:00,12.9,80,11.9,0.00,3,100,6.4,137,0.0,0
2024-01-21T02:00,12.6,81,11.6,0.00,3,100,6.1,135,0.0,0
2024-01-21T03:00,12.4,82,11.4,0.00,3,100,6.1,130,0.0,0
2024-01-21T04:00,12.3,82,11.2,0.00,3,100,6.3,121,0.0,0
2024-01-21T05:00,12.1,82,10.9,0.10,51,100,6.6,112,0.0,0
2024-01-21T06:00,12.0,82,10.7,0.10,51,100,6.8,108,0.0,0
2024-01-21T07:00,11.8,82,10.4,0.10,51,100,7.3,110,0.0,1
2024-01-21T08:00,11.7,80,10.2,0.10,51,100,7.2,108,17.0,1
2024-01-21T09:00,12.6,80,11.2,0.10,51,100,7.9,93,54.0,1
2024-01-21T10:00,12.5,78,11.1,0.10,51,100,7.1,105,79.0,1
2024-01-21T11:00,12.8,75,11.4,0.00,3,100,7.0,111,131.0,1
2024-01-21T12:00,13.1,71,11.7,0.00,3,100,6.6,112,159.0,1
2024-01-21T13:00,13.6,68,12.0,0.00,3,100,7.2,117,188.0,1
2024-01-21T14:00,13.7,67,11.9,0.00,3,100,8.1,111,155.0,1
2024-01-21T15:00,13.9,65,12.1,0.00,3,100,8.2,105,171.0,1
2024-01-21T16:00,13.6,66,11.5,0.00,3,100,9.3,106,112.0,1
2024-01-21T17:00,12.9,69,10.9,0.00,3,100,9.5,99,51.0,1
2024-01-21T18:00,12.3,71,10.2,0.00,3,100,9.4,90,5.0,0
2024-01-21T19:00,12.1,71,10.2,0.00,3,100,7.2,84,0.0,0
2024-01-21T20:00,11.9,71,9.9,0.00,3,100,8.1,69,0.0,0
2024-01-21T21:00,11.5,73,9.4,0.00,3,100,8.7,73,0.0,0
2024-01-21T22:00,11.4,72,9.2,0.00,3,100,9.2,69,0.0,0
2024-01-21T23:00,11.2,71,8.7,0.00,3,100,10.7,70,0.0,0
2024-01-22T00:00,10.7,70,7.6,0.00,3,100,13.4,84,0.0,0
2024-01-22T01:00,10.1,70,7.0,0.00,3,100,13.0,85,0.0,0
2024-01-22T02:00,9.9,70,7.1,0.00,3,100,10.6,80,0.0,0
2024-01-22T03:00,9.6,68,6.7,0.00,3,100,10.4,76,0.0,0
2024-01-22T04:00,9.4,66,6.3,0.00,3,100,10.1,73,0.0,0
2024-01-22T05:00,9.1,64,5.9,0.00,3,100,10.0,69,0.0,0
2024-01-22T06:00,8.9,61,5.7,0.00,3,100,9.0,67,0.0,0
2024-01-22T07:00,8.9,60,6.0,0.00,3,100,6.5,71,0.0,1
2024-01-22T08:00,8.9,60,6.1,0.00,3,100,6.0,73,12.0,1
2024-01-22T09:00,9.2,64,6.4,0.30,51,100,7.9,87,21.0,1
2024-01-22T10:00,8.9,69,6.2,0.40,51,100,8.4,83,38.0,1
2024-01-22T11:00,9.1,69,6.4,0.20,51,100,8.2,67,83.0,1
2024-01-22T12:00,8.9,72,6.0,0.30,51,100,10.1,63,86.0,1
2024-01-22T13:00,8.8,72,5.9,0.20,51,100,10.5,59,159.0,1
2024-01-22T14:00,8.2,73,5.3,0.20,51,100,9.6,56,85.0,1
2024-01-22T15:00,8.1,73,5.2,0.20,51,100,9.0,53,77.0,1
2024-01-22T16:00,7.6,74,4.8,0.30,51,100,8.7,60,33.0,1
2024-01-22T17:00,7.2,78,4.5,0.40,51,100,7.4,51,16.0,1
2024-01-22T18:00,6.4,86,4.0,0.20,51,100,7.7,49,2.0,0
2024-01-22T19:00,5.8,87,3.1,0.50,53,100,7.9,39,0.0,0
2024-01-22T20:00,5.2,88,2.5,0.30,51,100,7.7,49,0.0,0
2024-01-22T21:00,4.8,89,2.4,0.70,53,100,5.9,38,0.0,0
2024-01-22T22:00,4.3,89,1.7,0.70,53,100,6.6,29,0.0,0
2024-01-22T23:00,3.8,89,1.1,0.70,53,100,6.3,31,0.0,0
2024-01-23T00:00,3.0,91,0.2,1.00,55,100,5.9,52,0.0,0
2024-01-23T01:00,3.0,89,0.4,0.70,53,100,4.9,36,0.0,0
2024-01-23T02:00,2.8,92,0.3,0.70,53,100,4.5,61,0.0,0
2024-01-23T03:00,2.7,94,0.1,0.80,53,100,5.6,45,0.0,0
2024-01-23T04:00,2.7,93,-0.1,0.50,53,100,6.5,56,0.0,0
2024-01-23T05:00,3.0,90,0.3,0.20,51,100,5.6,45,0.0,0
2024-01-23T06:00,3.0,89,0.3,0.10,51,100,5.6,63,0.0,0
2024-01-23T07:00,3.1,82,0.1,0.10,51,98,6.1,62,0.0,1
2024-01-23T08:00,3.4,79,0.4,0.00,3,98,6.4,47,37.0,1
2024-01-23T09:00,4.3,78,1.6,0.00,3,100,5.2,34,104.0,1
2024-01-23T10:00,5.3,73,2.3,0.00,3,100,6.8,18,186.0,1
2024-01-23T11:00,5.9,71,2.7,0.40,51,100,8.4,340,197.0,1
2024-01-23T12:00,6.6,69,3.3,0.20,51,100,9.0,331,222.0,1
2024-01-23T13:00,7.7,62,4.6,0.30,51,100,7.3,349,321.0,1
2024-01-23T14:00,8.3,56,5.8,0.10,51,100,2.6,56,241.0,1
2024-01-23T15:00,9.9,48,6.8,0.00,3,100,6.8,122,306.0,1
2024-01-23T16:00,7.6,51,2.3,0.00,3,89,19.8,115,217.0,1
2024-01-23T17:00,5.8,53,1.3,0.00,1,31,13.0,104,136.0,1
2024-01-23T18:00,4.2,62,0.9,0.00,0,16,5.4,90,17.0,0
2024-01-23T19:00,3.1,66,-0.4,0.00,0,10,6.9,62,0.0,0
2024-01-23T20:00,3.2,64,-0.3,0.00,0,9,6.3,31,0.0,0
2024-01-23T21:00,5.4,61,2.1,0.00,3,100,6.6,29,0.0,0
2024-01-23T22:00,5.2,61,2.0,0.00,3,100,6.0,25,0.0,0
2024-01-23T23:00,4.8,64,1.8,0.00,3,100,5.1,8,0.0,0
2024-01-24T00:00,4.2,68,1.2,0.00,2,69,4.5,346,0.0,0
2024-01-24T01:00,2.0,79,-1.2,0.00,0,10,6.2,339,0.0,0
2024-01-24T02:00,1.1,84,-2.2,0.00,0,7,6.4,333,0.0,0
2024-01-24T03:00,0.6,86,-2.8,0.00,0,8,6.7,324,0.0,0
2024-01-24T04:00,0.2,88,-3.2,0.00,0,5,6.9,321,0.0,0
2024-01-24T05:00,-0.3,89,-3.8,0.00,0,3,7.1,319,0.0,0
2024-01-24T06:00,-0.7,91,-4.2,0.00,0,0,7.4,313,0.0,0
2024-01-24T07:00,-1.0,92,-4.6,0.00,0,0,7.5,305,0.0,1
2024-01-24T08:00,2.2,77,-1.0,0.00,0,0,6.5,304,82.0,1
2024-01-24T09:00,3.9,63,0.7,0.00,0,0,4.8,312,274.0,1
2024-01-24T10:00,6.0,53,3.0,0.00,0,0,3.3,347,470.0,1
2024-01-24T11:00,7.7,44,5.0,0.00,0,0,3.9,68,621.0,1
2024-01-24T12:00,9.1,36,6.3,0.00,0,0,6.5,90,708.0,1
2024-01-24T13:00,10.1,33,7.3,0.00,0,0,6.7,106,723.0,1
2024-01-24T14:00,10.4,34,6.9,0.00,0,2,9.7,117,664.0,1
2024-01-24T15:00,9.9,38,5.4,0.00,2,53,13.0,114,541.0,1
2024-01-24T16:00,8.6,45,4.1,0.00,3,100,13.4,117,309.0,1
2024-01-24T17:00,7.3,49,3.0,0.00,3,100,12.4,112,77.0,1
2024-01-24T18:00,6.8,51,3.0,0.00,1,48,9.1,108,7.0,0
2024-01-24T19:00,5.8,58,2.8,0.00,0,16,4.4,99,0.0,0
2024-01-24T20:00,4.3,68,1.2,0.00,1,26,5.8,68,0.0,0
2024-01-24T21:00,4.3,72,1.4,0.00,1,38,5.2,56,0.0,0
2024-01-24T22:00,4.6,70,1.7,0.00,1,38,4.2,31,0.0,0
2024-01-24T23:00,4.2,72,1.3,0.00,0,16,4.8,27,0.0,0
2024-01-25T00:00,5.6,66,3.0,0.00,0,4,2.7,23,0.0,0
2024-01-25T01:00,5.2,74,2.7,0.00,0,1,3.3,13,0.0,0
2024-01-25T02:00,4.8,82,2.5,0.00,1,25,3.3,347,0.0,0
2024-01-25T03:00,2.6,95,0.0,0.00,3,100,5.2,335,0.0,0
2024-01-25T04:00,4.2,91,2.0,0.00,3,100,3.4,302,0.0,0
2024-01-25T05:00,4.6,85,2.4,0.00,3,100,3.1,315,0.0,0
2024-01-25T06:00,4.9,80,2.5,0.00,3,100,3.7,331,0.0,0
2024-01-25T07:00,5.2,77,2.8,0.00,3,100,3.4,342,0.0,1
2024-01-25T08:00,6.3,66,3.8,0.00,3,96,3.1,21,14.0,1
2024-01-25T09:00,7.8,57,4.7,0.00,2,59,6.1,40,257.0,1
2024-01-25T10:00,8.9,52,6.0,0.00,3,95,4.7,58,403.0,1
2024-01-25T11:00,9.5,50,6.7,0.00,3,100,4.0,63,356.0,1
2024-01-25T12:00,9.6,49,6.8,0.00,1,23,4.3,85,224.0,1
2024-01-25T13:00,11.2,46,8.8,0.00,0,6,5.1,94,620.0,1
2024-01-25T14:00,11.9,44,9.4,0.00,0,8,6.3,114,626.0,1
2024-01-25T15:00,12.1,44,8.9,0.00,0,7,7.6,121,520.0,1
2024-01-25T16:00,11.4,46,7.7,0.00,0,3,11.3,117,350.0,1
2024-01-25T17:00,9.6,53,5.7,0.00,0,0,13.0,109,164.0,1
2024-01-25T18:00,7.6,64,4.9,0.00,0,1,5.4,98,20.0,0
2024-01-25T19:00,6.9,67,4.3,0.00,0,0,5.2,102,0.0,0
2024-01-25T20:00,7.1,66,4.5,0.00,0,2,4.3,85,0.0,0
2024-01-25T21:00,7.1,68,4.7,0.00,1,27,3.1,45,0.0,0
2024-01-25T22:00,6.7,73,4.5,0.00,0,9,2.7,67,0.0,0
2024-01-25T23:00,6.3,78,4.3,0.00,0,6,2.9,60,0.0,0
2024-01-26T00:00,5.9,85,4.0,0.00,0,2,2.6,34,0.0,0
2024-01-26T01:00,5.6,92,3.7,0.00,0,11,3.8,343,0.0,0
2024-01-26T02:00,5.2,97,3.5,0.00,0,6,2.5,352,0.0,0
2024-01-26T03:00,4.8,100,3.4,0.00,1,26,1.6,333,0.0,0
2024-01-26T04:00,4.6,100,2.9,0.00,2,77,2.8,310,0.0,0
2024-01-26T05:00,4.4,100,2.6,0.00,3,99,3.6,315,0.0,0
2024-01-26T06:00,2.3,100,-0.2,0.00,3,98,5.4,318,0.0,0
2024-01-26T07:00,2.2,100,-0.5,0.00,3,98,6.1,315,0.0,1
2024-01-26T08:00,5.2,93,3.2,0.00,1,39,4.4,305,73.0,1
2024-01-26T09:00,7.4,76,5.8,0.00,1,32,0.8,27,231.0,1
2024-01-26T10:00,9.1,59,7.0,0.00,0,4,2.2,90,427.0,1
2024-01-26T11:00,10.6,52,8.4,0.00,0,4,3.1,111,576.0,1
2024-01-26T12:00,11.9,48,10.0,0.00,0,2,4.7,122,669.0,1
2024-01-26T13:00,12.9,45,10.6,0.00,0,4,8.0,126,698.0,1
2024-01-26T14:00,13.2,44,10.5,0.00,0,6,9.1,124,635.0,1
2024-01-26T15:00,12.9,45,9.3,0.00,0,10,10.8,116,508.0,1
2024-01-26T16:00,11.8,48,7.9,0.00,0,5,12.9,108,344.0,1
2024-01-26T17:00,10.4,51,6.8,0.00,0,7,11.1,103,164.0,1
2024-01-26T18:00,8.9,59,6.1,0.00,0,7,5.5,113,19.0,0
2024-01-26T19:00,7.3,70,4.7,0.00,0,7,5.6,117,0.0,0
2024-01-26T20:00,8.7,58,6.3,0.00,0,9,2.7,67,0.0,0
2024-01-26T21:00,6.8,73,4.5,0.00,0,19,4.0,85,0.0,0
2024-01-26T22:00,7.8,64,5.4,0.00,0,10,2.9,60,0.0,0
2024-01-26T23:00,6.3,75,4.0,0.00,0,19,3.9,34,0.0,0
2024-01-27T00:00,7.3,71,5.3,0.00,1,48,2.2,9,0.0,0
2024-01-27T01:00,7.4,73,5.6,0.00,1,36,1.5,45,0.0,0
2024-01-27T02:00,7.4,72,5.4,0.00,2,57,2.5,360,0.0,0
2024-01-27T03:00,7.3,73,5.4,0.00,3,100,2.4,27,0.0,0
2024-01-27T04:00,6.8,82,4.9,0.00,3,100,2.9,330,0.0,0
2024-01-27T05:00,7.2,83,5.5,0.00,3,100,2.5,360,0.0,0
2024-01-27T06:00,7.3,78,5.6,0.00,3,100,2.2,360,0.0,0
2024-01-27T07:00,7.4,82,5.8,0.00,3,100,2.3,72,0.0,1
2024-01-27T08:00,8.2,70,6.2,0.00,3,100,2.5,45,26.0,1
2024-01-27T09:00,9.0,62,6.7,0.00,3,100,3.8,41,118.0,1
2024-01-27T10:00,9.4,57,7.0,0.00,3,100,3.2,90,128.0,1
2024-01-27T11:00,10.1,54,7.6,0.00,3,100,3.6,90,201.0,1
2024-01-27T12:00,10.2,54,7.5,0.00,3,100,5.8,90,165.0,1
2024-01-27T13:00,10.9,54,8.2,0.00,3,100,5.9,101,291.0,1
2024-01-27T14:00,11.4,54,8.8,0.00,3,98,6.2,97,342.0,1
2024-01-27T15:00,11.9,54,9.3,0.00,1,34,7.0,102,400.0,1
2024-01-27T16:00,11.9,56,9.3,0.00,2,67,6.5,93,314.0,1
2024-01-27T17:00,11.1,60,8.5,0.00,1,32,7.9,114,131.0,1
2024-01-27T18:00,8.6,76,6.4,0.00,1,35,6.2,100,21.0,0
2024-01-27T19:00,8.3,76,6.2,0.00,1,25,5.1,86,0.0,0
2024-01-27T20:00,9.1,71,7.2,0.00,2,59,3.2,63,0.0,0
2024-01-27T21:00,8.2,77,6.5,0.00,1,45,2.3,72,0.0,0
2024-01-27T22:00,7.8,79,6.1,0.00,1,47,2.7,67,0.0,0
2024-01-27T23:00,7.8,78,6.3,0.00,2,55,1.6,63,0.0,0
2024-01-28T00:00,7.8,80,6.2,0.00,3,100,2.3,18,0.0,0
2024-01-28T01:00,6.9,89,5.3,0.00,3,100,3.3,347,0.0,0
2024-01-28T02:00,7.2,86,5.5,0.00,3,99,3.1,339,0.0,0
2024-01-28T03:00,7.7,84,6.2,0.00,3,82,2.3,342,0.0,0
2024-01-28T04:00,7.0,90,5.4,0.00,3,100,3.2,360,0.0,0
2024-01-28T05:00,7.1,91,5.7,0.00,3,100,2.1,31,0.0,0
2024-01-28T06:00,7.2,91,5.9,0.00,3,85,2.1,59,0.0,0
2024-01-28T07:00,7.6,89,6.4,0.00,1,42,1.1,90,0.0,1
2024-01-28T08:00,8.1,88,6.9,0.00,3,93,1.6,117,53.0,1
2024-01-28T09:00,9.5,71,7.8,0.00,3,99,2.7,113,138.0,1
2024-01-28T10:00,10.4,65,8.4,0.00,3,100,4.0,85,229.0,1
2024-01-28T11:00,11.1,60,8.7,0.00,2,61,6.5,93,227.0,1
2024-01-28T12:00,13.0,51,10.6,0.00,3,88,8.6,92,628.0,1
2024-01-28T13:00,13.7,47,10.8,0.00,1,40,11.0,101,624.0,1
2024-01-28T14:00,14.1,44,11.0,0.00,1,36,11.4,101,589.0,1
2024-01-28T15:00,13.8,45,10.2,0.00,3,97,12.8,100,526.0,1
2024-01-28T16:00,11.9,50,8.3,0.00,3,98,13.0,109,153.0,1
2024-01-28T17:00,10.6,55,7.0,0.00,2,65,12.1,107,50.0,1
2024-01-28T18:00,9.4,56,6.5,0.00,3,88,6.2,97,17.0,0
2024-01-28T19:00,8.1,65,5.5,0.00,3,100,5.6,75,0.0,0
2024-01-28T20:00,8.6,63,6.3,0.00,3,100,3.7,29,0.0,0
2024-01-28T21:00,9.2,69,7.5,0.00,3,100,1.9,22,0.0,0
2024-01-28T22:00,9.2,53,6.7,0.00,3,100,2.9,360,0.0,0
2024-01-28T23:00,9.3,52,6.5,0.00,3,93,4.7,351,0.0,0
2024-01-29T00:00,8.9,56,6.3,0.00,1,31,4.0,350,0.0,0
2024-01-29T01:00,6.6,69,3.8,0.00,1,35,6.3,347,0.0,0
2024-01-29T02:00,6.6,69,3.8,0.00,0,12,6.0,335,0.0,0
2024-01-29T03:00,5.9,76,3.2,0.00,0,14,6.4,333,0.0,0
2024-01-29T04:00,5.4,82,2.7,0.00,0,19,6.8,335,0.0,0
2024-01-29T05:00,5.5,82,3.0,0.00,1,27,6.0,335,0.0,0
2024-01-29T06:00,4.9,84,2.1,0.00,3,85,7.3,340,0.0,0
2024-01-29T07:00,5.7,79,3.1,0.00,3,92,5.6,333,1.0,1
2024-01-29T08:00,7.8,71,5.6,0.00,2,71,4.6,315,74.0,1
2024-01-29T09:00,10.4,56,8.2,0.00,3,100,2.7,337,187.0,1
2024-01-29T10:00,11.9,55,9.6,0.00,3,96,4.8,333,230.0,1
2024-01-29T11:00,13.6,56,11.6,0.00,3,100,5.1,352,401.0,1
2024-01-29T12:00,14.8,56,13.1,0.00,3,100,4.3,42,476.0,1
2024-01-29T13:00,15.6,55,14.1,0.00,3,100,4.7,90,481.0,1
2024-01-29T14:00,16.5,54,15.4,0.00,3,97,3.3,77,456.0,1
2024-01-29T15:00,16.5,55,14.9,0.00,3,100,6.6,119,292.0,1
2024-01-29T16:00,15.4,61,13.8,0.10,51,86,6.6,139,109.0,1
2024-01-29T17:00,14.2,69,12.8,0.10,51,100,7.0,145,89.0,1
2024-01-29T18:00,13.3,75,12.2,0.00,2,78,5.2,164,10.0,0
2024-01-29T19:00,11.9,84,11.1,0.00,3,100,4.4,171,0.0,0
2024-01-29T20:00,12.2,84,11.6,0.00,3,100,3.3,174,0.0,0
2024-01-29T21:00,11.4,89,11.2,0.00,3,100,0.5,135,0.0,0
2024-01-29T22:00,11.2,90,11.1,0.00,3,100,0.5,135,0.0,0
2024-01-29T23:00,11.1,90,10.9,0.00,3,100,0.8,117,0.0,0
2024-01-30T00:00,11.2,87,11.0,0.00,3,100,0.5,45,0.0,0
2024-01-30T01:00,11.1,90,10.8,0.00,3,100,1.4,180,0.0,0
2024-01-30T02:00,11.1,92,10.9,0.00,3,81,1.4,180,0.0,0
2024-01-30T03:00,10.5,94,9.9,0.00,3,81,3.3,221,0.0,0
2024-01-30T04:00,10.7,94,10.4,0.00,3,97,1.8,217,0.0,0
2024-01-30T05:00,10.9,96,10.8,0.00,3,100,2.2,171,0.0,0
2024-01-30T06:00,11.1,96,10.8,0.10,51,98,3.1,159,0.0,0
2024-01-30T07:00,11.4,91,11.1,0.10,51,64,1.5,194,0.0,1
2024-01-30T08:00,11.8,89,11.6,0.00,3,100,1.4,270,55.0,1
2024-01-30T09:00,12.1,88,11.7,0.00,1,31,2.9,150,85.0,1
2024-01-30T10:00,13.9,82,14.0,0.00,1,35,1.3,236,329.0,1
2024-01-30T11:00,16.0,76,16.3,0.00,3,90,1.8,349,492.0,1
2024-01-30T12:00,18.1,69,18.5,0.00,3,100,2.5,8,508.0,1
2024-01-30T13:00,19.6,67,20.4,0.00,3,100,4.3,85,604.0,1
2024-01-30T14:00,19.1,68,18.6,0.00,2,60,10.2,98,449.0,1
2024-01-30T15:00,19.4,69,19.4,0.00,1,31,7.3,81,476.0,1
2024-01-30T16:00,19.6,69,20.3,0.00,0,7,3.6,53,308.0,1
2024-01-30T17:00,19.0,73,19.9,0.00,0,17,2.9,97,163.0,1
2024-01-30T18:00,15.6,87,15.9,0.00,0,6,6.0,107,21.0,0
2024-01-30T19:00,14.1,91,14.0,0.00,0,14,5.9,104,0.0,0
2024-01-30T20:00,13.2,91,13.0,0.00,0,5,5.4,98,0.0,0
2024-01-30T21:00,13.3,91,13.5,0.00,0,1,2.4,117,0.0,0
2024-01-30T22:00,11.7,96,11.5,0.00,0,4,3.9,146,0.0,0
2024-01-30T23:00,12.1,97,12.5,0.00,0,2,0.4,90,0.0,0
2024-01-31T00:00,11.8,99,11.9,0.00,3,100,2.1,149,0.0,0
2024-01-31T01:00,11.2,100,11.5,0.00,3,100,0.7,90,0.0,0
2024-01-31T02:00,10.9,100,10.9,0.00,3,100,2.1,329,0.0,0
2024-01-31T03:00,11.1,98,11.2,0.00,3,100,1.1,270,0.0,0
2024-01-31T04:00,11.2,96,11.3,0.00,3,100,1.1,162,0.0,0
2024-01-31T05:00,11.3,96,11.3,0.00,3,100,1.5,166,0.0,0
2024-01-31T06:00,11.4,98,11.5,0.00,3,100,1.1,162,0.0,0
2024-01-31T07:00,11.4,99,11.6,0.00,3,100,1.8,233,0.0,1
2024-01-31T08:00,12.0,98,12.3,0.00,3,100,1.4,270,35.0,1
2024-01-31T09:00,13.2,99,13.8,0.00,3,100,3.1,315,95.0,1
2024-01-31T10:00,15.0,91,16.0,0.00,3,100,1.1,198,200.0,1
2024-01-31T11:00,16.7,86,18.0,0.00,3,96,1.1,72,336.0,1
2024-01-31T12:00,19.5,77,21.1,0.00,2,50,3.0,104,579.0,1
2024-01-31T13:00,20.6,74,21.3,0.00,3,100,9.0,67,492.0,1
2024-01-31T14:00,21.0,74,21.8,0.00,1,20,9.4,67,392.0,1
2024-01-31T15:00,22.6,68,23.8,0.00,1,22,7.4,39,472.0,1
2024-01-31T16:00,23.5,66,25.1,0.00,0,19,5.2,65,298.0,1
2024-01-31T17:00,22.2,72,23.7,0.00,1,35,6.8,93,157.0,1
2024-01-31T18:00,19.4,81,20.5,0.00,0,16,6.1,87,21.0,0
2024-01-31T19:00,16.8,91,17.6,0.00,0,7,6.7,74,0.0,0
2024-01-31T20:00,16.5,90,17.3,0.00,0,2,5.4,94,0.0,0
2024-01-31T21:00,15.6,96,16.6,0.00,0,10,4.6,108,0.0,0
2024-01-31T22:00,14.9,97,15.8,0.00,2,76,3.8,107,0.0,0
2024-01-31T23:00,15.1,97,16.1,0.00,3,98,3.2,63,0.0,0
2024-02-01T00:00,15.1,97,16.4,0.00,3,100,1.9,22,0.0,0
2024-02-01T01:00,14.8,99,16.2,0.00,3,100,1.0,135,0.0,0
2024-02-01T02:00,14.9,99,16.3,0.00,3,100,1.1,270,0.0,0
2024-02-01T03:00,14.9,99,16.3,0.00,3,100,1.3,124,0.0,0
2024-02-01T04:00,14.8,99,16.1,0.00,3,100,1.5,135,0.0,0
2024-02-01T05:00,14.5,99,15.7,0.00,3,100,1.5,166,0.0,0
2024-02-01T06:00,14.8,99,16.2,0.00,3,100,1.3,146,0.0,0
2024-02-01T07:00,15.0,98,16.3,0.00,3,100,1.9,338,0.0,1
2024-02-01T08:00,15.8,95,17.1,0.00,3,100,2.5,8,43.0,1
2024-02-01T09:00,17.9,91,19.4,0.00,1,49,4.3,5,189.0,1
2024-02-01T10:00,20.4,82,22.5,0.00,2,51,2.7,67,386.0,1
2024-02-01T11:00,22.9,74,25.1,0.00,3,92,5.3,62,576.0,1
2024-02-01T12:00,24.0,70,25.8,0.00,2,58,8.1,58,504.0,1
2024-02-01T13:00,25.0,67,27.3,0.00,3,80,6.8,65,570.0,1
2024-02-01T14:00,25.0,65,26.7,0.00,3,100,7.3,70,363.0,1
2024-02-01T15:00,24.6,66,26.9,0.00,3,93,3.4,32,126.0,1
2024-02-01T16:00,23.6,72,26.2,0.20,51,93,2.6,34,165.0,1
2024-02-01T17:00,23.0,77,26.0,0.00,3,92,2.2,90,140.0,1
2024-02-01T18:00,21.0,87,23.6,0.00,3,97,4.6,72,24.0,0
2024-02-01T19:00,20.6,89,23.4,0.00,3,100,3.4,122,0.0,0
2024-02-01T20:00,19.8,92,22.1,0.00,3,97,5.4,86,0.0,0
2024-02-01T21:00,19.1,94,21.2,0.00,3,98,5.8,90,0.0,0
2024-02-01T22:00,17.5,91,18.1,0.00,3,100,10.2,98,0.0,0
2024-02-01T23:00,16.0,91,16.5,0.30,51,100,7.0,125,0.0,0
2024-02-02T00:00,15.5,90,15.8,0.40,51,100,6.9,118,0.0,0
2024-02-02T01:00,14.6,96,14.9,0.70,53,100,5.9,133,0.0,0
2024-02-02T02:00,14.0,96,14.1,0.40,51,100,6.4,142,0.0,0
2024-02-02T03:00,13.6,96,13.7,0.10,51,100,5.9,142,0.0,0
2024-02-02T04:00,13.4,93,13.3,0.10,51,100,5.9,137,0.0,0
2024-02-02T05:00,12.9,94,12.8,0.10,51,100,4.6,141,0.0,0
2024-02-02T06:00,12.6,91,12.2,0.00,3,100,5.9,142,0.0,0
2024-02-02T07:00,12.2,92,11.7,0.00,3,100,5.6,135,0.0,1
2024-02-02T08:00,12.1,91,11.5,0.00,3,100,5.6,135,13.0,1
2024-02-02T09:00,12.6,88,11.9,0.00,3,100,5.7,125,73.0,1
2024-02-02T10:00,12.9,84,12.1,0.00,3,100,5.8,112,129.0,1
2024-02-02T11:00,13.1,82,12.3,0.00,3,100,6.0,107,162.0,1
2024-02-02T12:00,13.1,81,12.1,0.10,51,100,6.6,99,142.0,1
2024-02-02T13:00,13.5,79,12.5,0.00,3,100,7.0,111,190.0,1
2024-02-02T14:00,13.8,76,12.5,0.00,3,100,8.3,108,211.0,1
2024-02-02T15:00,13.6,75,12.2,0.00,3,100,8.2,113,140.0,1
2024-02-02T16:00,13.4,74,11.8,0.00,3,100,8.4,115,111.0,1
2024-02-02T17:00,13.1,72,11.7,0.00,3,100,6.1,118,52.0,1
2024-02-02T18:00,12.6,74,11.3,0.00,3,100,5.9,128,10.0,0
2024-02-02T19:00,12.2,76,10.9,0.00,3,100,5.6,135,0.0,0
2024-02-02T20:00,11.9,78,10.7,0.00,3,100,5.1,141,0.0,0
2024-02-02T21:00,11.8,80,10.8,0.00,3,100,4.1,135,0.0,0
2024-02-02T22:00,11.6,82,10.6,0.00,3,100,3.8,139,0.0,0
2024-02-02T23:00,11.3,83,10.4,0.00,3,100,3.3,139,0.0,0
2024-02-03T00:00,11.2,84,10.5,0.00,3,100,2.5,135,0.0,0
2024-02-03T01:00,11.2,85,10.6,0.00,3,100,2.0,135,0.0,0
2024-02-03T02:00,11.2,85,10.7,0.00,3,100,1.0,135,0.0,0
2024-02-03T03:00,11.1,85,10.6,0.00,3,100,1.5,166,0.0,0
2024-02-03T04:00,11.2,85,10.6,0.00,3,100,1.9,158,0.0,0
2024-02-03T05:00,11.2,85,10.6,0.00,3,100,2.5,180,0.0,0
2024-02-03T06:00,11.3,85,10.7,0.00,3,100,2.3,162,0.0,0
2024-02-03T07:00,11.4,85,10.8,0.00,3,100,1.9,158,0.0,1
2024-02-03T08:00,11.8,84,11.2,0.00,3,100,1.8,169,27.0,1
2024-02-03T09:00,13.0,82,12.9,0.00,3,97,1.1,90,110.0,1
2024-02-03T10:00,14.2,78,14.2,0.00,3,100,1.4,90,227.0,1
2024-02-03T11:00,15.2,75,15.2,0.00,3,98,2.3,141,282.0,1
2024-02-03T12:00,16.8,71,17.0,0.00,2,77,2.3,141,434.0,1
2024-02-03T13:00,18.3,68,18.4,0.00,3,100,3.7,79,508.0,1
2024-02-03T14:00,18.6,70,18.6,0.00,1,21,6.5,90,391.0,1
2024-02-03T15:00,19.7,70,20.3,0.00,0,18,4.8,153,494.0,1
2024-02-03T16:00,19.9,70,20.2,0.00,2,79,6.7,164,372.0,1
2024-02-03T17:00,18.2,73,17.9,0.00,2,78,9.4,130,172.0,1
2024-02-03T18:00,15.6,78,14.9,0.00,3,99,8.5,126,27.0,0
2024-02-03T19:00,13.8,83,13.1,0.00,2,55,6.9,129,0.0,0
2024-02-03T20:00,12.6,90,12.4,0.00,2,57,3.9,146,0.0,0
2024-02-03T21:00,12.6,93,12.5,0.00,3,93,4.3,138,0.0,0
2024-02-03T22:00,13.0,91,13.1,0.00,3,100,2.7,157,0.0,0
2024-02-03T23:00,13.3,88,13.4,0.00,3,100,2.6,164,0.0,0
2024-02-04T00:00,13.4,88,13.4,0.00,3,100,3.4,162,0.0,0
2024-02-04T01:00,13.4,87,13.3,0.00,3,100,3.6,143,0.0,0
2024-02-04T02:00,13.3,85,13.0,0.00,3,100,3.8,139,0.0,0
2024-02-04T03:00,13.1,84,12.4,0.00,3,100,5.1,141,0.0,0
2024-02-04T04:00,12.7,84,11.9,0.00,3,100,5.9,142,0.0,0
2024-02-04T05:00,12.2,85,11.4,0.00,3,100,5.9,133,0.0,0
2024-02-04T06:00,12.1,85,11.2,0.00,3,100,5.2,146,0.0,0
2024-02-04T07:00,11.9,84,10.8,0.00,3,100,5.9,142,0.0,1
2024-02-04T08:00,11.9,83,10.9,0.00,3,100,5.4,127,16.0,1
2024-02-04T09:00,12.7,80,11.8,0.00,3,100,4.8,103,121.0,1
2024-02-04T10:00,13.1,77,11.9,0.00,3,100,6.3,103,167.0,1
2024-02-04T11:00,13.7,74,12.5,0.00,3,100,6.6,112,225.0,1
2024-02-04T12:00,14.1,73,13.1,0.00,3,100,6.4,117,217.0,1
2024-02-04T13:00,15.2,70,14.2,0.00,3,100,7.1,131,303.0,1
2024-02-04T14:00,15.6,70,14.9,0.00,3,100,5.8,120,254.0,1
2024-02-04T15:00,15.6,71,15.1,0.00,3,100,4.2,110,153.0,1
2024-02-04T16:00,15.5,73,14.8,0.10,51,100,6.0,147,86.0,1
2024-02-04T17:00,14.8,80,14.3,1.00,55,100,6.1,140,54.0,1
2024-02-04T18:00,14.1,87,14.4,0.50,53,100,1.8,169,9.0,0
2024-02-04T19:00,13.7,91,14.3,2.80,63,95,1.1,180,0.0,0
2024-02-04T20:00,13.6,93,14.1,0.30,51,60,1.5,135,0.0,0
2024-02-04T21:00,13.0,93,13.0,0.00,2,59,4.4,261,0.0,0
2024-02-04T22:00,12.1,96,11.7,0.00,1,37,5.1,262,0.0,0
2024-02-04T23:00,11.6,95,11.1,0.00,0,7,5.4,290,0.0,0
2024-02-05T00:00,11.2,94,10.5,0.00,0,3,5.6,297,0.0,0
2024-02-05T01:00,11.1,94,10.1,0.00,0,5,6.9,298,0.0,0
2024-02-05T02:00,11.1,91,9.8,0.00,0,3,7.9,294,0.0,0
2024-02-05T03:00,10.1,93,8.9,0.00,0,18,6.4,297,0.0,0
2024-02-05T04:00,9.6,93,8.4,0.00,1,26,5.8,300,0.0,0
2024-02-05T05:00,9.2,92,7.8,0.00,0,16,5.8,300,0.0,0
2024-02-05T06:00,8.4,92,6.7,0.00,0,2,6.8,302,0.0,0
2024-02-05T07:00,8.4,92,6.7,0.00,0,0,6.3,301,1.0,1
2024-02-05T08:00,10.6,82,8.9,0.00,0,0,7.4,309,94.0,1
2024-02-05T09:00,13.2,75,11.9,0.00,0,4,6.9,321,287.0,1
2024-02-05T10:00,14.9,71,14.1,0.00,0,13,4.8,347,459.0,1
2024-02-05T11:00,16.1,67,15.6,0.00,3,98,3.8,73,524.0,1
2024-02-05T12:00,16.6,68,15.7,0.00,3,100,7.6,109,440.0,1
2024-02-05T13:00,16.0,72,14.7,0.00,3,100,11.8,117,372.0,1
2024-02-05T14:00,14.7,75,12.8,0.00,3,100,13.7,117,281.0,1
2024-02-05T15:00,14.2,72,12.3,0.00,3,100,11.9,115,252.0,1
2024-02-05T16:00,14.1,70,12.2,0.00,3,100,11.2,105,184.0,1
2024-02-05T17:00,13.3,71,11.0,0.00,3,100,12.3,105,94.0,1
2024-02-05T18:00,12.1,76,9.9,0.00,3,100,11.0,101,14.0,0
2024-02-05T19:00,11.6,78,9.7,0.00,3,100,9.4,83,0.0,0
2024-02-05T20:00,11.2,79,9.3,0.00,3,100,9.2,79,0.0,0
2024-02-05T21:00,10.9,82,9.2,0.00,3,100,8.1,77,0.0,0
2024-02-05T22:00,10.6,81,9.0,0.00,3,100,7.0,78,0.0,0
2024-02-05T23:00,10.4,80,8.8,0.00,3,100,6.2,80,0.0,0
2024-02-06T00:00,10.1,80,8.3,0.00,3,100,7.0,78,0.0,0
2024-02-06T01:00,9.9,79,8.0,0.00,3,100,6.3,77,0.0,0
2024-02-06T02:00,9.8,77,7.9,0.00,3,100,5.8,68,0.0,0
2024-02-06T03:00,9.6,77,7.7,0.00,3,100,6.2,69,0.0,0
2024-02-06T04:00,9.4,78,7.4,0.00,3,100,6.6,81,0.0,0
2024-02-06T05:00,9.3,78,7.3,0.00,3,100,6.3,66,0.0,0
2024-02-06T06:00,9.1,79,7.3,0.00,3,100,5.2,78,0.0,0
2024-02-06T07:00,9.0,78,6.8,0.00,3,100,7.2,90,1.0,1
2024-02-06T08:00,9.1,78,6.9,0.00,3,100,7.2,84,24.0,1
2024-02-06T09:00,9.9,76,7.8,0.00,3,100,7.2,87,87.0,1
2024-02-06T10:00,10.4,73,8.2,0.00,3,100,7.6,98,140.0,1
2024-02-06T11:00,11.5,68,9.3,0.00,3,100,8.0,98,314.0,1
2024-02-06T12:00,11.9,67,9.8,0.00,3,100,8.2,105,310.0,1
2024-02-06T13:00,12.4,66,10.2,0.00,3,100,8.9,111,351.0,1
2024-02-06T14:00,12.6,66,10.3,0.00,3,100,9.3,106,328.0,1
2024-02-06T15:00,11.9,69,9.4,0.00,3,100,11.2,111,231.0,1
2024-02-06T16:00,11.1,71,8.6,0.00,3,100,11.0,109,150.0,1
2024-02-06T17:00,10.5,73,8.1,0.00,3,100,9.3,106,77.0,1
2024-02-06T18:00,9.7,76,7.4,0.00,3,100,8.1,103,15.0,0
2024-02-06T19:00,9.4,77,7.3,0.00,3,100,6.6,99,0.0,0
2024-02-06T20:00,9.2,77,7.1,0.00,3,100,6.9,99,0.0,0
2024-02-06T21:00,9.0,80,7.2,0.00,3,100,4.7,94,0.0,0
2024-02-06T22:00,8.9,80,7.1,0.00,3,100,4.7,81,0.0,0
2024-02-06T23:00,8.8,80,6.8,0.00,3,100,5.5,101,0.0,0
2024-02-07T00:00,8.8,80,7.1,0.00,3,100,3.6,96,0.0,0
2024-02-07T01:00,8.7,79,7.1,0.00,3,100,3.0,104,0.0,0
2024-02-07T02:00,8.6,80,6.9,0.00,3,100,4.0,95,0.0,0
2024-02-07T03:00,8.5,79,6.6,0.00,3,100,4.9,126,0.0,0
2024-02-07T04:00,8.3,81,6.7,0.10,51,100,2.5,82,0.0,0
2024-02-07T05:00,8.2,82,6.5,0.10,51,100,4.2,121,0.0,0
2024-02-07T06:00,8.2,83,6.7,0.30,51,100,3.1,126,0.0,0
2024-02-07T07:00,7.8,91,6.0,1.00,55,100,5.7,108,0.0,1
2024-02-07T08:00,8.1,90,6.6,5.90,63,95,4.9,144,34.0,1
2024-02-07T09:00,8.4,88,6.5,0.10,51,100,7.4,113,51.0,1
2024-02-07T10:00,8.5,90,7.2,1.00,55,100,3.3,77,71.0,1
2024-02-07T11:00,8.9,90,7.6,1.60,61,100,3.8,49,102.0,1
2024-02-07T12:00,9.0,90,7.4,1.00,55,100,6.2,126,98.0,1
2024-02-07T13:00,9.4,89,7.4,2.50,63,100,9.5,127,132.0,1
2024-02-07T14:00,9.4,89,7.9,0.90,53,100,5.8,97,127.0,1
2024-02-07T15:00,9.9,84,8.7,0.20,51,100,3.4,108,156.0,1
2024-02-07T16:00,9.0,91,7.5,1.50,61,100,6.1,130,61.0,1
2024-02-07T17:00,8.4,93,6.5,2.10,61,100,8.6,112,19.0,1
2024-02-07T18:00,8.0,94,6.0,1.70,61,100,8.4,133,6.0,0
2024-02-07T19:00,7.7,92,5.9,0.80,53,100,6.5,96,0.0,0
2024-02-07T20:00,7.7,90,6.1,2.50,63,100,4.4,99,0.0,0
2024-02-07T21:00,7.6,90,6.1,0.30,51,100,2.9,90,0.0,0
2024-02-07T22:00,7.8,92,6.6,1.30,61,100,1.8,79,0.0,0
2024-02-07T23:00,7.6,88,6.1,0.80,53,100,2.9,83,0.0,0
2024-02-08T00:00,7.4,88,5.7,1.10,55,100,4.0,85,0.0,0
2024-02-08T01:00,7.4,88,6.0,0.80,53,100,2.2,99,0.0,0
2024-02-08T02:00,7.1,84,5.3,0.10,51,100,2.7,113,0.0,0
2024-02-08T03:00,6.9,86,4.5,0.00,3,100,7.4,133,0.0,0
2024-02-08T04:00,6.8,86,4.7,0.10,51,100,5.5,101,0.0,0
2024-02-08T05:00,6.8,85,4.9,0.10,51,98,3.4,108,0.0,0
2024-02-08T06:00,5.9,89,4.1,0.00,3,100,3.3,103,0.0,0
2024-02-08T07:00,6.2,84,4.2,0.00,3,100,3.6,127,1.0,1
2024-02-08T08:00,6.7,81,4.4,0.00,3,100,5.6,117,31.0,1
2024-02-08T09:00,7.1,81,5.1,0.00,3,100,4.3,95,63.0,1
2024-02-08T10:00,7.2,81,5.2,0.10,51,100,4.7,99,98.0,1
2024-02-08T11:00,7.7,80,5.6,0.10,51,100,5.1,82,121.0,1
2024-02-08T12:00,7.8,81,5.7,0.10,51,100,5.9,104,120.0,1
2024-02-08T13:00,8.4,77,6.3,0.00,3,100,6.0,107,215.0,1
2024-02-08T14:00,8.6,75,6.2,0.00,3,100,7.1,114,163.0,1
2024-02-08T15:00,8.5,74,6.0,0.00,3,100,7.9,114,113.0,1
2024-02-08T16:00,8.6,72,6.0,0.00,3,100,7.8,103,103.0,1
2024-02-08T17:00,8.4,71,5.8,0.00,3,100,7.1,105,40.0,1
2024-02-08T18:00,8.1,72,5.7,0.00,3,100,6.6,99,8.0,0
2024-02-08T19:00,7.9,75,5.8,0.00,3,100,4.7,94,0.0,0
2024-02-08T20:00,7.8,78,5.8,0.10,51,100,3.6,96,0.0,0
2024-02-08T21:00,7.3,89,5.7,0.40,51,100,3.4,108,0.0,0
2024-02-08T22:00,7.5,84,5.5,0.20,51,100,5.2,106,0.0,0
2024-02-08T23:00,7.2,89,5.8,0.00,3,100,2.1,121,0.0,0
2024-02-09T00:00,7.3,91,5.9,0.10,51,100,2.5,82,0.0,0
2024-02-09T01:00,7.8,83,5.9,0.10,51,100,4.7,99,0.0,0
2024-02-09T02:00,7.5,84,5.8,0.00,3,100,3.5,114,0.0,0
2024-02-09T03:00,7.4,86,5.6,0.10,51,100,4.3,114,0.0,0
2024-02-09T04:00,7.2,87,5.4,0.00,3,100,4.5,104,0.0,0
2024-02-09T05:00,7.2,87,5.5,0.00,3,100,3.0,104,0.0,0
2024-02-09T06:00,7.1,87,5.3,0.00,3,100,4.2,121,0.0,0
2024-02-09T07:00,7.0,87,5.0,0.00,3,100,5.2,124,1.0,1
2024-02-09T08:00,7.3,85,5.3,0.00,3,100,5.2,124,33.0,1
2024-02-09T09:00,7.8,82,5.9,0.00,3,100,4.0,100,95.0,1
2024-02-09T10:00,8.6,78,6.9,0.00,3,100,3.5,66,176.0,1
2024-02-09T11:00,9.6,76,7.9,0.00,3,100,4.3,42,254.0,1
2024-02-09T12:00,10.5,74,8.9,0.10,51,100,3.9,34,270.0,1
2024-02-09T13:00,11.4,70,10.2,0.10,51,100,2.0,45,301.0,1
2024-02-09T14:00,11.9,67,10.8,0.00,3,100,0.8,153,230.0,1
2024-02-09T15:00,12.4,66,10.9,0.00,3,100,3.3,174,214.0,1
2024-02-09T16:00,12.6,66,11.0,0.00,3,95,4.2,121,170.0,1
2024-02-09T17:00,11.4,71,9.2,0.00,2,71,9.4,113,95.0,1
2024-02-09T18:00,9.4,77,7.0,0.00,0,1,8.5,118,29.0,0
2024-02-09T19:00,6.5,90,4.2,0.00,0,0,7.6,121,0.0,0
2024-02-09T20:00,7.7,84,5.7,0.00,1,21,5.3,118,0.0,0
2024-02-09T21:00,8.5,74,6.7,0.00,3,100,2.5,98,0.0,0
2024-02-09T22:00,8.7,71,6.9,0.00,3,100,2.1,31,0.0,0
2024-02-09T23:00,7.9,77,6.1,0.00,3,93,2.9,7,0.0,0
2024-02-10T00:00,8.2,74,6.3,0.00,1,32,3.1,339,0.0,0
2024-02-10T01:00,7.4,87,5.7,0.00,0,9,3.8,319,0.0,0
2024-02-10T02:00,5.9,100,4.2,0.00,0,17,4.4,305,0.0,0
2024-02-10T03:00,4.1,100,1.9,0.00,3,99,5.8,300,0.0,0
2024-02-10T04:00,3.8,100,1.4,0.00,3,99,5.8,292,0.0,0
2024-02-10T05:00,4.2,100,2.2,0.00,3,98,3.5,294,0.0,0
2024-02-10T06:00,4.4,100,2.5,0.00,3,98,3.6,276,0.0,0
2024-02-10T07:00,4.4,100,2.6,0.00,3,97,3.6,276,2.0,1
2024-02-10T08:00,6.1,92,4.2,0.00,1,33,4.5,284,79.0,1
2024-02-10T09:00,8.2,81,6.5,0.00,0,13,4.1,308,275.0,1
2024-02-10T10:00,10.6,69,9.1,0.00,0,1,2.5,315,487.0,1
2024-02-10T11:00,12.6,61,12.3,0.00,0,0,0.0,270,660.0,1
2024-02-10T12:00,14.1,57,14.0,0.00,0,0,2.3,141,759.0,1
2024-02-10T13:00,15.0,57,14.9,0.00,0,0,4.9,144,783.0,1
2024-02-10T14:00,15.6,58,15.0,0.00,0,0,6.7,144,730.0,1
2024-02-10T15:00,15.6,58,13.9,0.00,0,1,9.2,135,609.0,1
2024-02-10T16:00,14.6,59,12.1,0.00,0,0,11.4,125,432.0,1
2024-02-10T17:00,12.9,60,10.5,0.00,0,7,9.4,122,223.0,1
2024-02-10T18:00,9.4,74,7.2,0.00,0,0,7.0,145,41.0,0
2024-02-10T19:00,8.4,79,6.1,0.00,0,0,7.6,161,0.0,0
2024-02-10T20:00,10.0,71,8.0,0.00,0,0,5.5,157,0.0,0
2024-02-10T21:00,9.4,76,7.7,0.00,0,2,3.5,156,0.0,0
2024-02-10T22:00,8.6,82,7.1,0.00,0,7,3.4,238,0.0,0
2024-02-10T23:00,7.9,87,6.3,0.00,0,0,4.6,288,0.0,0
2024-02-11T00:00,7.2,94,5.6,0.00,0,0,4.2,290,0.0,0
2024-02-11T01:00,6.7,99,5.0,0.00,0,3,5.4,278,0.0,0
2024-02-11T02:00,6.0,95,4.0,0.00,0,2,5.8,277,0.0,0
2024-02-11T03:00,5.4,96,3.2,0.00,0,0,6.2,280,0.0,0
2024-02-11T04:00,5.3,97,3.1,0.00,0,0,6.8,273,0.0,0
2024-02-11T05:00,5.1,98,2.8,0.00,0,0,6.8,267,0.0,0
2024-02-11T06:00,4.5,99,2.1,0.00,0,0,6.8,270,0.0,0
2024-02-11T07:00,4.1,98,1.6,0.00,0,0,6.8,270,3.0,1
2024-02-11T08:00,6.8,89,4.8,0.00,0,0,5.4,278,105.0,1
2024-02-11T09:00,9.6,80,8.2,0.00,0,14,3.4,302,301.0,1
2024-02-11T10:00,13.1,63,11.7,0.00,0,0,3.3,319,515.0,1
2024-02-11T11:00,15.9,48,15.3,0.00,0,0,2.6,304,686.0,1
2024-02-11T12:00,17.6,40,17.6,0.00,0,0,1.1,180,780.0,1
2024-02-11T13:00,18.5,40,17.9,0.00,0,0,5.7,145,803.0,1
2024-02-11T14:00,18.5,40,16.9,0.00,0,0,10.2,138,744.0,1
2024-02-11T15:00,18.0,38,14.9,0.00,0,0,12.5,129,618.0,1
2024-02-11T16:00,16.8,37,13.2,0.00,0,0,12.5,123,441.0,1
2024-02-11T17:00,14.9,48,12.5,0.00,0,0,7.0,111,232.0,1
2024-02-11T18:00,11.7,59,9.1,0.00,0,0,7.8,124,44.0,0
2024-02-11T19:00,12.6,55,10.6,0.00,0,0,4.0,175,0.0,0
2024-02-11T20:00,11.6,62,10.0,0.00,0,0,1.5,166,0.0,0
2024-02-11T21:00,10.2,68,8.6,0.00,0,0,2.4,333,0.0,0
2024-02-11T22:00,9.1,79,7.6,0.00,0,0,3.1,315,0.0,0
2024-02-11T23:00,8.4,86,6.8,0.00,0,0,3.8,311,0.0,0
2024-02-12T00:00,7.4,89,5.6,0.00,0,0,5.6,315,0.0,0
2024-02-12T01:00,7.2,91,5.4,0.00,0,0,5.0,300,0.0,0
2024-02-12T02:00,6.8,91,4.9,0.00,0,0,5.0,300,0.0,0
2024-02-12T03:00,6.2,91,4.0,0.00,0,0,5.9,308,0.0,0
2024-02-12T04:00,6.2,89,4.1,0.00,0,0,5.9,308,0.0,0
2024-02-12T05:00,5.9,90,3.8,0.00,0,0,5.5,302,0.0,0
2024-02-12T06:00,5.8,91,3.6,0.00,0,0,5.7,305,0.0,0
2024-02-12T07:00,5.6,91,3.4,0.00,0,1,5.5,293,3.0,1
2024-02-12T08:00,7.0,85,5.0,0.00,0,0,4.7,274,117.0,1
2024-02-12T09:00,9.9,71,8.2,0.00,0,6,3.3,264,324.0,1
2024-02-12T10:00,13.1,54,11.3,0.00,0,0,2.5,270,529.0,1
2024-02-12T11:00,15.1,51,14.8,0.00,0,0,0.8,27,690.0,1
2024-02-12T12:00,16.5,52,16.8,0.00,0,0,2.3,72,778.0,1
2024-02-12T13:00,17.4,53,17.6,0.00,0,0,4.8,103,793.0,1
2024-02-12T14:00,17.9,53,17.4,0.00,0,0,7.9,106,737.0,1
2024-02-12T15:00,17.9,52,16.4,0.00,0,0,9.0,106,615.0,1
2024-02-12T16:00,17.3,54,15.3,0.00,0,0,10.0,103,438.0,1
2024-02-12T17:00,16.0,64,15.0,0.00,0,0,5.0,111,229.0,1
2024-02-12T18:00,15.3,61,14.0,0.00,0,0,5.1,141,45.0,0
2024-02-12T19:00,14.1,66,13.4,0.00,0,0,1.8,143,0.0,0
2024-02-12T20:00,12.5,74,11.6,0.00,0,0,2.4,333,0.0,0
2024-02-12T21:00,11.2,80,10.1,0.00,0,0,4.1,315,0.0,0
2024-02-12T22:00,9.8,88,8.4,0.00,0,0,5.9,308,0.0,0
2024-02-12T23:00,7.8,94,5.8,0.00,0,0,7.7,307,0.0,0
2024-02-13T00:00,8.9,90,7.4,0.00,1,36,6.2,306,0.0,0
2024-02-13T01:00,8.4,91,6.7,0.00,2,67,6.5,304,0.0,0
2024-02-13T02:00,8.6,90,6.8,0.00,3,86,6.4,308,0.0,0
2024-02-13T03:00,8.6,90,7.0,0.00,3,90,6.3,294,0.0,0
2024-02-13T04:00,9.2,89,7.7,0.00,2,69,6.3,294,0.0,0
2024-02-13T05:00,8.2,93,6.4,0.00,0,0,7.0,282,0.0,0
2024-02-13T06:00,8.3,94,6.7,0.00,0,0,6.6,283,0.0,0
2024-02-13T07:00,6.7,98,4.7,0.00,0,0,7.3,281,3.0,1
2024-02-13T08:00,9.9,89,8.6,0.00,0,0,5.1,274,111.0,1
2024-02-13T09:00,13.5,78,13.1,0.00,0,0,2.5,262,309.0,1
2024-02-13T10:00,16.3,68,15.9,0.00,0,0,3.8,287,505.0,1
2024-02-13T11:00,18.2,63,18.9,0.00,0,0,2.3,288,657.0,1
2024-02-13T12:00,19.4,60,21.1,0.00,0,0,0.5,135,749.0,1
2024-02-13T13:00,20.2,52,21.4,0.00,0,1,2.6,124,773.0,1
2024-02-13T14:00,20.7,47,21.1,0.00,0,3,3.2,117,723.0,1
2024-02-13T15:00,20.7,48,20.1,0.00,0,1,4.7,113,603.0,1
2024-02-13T16:00,20.4,50,19.7,0.00,0,0,4.0,80,430.0,1
2024-02-13T17:00,19.1,65,19.4,0.00,0,0,3.0,104,224.0,1
2024-02-13T18:00,15.5,75,14.8,0.00,0,0,7.1,131,44.0,0
2024-02-13T19:00,12.9,90,12.0,0.00,0,0,8.7,114,0.0,0
2024-02-13T20:00,13.9,85,13.6,0.00,0,0,5.0,90,0.0,0
2024-02-13T21:00,13.4,87,13.6,0.00,0,0,1.5,194,0.0,0
2024-02-13T22:00,13.1,89,13.0,0.00,0,0,2.9,263,0.0,0
2024-02-13T23:00,12.6,90,12.6,0.00,0,0,2.1,239,0.0,0
2024-02-14T00:00,12.0,92,11.8,0.00,0,3,2.5,262,0.0,0
2024-02-14T01:00,10.6,96,10.4,0.00,0,0,1.6,243,0.0,0
2024-02-14T02:00,9.2,99,8.6,0.00,0,0,2.7,247,0.0,0
2024-02-14T03:00,9.0,100,8.2,0.00,0,0,3.3,257,0.0,0
2024-02-14T04:00,8.9,99,8.0,0.00,0,2,4.0,260,0.0,0
2024-02-14T05:00,9.0,99,8.1,0.00,0,5,3.9,248,0.0,0
2024-02-14T06:00,8.5,99,7.5,0.00,0,6,4.0,243,0.0,0
2024-02-14T07:00,8.4,99,7.3,0.00,0,8,4.5,256,3.0,1
2024-02-14T08:00,12.1,89,11.7,0.00,0,9,3.0,256,108.0,1
2024-02-14T09:00,15.1,78,15.2,0.00,0,11,2.0,315,297.0,1
2024-02-14T10:00,17.6,72,18.1,0.00,0,8,1.8,349,498.0,1
2024-02-14T11:00,19.8,67,21.3,0.00,0,1,2.1,59,652.0,1
2024-02-14T12:00,21.5,63,23.5,0.00,0,0,3.7,101,745.0,1
2024-02-14T13:00,22.6,59,24.6,0.00,0,0,5.2,102,768.0,1
2024-02-14T14:00,23.4,54,24.7,0.00,0,9,6.1,93,720.0,1
2024-02-14T15:00,23.9,51,24.1,0.00,0,4,7.5,107,593.0,1
2024-02-14T16:00,23.8,55,23.6,0.00,0,4,10.2,122,415.0,1
2024-02-14T17:00,22.2,63,22.6,0.00,0,0,8.4,115,215.0,1
2024-02-14T18:00,17.9,79,17.9,0.00,0,1,8.8,99,45.0,0
2024-02-14T19:00,17.4,80,17.6,0.00,0,1,7.2,84,0.0,0
2024-02-14T20:00,17.4,80,18.2,0.00,0,19,3.7,151,0.0,0
2024-02-14T21:00,16.9,80,17.6,0.00,0,2,2.6,214,0.0,0
2024-02-14T22:00,16.2,82,17.1,0.00,1,21,1.3,236,0.0,0
2024-02-14T23:00,15.8,84,16.7,0.00,1,22,0.4,180,0.0,0
2024-02-15T00:00,14.4,88,14.8,0.00,0,13,2.9,173,0.0,0
2024-02-15T01:00,12.9,92,12.8,0.00,0,15,4.0,185,0.0,0
2024-02-15T02:00,12.6,92,12.5,0.00,0,14,3.7,191,0.0,0
2024-02-15T03:00,13.1,90,13.6,0.00,0,19,0.5,225,0.0,0
2024-02-15T04:00,13.1,90,13.3,0.00,1,33,1.9,248,0.0,0
2024-02-15T05:00,13.2,89,13.3,0.00,0,19,2.9,240,0.0,0
2024-02-15T06:00,13.1,89,13.1,0.00,2,65,2.7,247,0.0,0
2024-02-15T07:00,13.0,89,12.9,0.00,1,22,3.1,249,4.0,1
2024-02-15T08:00,14.6,85,15.0,0.00,0,2,1.3,214,107.0,1
2024-02-15T09:00,17.5,77,18.4,0.00,0,1,0.8,117,296.0,1
2024-02-15T10:00,19.3,73,20.2,0.00,0,4,3.5,24,482.0,1
2024-02-15T11:00,21.2,69,23.2,0.00,0,17,2.9,60,645.0,1
2024-02-15T12:00,23.0,64,25.1,0.00,1,41,6.1,93,715.0,1
2024-02-15T13:00,24.4,61,26.4,0.10,51,39,6.9,84,696.0,1
2024-02-15T14:00,24.8,61,27.0,0.00,1,22,3.6,96,603.0,1
2024-02-15T15:00,25.1,61,26.9,0.00,1,20,4.5,104,505.0,1
2024-02-15T16:00,24.8,61,26.9,0.00,1,28,1.6,117,392.0,1
2024-02-15T17:00,23.2,70,25.4,0.10,51,57,4.0,265,179.0,1
2024-02-15T18:00,21.4,78,23.3,0.00,2,66,4.7,58,33.0,0
2024-02-15T19:00,19.1,88,20.7,0.30,51,100,6.0,57,0.0,0
2024-02-15T20:00,13.8,91,13.0,1.20,55,100,10.0,105,0.0,0
2024-02-15T21:00,14.2,89,14.1,1.00,55,100,5.8,173,0.0,0
2024-02-15T22:00,13.6,86,12.7,0.20,51,100,8.6,147,0.0,0
2024-02-15T23:00,12.7,85,11.3,0.10,51,100,10.1,125,0.0,0
2024-02-16T00:00,11.9,85,10.3,0.00,3,100,9.7,117,0.0,0
2024-02-16T01:00,11.4,84,10.0,0.00,3,100,7.2,117,0.0,0
2024-02-16T02:00,11.0,83,9.4,0.00,3,100,7.6,109,0.0,0
2024-02-16T03:00,10.6,83,9.1,0.00,3,100,6.5,109,0.0,0
2024-02-16T04:00,10.5,81,8.9,0.00,3,100,6.1,93,0.0,0
2024-02-16T05:00,10.2,81,8.6,0.00,3,100,6.5,90,0.0,0
2024-02-16T06:00,10.0,82,8.2,0.00,3,100,7.3,101,0.0,0
2024-02-16T07:00,9.9,82,8.0,0.00,3,100,7.5,107,1.0,1
2024-02-16T08:00,9.9,81,7.9,0.00,3,100,7.9,106,29.0,1
2024-02-16T09:00,10.4,79,8.3,0.00,3,100,8.9,104,59.0,1
2024-02-16T10:00,10.2,79,8.2,0.50,53,100,8.1,103,61.0,1
2024-02-16T11:00,10.5,78,8.6,0.20,51,100,7.4,104,109.0,1
2024-02-16T12:00,11.1,77,9.4,0.00,3,100,6.4,117,237.0,1
2024-02-16T13:00,12.4,72,10.8,0.00,3,100,5.8,112,477.0,1
2024-02-16T14:00,13.3,69,11.9,0.00,3,100,5.2,124,446.0,1
2024-02-16T15:00,13.9,67,12.3,0.00,3,91,6.7,126,362.0,1
2024-02-16T16:00,13.8,66,11.8,0.00,3,100,9.1,124,267.0,1
2024-02-16T17:00,12.5,68,10.0,0.00,3,99,11.5,122,130.0,1
2024-02-16T18:00,10.6,73,8.3,0.00,2,69,9.2,129,36.0,0
2024-02-16T19:00,9.6,79,7.7,0.00,1,47,6.4,128,0.0,0
2024-02-16T20:00,8.8,84,7.1,0.00,1,36,4.4,125,0.0,0
2024-02-16T21:00,8.9,84,7.5,0.00,2,74,3.1,126,0.0,0
2024-02-16T22:00,8.2,88,6.8,0.00,2,79,3.6,135,0.0,0
2024-02-16T23:00,8.1,89,6.6,0.00,3,95,3.4,148,0.0,0
2024-02-17T00:00,7.9,91,6.5,0.00,3,100,3.9,158,0.0,0
2024-02-17T01:00,7.6,92,6.0,0.00,3,100,4.0,170,0.0,0
2024-02-17T02:00,7.6,91,6.1,0.00,3,96,3.6,174,0.0,0
2024-02-17T03:00,8.6,85,7.4,0.00,3,98,2.4,207,0.0,0
2024-02-17T04:00,8.7,85,7.5,0.00,3,99,1.8,233,0.0,0
2024-02-17T05:00,8.7,85,7.6,0.00,3,100,1.1,252,0.0,0
2024-02-17T06:00,8.4,88,7.1,0.00,3,100,2.6,214,0.0,0
2024-02-17T07:00,7.2,97,5.9,0.00,3,100,3.2,207,4.0,1
2024-02-17T08:00,9.2,90,8.3,0.00,2,60,1.6,207,99.0,1
2024-02-17T09:00,11.5,79,10.6,0.00,1,25,2.3,141,312.0,1
2024-02-17T10:00,13.4,74,12.6,0.00,3,84,3.0,104,511.0,1
2024-02-17T11:00,15.1,69,15.1,0.00,3,85,4.1,105,648.0,1
2024-02-17T12:00,16.6,67,17.3,0.00,1,37,5.0,111,743.0,1
2024-02-17T13:00,18.0,64,19.0,0.00,1,27,5.4,94,769.0,1
2024-02-17T14:00,19.5,62,19.8,0.00,0,18,8.3,85,711.0,1
2024-02-17T15:00,20.6,60,19.8,0.00,0,1,11.6,97,515.0,1
2024-02-17T16:00,19.9,62,18.2,0.00,0,0,16.6,112,423.0,1
2024-02-17T17:00,17.8,70,16.8,0.00,0,0,11.6,97,230.0,1
2024-02-17T18:00,14.9,81,14.6,0.00,0,0,6.5,90,49.0,0
2024-02-17T19:00,12.9,91,12.6,0.00,0,0,5.1,86,0.0,0
2024-02-17T20:00,11.6,94,10.9,0.00,0,5,6.2,80,0.0,0
2024-02-17T21:00,11.4,97,11.2,0.00,3,87,3.9,112,0.0,0
2024-02-17T22:00,11.4,97,11.5,0.00,3,96,2.1,121,0.0,0
2024-02-17T23:00,11.5,98,11.7,0.00,3,100,1.1,360,0.0,0
2024-02-18T00:00,11.3,99,11.3,0.00,3,100,2.3,309,0.0,0
2024-02-18T01:00,10.7,100,10.6,0.00,3,100,2.4,297,0.0,0
2024-02-18T02:00,11.1,100,11.2,0.00,3,100,1.1,270,0.0,0
2024-02-18T03:00,11.2,97,11.3,0.00,3,100,1.3,236,0.0,0
2024-02-18T04:00,11.1,98,11.2,0.00,3,100,1.1,198,0.0,0
2024-02-18T05:00,11.1,97,11.3,0.00,3,100,0.5,225,0.0,0
2024-02-18T06:00,11.3,95,11.4,0.00,3,100,0.5,225,0.0,0
2024-02-18T07:00,11.4,94,11.5,0.00,3,100,0.8,297,3.0,1
2024-02-18T08:00,12.1,92,12.2,0.00,3,100,1.5,315,45.0,1
2024-02-18T09:00,14.8,86,15.2,0.00,3,89,2.6,74,226.0,1
2024-02-18T10:00,16.4,82,16.8,0.00,3,81,4.3,85,374.0,1
2024-02-18T11:00,18.7,75,19.2,0.00,3,100,7.5,73,585.0,1
2024-02-18T12:00,20.0,72,20.2,0.00,3,100,9.7,86,467.0,1
2024-02-18T13:00,23.0,66,24.2,0.00,2,50,6.5,124,508.0,1
2024-02-18T14:00,25.9,54,26.2,0.00,2,74,15.8,210,657.0,1
2024-02-18T15:00,27.0,48,26.4,0.00,3,86,15.7,196,542.0,1
2024-02-18T16:00,24.8,60,24.4,0.00,3,89,18.0,151,402.0,1
2024-02-18T17:00,22.3,71,22.6,0.00,3,94,14.4,143,219.0,1
2024-02-18T18:00,20.5,77,21.3,0.00,3,94,9.0,157,47.0,0
2024-02-18T19:00,18.7,86,20.0,0.00,3,90,6.4,142,0.0,0
2024-02-18T20:00,17.9,92,19.5,0.00,3,96,4.9,126,0.0,0
2024-02-18T21:00,17.8,92,19.2,0.00,3,91,6.0,155,0.0,0
2024-02-18T22:00,17.0,95,18.2,0.00,2,67,5.6,165,0.0,0
2024-02-18T23:00,16.8,95,17.9,0.00,2,64,6.0,163,0.0,0
2024-02-19T00:00,18.2,91,20.2,0.00,2,63,2.7,247,0.0,0
2024-02-19T01:00,16.7,96,18.0,0.00,3,94,5.7,342,0.0,0
2024-02-19T02:00,16.7,95,17.7,0.00,2,76,7.0,339,0.0,0
2024-02-19T03:00,16.3,97,17.7,0.00,1,44,4.0,355,0.0,0
2024-02-19T04:00,15.4,98,16.4,0.00,3,96,5.0,360,0.0,0
2024-02-19T05:00,16.4,95,18.0,0.00,2,58,1.6,63,0.0,0
2024-02-19T06:00,15.4,98,16.6,0.00,3,100,3.6,6,0.0,0
2024-02-19T07:00,16.0,96,17.3,0.00,3,100,3.7,349,3.0,1
2024-02-19T08:00,17.4,91,18.8,0.00,3,100,4.0,5,47.0,1
2024-02-19T09:00,19.0,88,20.8,0.00,3,86,5.1,352,226.0,1
2024-02-19T10:00,21.5,80,23.5,0.00,3,97,5.6,27,426.0,1
2024-02-19T11:00,23.4,75,25.3,0.00,3,100,8.7,52,488.0,1
2024-02-19T12:00,24.9,72,27.4,0.00,3,100,7.6,45,515.0,1
2024-02-19T13:00,26.2,68,29.3,0.00,3,100,5.4,48,470.0,1
2024-02-19T14:00,27.5,62,30.2,0.00,3,100,6.6,112,481.0,1
2024-02-19T15:00,27.8,57,29.2,0.00,3,100,11.3,153,328.0,1
2024-02-19T16:00,27.4,59,28.8,0.00,3,100,11.8,153,314.0,1
2024-02-19T17:00,25.4,66,27.0,0.00,3,100,10.7,132,144.0,1
2024-02-19T18:00,23.0,74,24.5,0.00,3,99,10.0,131,33.0,0
2024-02-19T19:00,21.0,83,23.1,0.00,3,100,6.1,130,0.0,0
2024-02-19T20:00,19.3,91,21.1,0.00,3,100,6.9,137,0.0,0
2024-02-19T21:00,20.6,86,23.0,0.00,0,2,3.9,158,0.0,0
2024-02-19T22:00,19.9,89,22.5,0.00,0,10,1.8,217,0.0,0
2024-02-19T23:00,19.0,93,21.8,0.00,0,0,1.0,225,0.0,0
2024-02-20T00:00,18.4,97,20.9,0.00,0,0,1.9,338,0.0,0
2024-02-20T01:00,16.8,99,18.7,0.00,0,5,3.2,297,0.0,0
2024-02-20T02:00,16.3,100,18.0,0.00,3,98,3.3,283,0.0,0
2024-02-20T03:00,15.8,100,17.7,0.00,3,97,0.8,243,0.0,0
2024-02-20T04:00,15.4,100,16.9,0.00,3,100,1.8,270,0.0,0
2024-02-20T05:00,15.2,100,16.6,0.00,3,100,2.4,297,0.0,0
2024-02-20T06:00,15.5,100,17.0,0.00,3,100,2.3,288,0.0,0
2024-02-20T07:00,16.0,98,17.6,0.00,3,100,2.6,286,4.0,1
2024-02-20T08:00,17.0,96,18.9,0.00,3,86,2.3,288,75.0,1
2024-02-20T09:00,19.4,90,21.8,0.00,3,99,2.8,320,214.0,1
2024-02-20T10:00,21.8,83,25.1,0.00,2,77,0.0,270,420.0,1
2024-02-20T11:00,23.6,76,26.9,0.00,2,63,4.3,90,634.0,1
2024-02-20T12:00,25.7,67,29.3,0.00,1,43,6.0,65,717.0,1
2024-02-20T13:00,27.6,61,31.2,0.00,2,61,6.5,84,684.0,1
2024-02-20T14:00,29.0,52,31.2,0.00,2,62,10.0,128,640.0,1
2024-02-20T15:00,28.2,54,28.5,0.00,1,46,17.4,128,532.0,1
2024-02-20T16:00,27.2,58,27.8,0.00,1,30,16.4,128,416.0,1
2024-02-20T17:00,25.4,65,26.5,0.00,2,57,13.4,121,233.0,1
2024-02-20T18:00,22.5,75,23.9,0.00,3,95,9.4,108,51.0,0
2024-02-20T19:00,20.4,83,22.1,0.00,3,87,6.5,93,0.0,0
2024-02-20T20:00,18.8,90,20.5,0.00,1,30,5.4,82,0.0,0
2024-02-20T21:00,18.3,91,20.2,0.00,0,5,3.6,96,0.0,0
2024-02-20T22:00,17.4,95,19.2,0.00,1,25,3.6,84,0.0,0
2024-02-20T23:00,16.9,97,18.7,0.00,3,90,3.2,90,0.0,0
2024-02-21T00:00,16.9,97,18.6,0.00,3,99,3.4,72,0.0,0
2024-02-21T01:00,16.6,99,18.6,0.00,3,100,1.9,22,0.0,0
2024-02-21T02:00,16.7,99,18.9,0.00,3,100,0.8,117,0.0,0
2024-02-21T03:00,16.6,99,18.9,0.00,3,100,0.4,180,0.0,0
2024-02-21T04:00,16.5,99,18.6,0.00,3,100,1.3,146,0.0,0
2024-02-21T05:00,16.8,99,18.8,0.00,3,100,2.2,360,0.0,0
2024-02-21T06:00,17.0,99,19.0,0.00,3,100,2.5,360,0.0,0
2024-02-21T07:00,17.0,99,18.8,0.00,3,100,4.1,345,4.0,1
2024-02-21T08:00,17.8,98,20.0,0.00,3,100,3.8,17,47.0,1
2024-02-21T09:00,20.0,88,22.5,0.00,2,64,3.3,77,241.0,1
2024-02-21T10:00,23.0,79,25.4,0.00,3,83,7.1,45,451.0,1
2024-02-21T11:00,24.7,73,27.3,0.00,3,95,7.4,61,365.0,1
2024-02-21T12:00,27.9,61,30.8,0.00,1,37,6.3,156,565.0,1
2024-02-21T13:00,29.9,48,30.7,0.00,0,18,16.9,200,653.0,1
2024-02-21T14:00,30.6,44,30.7,0.00,1,37,19.3,204,645.0,1
2024-02-21T15:00,29.8,47,29.8,0.00,1,35,17.8,198,494.0,1
2024-02-21T16:00,29.2,49,29.6,0.00,1,22,15.1,179,403.0,1
2024-02-21T17:00,27.5,55,28.2,0.00,1,25,13.9,170,232.0,1
2024-02-21T18:00,24.3,73,25.8,0.00,0,11,12.8,158,52.0,0
2024-02-21T19:00,22.6,83,24.6,0.00,0,11,10.9,163,0.0,0
2024-02-21T20:00,21.3,89,23.9,0.00,0,3,6.7,164,0.0,0
2024-02-21T21:00,21.0,86,23.3,0.00,0,0,5.4,176,0.0,0
2024-02-21T22:00,20.4,89,22.7,0.00,0,1,5.4,180,0.0,0
2024-02-21T23:00,20.3,89,23.2,0.00,0,0,1.5,256,0.0,0
2024-02-22T00:00,19.2,92,21.8,0.00,0,3,2.2,279,0.0,0
2024-02-22T01:00,19.1,92,21.8,0.00,0,5,1.5,284,0.0,0
2024-02-22T02:00,17.5,98,19.3,0.00,3,100,5.4,110,0.0,0
2024-02-22T03:00,17.0,93,17.4,0.10,51,100,10.5,117,0.0,0
2024-02-22T04:00,15.7,88,15.6,0.30,51,100,9.2,132,0.0,0
2024-02-22T05:00,14.9,88,14.5,0.50,53,100,8.7,114,0.0,0
2024-02-22T06:00,13.7,92,13.3,0.40,51,100,7.9,133,0.0,0
2024-02-22T07:00,13.4,90,13.0,0.20,51,100,6.6,135,2.0,1
2024-02-22T08:00,13.6,83,12.8,0.10,51,100,6.8,115,25.0,1
2024-02-22T09:00,13.6,84,12.9,0.10,51,100,6.6,103,84.0,1
2024-02-22T10:00,14.1,80,12.9,0.10,51,100,9.1,108,175.0,1
2024-02-22T11:00,14.1,78,12.9,0.10,51,100,8.6,105,185.0,1
2024-02-22T12:00,13.9,77,12.6,0.10,51,100,8.9,111,155.0,1
2024-02-22T13:00,14.4,74,12.9,0.00,3,100,9.7,117,235.0,1
2024-02-22T14:00,14.2,73,12.6,0.00,3,100,10.0,116,203.0,1
2024-02-22T15:00,14.1,73,12.5,0.00,3,100,9.3,118,189.0,1
2024-02-22T16:00,13.6,74,12.1,0.00,3,100,8.7,114,116.0,1
2024-02-22T17:00,13.1,75,11.4,0.00,3,100,9.8,114,62.0,1
2024-02-22T18:00,12.4,77,10.7,0.00,3,100,9.4,113,13.0,0
2024-02-22T19:00,11.8,79,9.9,0.00,3,100,9.4,113,0.0,0
2024-02-22T20:00,11.4,80,9.6,0.00,3,100,8.6,105,0.0,0
2024-02-22T21:00,10.6,79,8.8,0.00,3,100,7.6,87,0.0,0
2024-02-22T22:00,10.6,79,8.9,0.00,3,100,6.5,90,0.0,0
2024-02-22T23:00,10.5,79,9.1,0.00,3,100,4.4,81,0.0,0
2024-02-23T00:00,10.3,81,8.8,0.10,51,100,5.4,86,0.0,0
2024-02-23T01:00,10.2,81,8.6,0.10,51,100,5.8,94,0.0,0
2024-02-23T02:00,10.1,81,8.6,0.10,51,100,5.4,86,0.0,0
2024-02-23T03:00,10.0,82,8.4,0.10,51,100,5.8,90,0.0,0
2024-02-23T04:00,9.9,82,8.4,0.10,51,100,5.2,102,0.0,0
2024-02-23T05:00,9.9,82,8.4,0.10,51,100,4.7,90,0.0,0
2024-02-23T06:00,9.9,82,8.3,0.00,3,100,5.1,98,0.0,0
2024-02-23T07:00,10.0,82,8.7,0.00,3,100,3.7,101,1.0,1
2024-02-23T08:00,10.4,80,9.0,0.00,3,100,4.3,85,25.0,1
2024-02-23T09:00,10.5,81,9.0,0.00,3,100,5.4,98,74.0,1
2024-02-23T10:00,11.1,78,9.4,0.00,3,100,6.4,106,165.0,1
2024-02-23T11:00,11.6,75,10.2,0.00,3,100,5.2,106,191.0,1
2024-02-23T12:00,12.8,71,11.2,0.00,3,100,6.2,97,296.0,1
2024-02-23T13:00,12.9,70,11.3,0.00,3,100,7.3,110,235.0,1
2024-02-23T14:00,12.8,71,10.9,0.00,3,100,8.9,111,185.0,1
2024-02-23T15:00,12.6,71,10.6,0.00,3,100,9.7,105,186.0,1
2024-02-23T16:00,12.1,72,9.9,0.00,3,100,10.1,107,86.0,1
2024-02-23T17:00,11.6,73,9.2,0.00,3,100,10.3,102,59.0,1
2024-02-23T18:00,10.8,76,8.6,0.00,3,100,9.5,99,16.0,1
2024-02-23T19:00,10.2,78,8.2,0.00,3,100,8.3,88,0.0,0
2024-02-23T20:00,10.1,78,8.0,0.00,3,100,8.1,77,0.0,0
2024-02-23T21:00,9.7,80,8.0,0.10,51,100,5.4,70,0.0,0
2024-02-23T22:00,9.6,80,7.6,0.20,51,100,7.1,75,0.0,0
2024-02-23T23:00,9.7,80,8.5,0.30,51,100,2.2,9,0.0,0
2024-02-24T00:00,9.6,86,8.5,0.60,53,100,2.9,60,0.0,0
2024-02-24T01:00,9.6,84,8.4,0.00,3,100,2.9,60,0.0,0
2024-02-24T02:00,9.6,85,8.3,0.00,3,100,3.8,107,0.0,0
2024-02-24T03:00,9.6,84,8.3,0.00,3,100,3.4,108,0.0,0
2024-02-24T04:00,9.4,84,8.2,0.00,3,100,3.3,96,0.0,0
2024-02-24T05:00,9.4,85,8.0,0.00,3,100,3.7,101,0.0,0
2024-02-24T06:00,9.3,84,7.9,0.00,3,100,4.0,95,0.0,0
2024-02-24T07:00,9.4,84,7.8,0.00,3,100,5.0,90,3.0,1
2024-02-24T08:00,9.5,84,8.0,0.00,3,100,5.0,90,35.0,1
2024-02-24T09:00,10.1,82,8.6,0.00,3,100,5.1,86,114.0,1
2024-02-24T10:00,10.0,86,8.9,1.70,61,100,3.2,117,98.0,1
2024-02-24T11:00,10.8,85,9.9,0.70,53,100,3.7,101,217.0,1
2024-02-24T12:00,11.4,79,10.2,0.40,51,100,4.0,95,189.0,1
2024-02-24T13:00,12.7,76,12.0,0.00,3,100,2.5,90,404.0,1
2024-02-24T14:00,13.2,75,12.5,0.00,3,100,2.6,74,294.0,1
2024-02-24T15:00,13.4,75,12.7,0.00,3,100,3.6,45,184.0,1
2024-02-24T16:00,14.1,72,13.6,0.00,3,100,2.4,63,179.0,1
2024-02-24T17:00,14.1,73,13.2,0.00,3,100,5.2,115,69.0,1
2024-02-24T18:00,12.9,75,11.3,0.00,3,100,9.1,124,25.0,1
2024-02-24T19:00,11.4,78,9.4,0.00,3,100,10.3,115,0.0,0
2024-02-24T20:00,10.8,80,9.1,0.00,3,98,7.3,110,0.0,0
2024-02-24T21:00,11.2,85,10.0,0.00,3,99,5.8,94,0.0,0
2024-02-24T22:00,11.1,85,10.1,0.00,3,100,4.0,80,0.0,0
2024-02-24T23:00,11.1,85,10.3,0.00,3,100,3.1,54,0.0,0
2024-02-25T00:00,11.2,83,10.3,0.00,3,100,3.2,63,0.0,0
2024-02-25T01:00,11.2,83,10.4,0.00,3,100,2.7,67,0.0,0
2024-02-25T02:00,11.0,84,10.3,0.00,3,100,1.9,22,0.0,0
2024-02-25T03:00,11.1,79,10.0,0.00,3,100,3.6,360,0.0,0
2024-02-25T04:00,11.0,76,9.7,0.10,51,100,3.6,6,0.0,0
2024-02-25T05:00,10.7,76,9.2,0.30,51,100,4.6,342,0.0,0
2024-02-25T06:00,10.5,76,8.9,0.00,1,42,4.5,346,0.0,0
2024-02-25T07:00,9.8,86,8.7,0.00,3,100,2.9,360,7.0,1
2024-02-25T08:00,10.9,76,9.9,0.00,3,100,1.5,45,73.0,1
2024-02-25T09:00,10.6,82,9.8,0.20,51,100,1.8,53,78.0,1
2024-02-25T10:00,11.4,79,10.5,0.20,51,100,2.6,74,147.0,1
2024-02-25T11:00,12.1,76,11.1,0.10,51,100,3.6,90,218.0,1
2024-02-25T12:00,12.2,76,11.5,0.30,51,100,1.3,124,154.0,1
2024-02-25T13:00,11.4,85,10.3,0.90,53,100,5.4,110,72.0,1
2024-02-25T14:00,11.4,83,10.1,0.80,53,100,6.0,107,128.0,1
2024-02-25T15:00,11.9,81,10.8,0.00,3,100,6.0,107,240.0,1
2024-02-25T16:00,11.6,81,9.9,0.10,51,100,8.1,103,121.0,1
2024-02-25T17:00,10.8,82,8.9,0.00,3,100,8.8,109,46.0,1
2024-02-25T18:00,10.1,83,8.3,0.00,3,100,7.4,104,17.0,1
2024-02-25T19:00,9.6,84,7.9,0.00,3,100,6.7,106,0.0,0
2024-02-25T20:00,9.5,83,7.7,0.00,3,100,6.9,99,0.0,0
2024-02-25T21:00,8.9,84,7.1,0.00,3,100,5.8,83,0.0,0
2024-02-25T22:00,8.8,83,7.1,0.00,3,100,5.0,69,0.0,0
2024-02-25T23:00,8.8,83,7.2,0.00,3,100,4.2,59,0.0,0
2024-02-26T00:00,8.7,83,7.1,0.00,3,100,4.1,52,0.0,0
2024-02-26T01:00,8.6,82,7.0,0.00,3,100,4.1,52,0.0,0
2024-02-26T02:00,8.6,81,6.7,0.00,3,100,5.9,47,0.0,0
2024-02-26T03:00,8.6,82,6.7,0.40,51,100,5.9,52,0.0,0
2024-02-26T04:00,8.5,81,6.8,0.10,51,100,4.4,81,0.0,0
2024-02-26T05:00,8.4,81,6.4,0.20,51,100,5.4,82,0.0,0
2024-02-26T06:00,8.1,83,5.9,0.00,3,100,6.5,84,0.0,0
2024-02-26T07:00,7.8,83,5.7,0.10,51,100,6.5,90,2.0,1
2024-02-26T08:00,7.5,88,5.6,0.90,53,100,5.4,86,13.0,1
2024-02-26T09:00,7.8,85,5.5,0.10,51,100,8.3,90,93.0,1
2024-02-26T10:00,7.9,88,6.0,1.20,55,100,6.5,93,112.0,1
2024-02-26T11:00,8.2,82,6.0,1.00,55,99,7.2,93,107.0,1
2024-02-26T12:00,9.4,77,7.3,0.10,51,100,6.2,83,231.0,1
2024-02-26T13:00,9.1,78,6.8,0.50,53,100,7.6,85,133.0,1
2024-02-26T14:00,9.9,74,7.6,0.10,51,100,7.6,95,207.0,1
2024-02-26T15:00,9.6,75,7.1,0.00,3,100,8.9,104,93.0,1
2024-02-26T16:00,9.4,75,6.9,0.10,51,100,8.5,102,65.0,1
2024-02-26T17:00,9.1,74,6.7,0.10,51,100,7.7,101,35.0,1
2024-02-26T18:00,8.7,75,6.5,0.10,51,100,5.8,94,10.0,1
2024-02-26T19:00,8.5,75,6.5,0.00,3,100,4.4,81,0.0,0
2024-02-26T20:00,8.4,76,6.7,0.00,3,100,2.9,60,0.0,0
2024-02-26T21:00,7.8,80,6.2,0.00,3,100,2.3,51,0.0,0
2024-02-26T22:00,7.9,79,6.2,0.10,51,100,3.1,36,0.0,0
2024-02-26T23:00,7.9,80,6.2,0.30,51,100,2.9,30,0.0,0
2024-02-27T00:00,7.9,79,6.2,0.00,3,100,2.6,16,0.0,0
2024-02-27T01:00,7.8,85,6.3,0.00,3,100,2.3,51,0.0,0
2024-02-27T02:00,7.9,84,6.7,0.10,51,99,1.1,72,0.0,0
2024-02-27T03:00,7.8,85,6.4,0.10,51,100,1.9,22,0.0,0
2024-02-27T04:00,7.9,82,6.4,0.20,51,100,2.2,81,0.0,0
2024-02-27T05:00,7.9,82,6.4,0.00,3,100,2.6,74,0.0,0
2024-02-27T06:00,7.9,82,6.4,0.00,3,100,2.2,90,0.0,0
2024-02-27T07:00,7.9,82,6.3,0.00,3,100,2.7,113,3.0,1
2024-02-27T08:00,8.2,81,6.6,0.00,3,99,3.3,103,37.0,1
2024-02-27T09:00,8.8,79,6.8,0.00,3,100,5.6,75,130.0,1
2024-02-27T10:00,9.8,76,7.9,0.00,3,100,5.4,94,278.0,1
2024-02-27T11:00,10.7,73,8.8,0.00,3,100,5.9,104,364.0,1
2024-02-27T12:00,11.9,68,10.2,0.00,3,100,5.5,101,436.0,1
2024-02-27T13:00,12.5,66,10.8,0.00,3,100,5.0,111,349.0,1
2024-02-27T14:00,13.2,64,11.7,0.00,3,100,3.9,112,370.0,1
2024-02-27T15:00,13.1,64,11.3,0.00,3,100,5.7,125,188.0,1
2024-02-27T16:00,12.6,64,10.3,0.00,3,100,9.2,116,111.0,1
2024-02-27T17:00,11.4,68,8.7,0.00,3,100,11.3,112,76.0,1
2024-02-27T18:00,10.2,72,8.0,0.00,3,85,7.9,114,35.0,1
2024-02-27T19:00,9.8,74,7.9,0.00,3,100,5.6,105,0.0,0
2024-02-27T20:00,9.8,75,8.2,0.00,3,100,3.3,84,0.0,0
2024-02-27T21:00,8.9,78,7.3,0.00,3,100,3.2,63,0.0,0
2024-02-27T22:00,8.8,80,7.3,0.30,51,98,2.6,56,0.0,0
2024-02-27T23:00,8.6,87,7.3,0.10,51,97,2.3,321,0.0,0
2024-02-28T00:00,8.9,82,7.6,0.00,3,100,1.9,338,0.0,0
2024-02-28T01:00,8.9,83,7.6,0.00,3,100,1.8,349,0.0,0
2024-02-28T02:00,8.9,88,7.8,0.00,3,100,2.2,351,0.0,0
2024-02-28T03:00,9.1,80,8.0,0.00,3,100,0.8,297,0.0,0
2024-02-28T04:00,8.9,87,7.8,0.00,3,100,2.0,315,0.0,0
2024-02-28T05:00,9.2,80,8.0,0.00,3,99,1.4,360,0.0,0
2024-02-28T06:00,9.3,78,8.0,0.00,3,100,1.5,14,0.0,0
2024-02-28T07:00,9.2,79,7.9,0.00,3,98,1.9,112,8.0,1
2024-02-28T08:00,9.9,79,8.9,0.00,3,100,1.0,135,119.0,1
2024-02-28T09:00,10.4,78,9.6,0.00,3,100,0.4,90,176.0,1
2024-02-28T10:00,10.3,81,9.2,0.20,51,88,2.3,141,97.0,1
2024-02-28T11:00,12.6,75,11.9,0.00,3,100,0.8,63,450.0,1
2024-02-28T12:00,13.2,73,12.4,0.00,3,85,2.7,23,315.0,1
2024-02-28T13:00,14.6,69,14.0,0.00,3,97,2.7,23,446.0,1
2024-02-28T14:00,14.8,70,13.9,0.10,51,100,5.1,39,297.0,1
2024-02-28T15:00,13.8,77,13.2,0.00,2,65,3.6,84,84.0,1
2024-02-28T16:00,15.4,72,15.2,0.00,1,32,1.8,360,272.0,1
2024-02-28T17:00,15.8,71,15.4,0.00,0,17,3.4,58,209.0,1
2024-02-28T18:00,13.8,81,13.0,0.00,1,30,6.5,124,55.0,1
2024-02-28T19:00,12.1,86,11.0,0.00,2,55,7.7,127,0.0,0
2024-02-28T20:00,10.9,92,10.1,0.00,3,88,4.3,132,0.0,0
2024-02-28T21:00,10.4,93,9.7,0.00,3,83,4.4,125,0.0,0
2024-02-28T22:00,10.4,93,9.6,0.00,3,88,3.8,139,0.0,0
2024-02-28T23:00,9.7,97,8.9,0.00,3,99,3.9,146,0.0,0
2024-02-29T00:00,10.0,96,9.6,0.00,3,100,1.8,270,0.0,0
2024-02-29T01:00,10.2,97,9.9,0.00,3,100,1.8,259,0.0,0
2024-02-29T02:00,10.8,92,10.4,0.00,3,100,1.5,194,0.0,0
2024-02-29T03:00,10.9,92,10.6,0.00,3,99,1.1,198,0.0,0
2024-02-29T04:00,10.9,91,10.7,0.00,3,100,1.3,146,0.0,0
2024-02-29T05:00,11.1,91,11.0,0.00,3,100,0.7,180,0.0,0
2024-02-29T06:00,11.3,90,11.0,0.00,3,100,1.9,158,0.0,0
2024-02-29T07:00,11.6,88,11.2,0.00,3,100,1.9,158,4.0,1
2024-02-29T08:00,12.2,85,12.0,0.00,3,100,1.0,135,49.0,1
2024-02-29T09:00,12.9,81,12.7,0.00,3,100,0.8,117,114.0,1
2024-02-29T10:00,14.2,78,13.9,0.00,3,83,3.4,122,289.0,1
2024-02-29T11:00,16.6,72,16.4,0.00,3,100,4.6,18,527.0,1
2024-02-29T12:00,16.7,74,15.7,0.00,3,100,11.2,318,278.0,1
2024-02-29T13:00,15.9,68,14.0,0.00,3,100,13.1,286,221.0,1
2024-02-29T14:00,16.1,65,14.1,0.00,3,100,12.6,283,226.0,1
2024-02-29T15:00,15.5,65,13.5,0.00,3,100,11.9,284,150.0,1
2024-02-29T16:00,13.9,72,11.8,0.10,51,100,12.9,300,74.0,1
2024-02-29T17:00,13.1,79,11.5,4.60,63,100,10.5,297,32.0,1
2024-02-29T18:00,11.6,90,10.1,7.80,65,100,10.6,298,6.0,1
2024-02-29T19:00,10.9,90,8.8,1.20,55,100,13.5,299,0.0,0
2024-02-29T20:00,10.8,91,9.7,3.50,63,100,6.1,270,0.0,0
2024-02-29T21:00,10.6,91,8.8,1.10,55,100,10.9,297,0.0,0
2024-02-29T22:00,10.1,91,8.7,0.60,53,100,7.8,283,0.0,0
2024-02-29T23:00,9.9,88,8.4,0.30,51,100,6.9,298,0.0,0
2024-03-01T00:00,9.6,91,7.9,0.60,53,100,8.3,304,0.0,0
2024-03-01T01:00,9.3,86,7.2,0.10,51,100,9.5,299,0.0,0
2024-03-01T02:00,8.9,86,6.8,0.00,3,100,9.2,296,0.0,0
2024-03-01T03:00,8.9,86,6.9,0.00,3,100,7.6,301,0.0,0
2024-03-01T04:00,8.8,86,6.8,0.00,3,100,7.9,300,0.0,0
2024-03-01T05:00,8.9,85,7.0,0.00,3,100,6.8,302,0.0,0
2024-03-01T06:00,9.0,85,7.1,0.00,3,100,6.9,313,0.0,0
2024-03-01T07:00,9.2,86,7.8,0.00,3,99,4.9,343,3.0,1
2024-03-01T08:00,9.8,85,8.3,0.00,3,100,5.4,8,60.0,1
2024-03-01T09:00,10.1,76,8.3,0.00,3,100,5.1,39,77.0,1
2024-03-01T10:00,10.1,71,7.6,0.00,3,100,8.5,54,103.0,1
2024-03-01T11:00,10.7,66,7.8,0.00,3,100,10.7,48,219.0,1
2024-03-01T12:00,11.8,60,9.0,0.00,3,99,9.7,42,348.0,1
2024-03-01T13:00,12.6,57,10.0,0.00,3,100,8.2,52,382.0,1
2024-03-01T14:00,12.1,57,9.5,0.00,3,100,7.5,55,166.0,1
2024-03-01T15:00,10.9,67,8.3,0.50,53,100,9.7,92,88.0,1
2024-03-01T16:00,10.2,72,7.5,0.20,51,100,10.8,94,108.0,1
2024-03-01T17:00,9.9,71,7.1,0.00,3,100,11.2,88,95.0,1
2024-03-01T18:00,9.4,75,6.9,0.10,51,100,8.8,78,9.0,1
2024-03-01T19:00,9.1,77,6.6,0.20,51,100,8.9,76,0.0,0
2024-03-01T20:00,8.8,80,6.5,0.10,51,100,8.4,70,0.0,0
2024-03-01T21:00,7.9,82,5.8,0.00,3,100,6.5,84,0.0,0
2024-03-01T22:00,7.8,81,5.5,0.00,3,100,6.6,81,0.0,0
2024-03-01T23:00,7.3,81,5.0,0.00,3,100,6.9,84,0.0,0
2024-03-02T00:00,6.9,81,4.7,0.00,2,73,5.8,90,0.0,0
2024-03-02T01:00,6.1,83,4.0,0.00,3,96,3.5,66,0.0,0
2024-03-02T02:00,6.4,79,4.1,0.00,3,87,5.0,69,0.0,0
2024-03-02T03:00,5.8,81,3.7,0.00,3,82,3.2,90,0.0,0
2024-03-02T04:00,4.7,85,2.2,0.00,2,61,4.7,90,0.0,0
2024-03-02T05:00,5.7,74,3.2,0.00,1,45,3.5,66,0.0,0
2024-03-02T06:00,6.2,69,3.8,0.00,1,44,3.3,49,0.0,0
2024-03-02T07:00,5.3,81,3.1,0.00,1,30,3.3,49,11.0,1
2024-03-02T08:00,6.9,67,4.3,0.00,1,23,4.8,48,129.0,1
2024-03-02T09:00,7.8,67,5.2,0.00,1,24,6.1,62,241.0,1
2024-03-02T10:00,9.2,62,6.6,0.00,1,33,6.2,69,502.0,1
2024-03-02T11:00,10.8,58,8.7,0.00,3,100,7.3,70,652.0,1
2024-03-02T12:00,11.6,56,9.1,0.00,3,100,7.1,105,568.0,1
2024-03-02T13:00,11.6,57,8.9,0.00,3,100,8.0,117,442.0,1
2024-03-02T14:00,11.9,56,9.3,0.00,3,100,7.1,114,464.0,1
2024-03-02T15:00,11.7,57,8.9,0.00,3,100,9.0,127,305.0,1
2024-03-02T16:00,11.8,57,8.9,0.00,3,100,9.3,118,319.0,1
2024-03-02T17:00,10.6,59,6.9,0.00,3,100,14.1,109,152.0,1
2024-03-02T18:00,8.9,66,5.5,0.00,1,30,11.8,110,26.0,1
2024-03-02T19:00,8.1,70,5.9,0.00,1,40,4.7,113,0.0,0
2024-03-02T20:00,7.1,76,4.9,0.00,1,44,4.2,110,0.0,0
2024-03-02T21:00,5.9,82,3.6,0.00,0,3,4.8,117,0.0,0
2024-03-02T22:00,6.1,79,3.7,0.00,0,7,4.3,95,0.0,0
2024-03-02T23:00,7.3,71,5.2,0.00,0,3,2.5,90,0.0,0
2024-03-03T00:00,7.1,73,5.1,0.00,0,1,1.5,76,0.0,0
2024-03-03T01:00,6.8,76,5.0,0.00,0,3,0.7,90,0.0,0
2024-03-03T02:00,6.4,81,4.7,0.00,0,2,1.5,14,0.0,0
2024-03-03T03:00,6.1,91,4.6,0.00,0,0,1.1,342,0.0,0
2024-03-03T04:00,5.6,100,4.2,0.00,3,99,2.0,315,0.0,0
2024-03-03T05:00,5.0,100,3.4,0.00,3,98,2.6,304,0.0,0
2024-03-03T06:00,3.7,100,1.5,0.00,3,98,4.4,305,0.0,0
2024-03-03T07:00,4.3,99,2.5,0.00,3,97,3.6,307,14.0,1
2024-03-03T08:00,6.7,87,4.9,0.00,2,56,3.3,311,145.0,1
2024-03-03T09:00,8.5,81,7.1,0.00,2,59,1.6,333,340.0,1
2024-03-03T10:00,10.6,72,9.5,0.00,0,2,1.1,90,565.0,1
2024-03-03T11:00,12.4,65,11.9,0.00,0,0,3.8,131,733.0,1
2024-03-03T12:00,13.6,59,13.1,0.00,1,26,6.4,142,803.0,1
2024-03-03T13:00,13.7,59,12.3,0.00,2,69,10.8,143,770.0,1
2024-03-03T14:00,13.6,61,11.5,0.00,0,17,12.4,126,671.0,1
2024-03-03T15:00,14.4,61,12.3,0.00,0,17,12.0,111,637.0,1
2024-03-03T16:00,13.9,63,11.1,0.00,0,15,13.4,126,441.0,1
2024-03-03T17:00,12.4,70,9.8,0.00,0,7,12.6,127,237.0,1
2024-03-03T18:00,10.6,80,9.0,0.00,0,3,6.0,123,66.0,1
2024-03-03T19:00,9.0,91,7.6,0.00,0,13,5.4,143,0.0,0
2024-03-03T20:00,8.9,90,7.4,0.00,2,53,5.4,160,0.0,0
2024-03-03T21:00,8.4,88,6.8,0.00,2,72,4.9,126,0.0,0
2024-03-03T22:00,10.1,80,8.8,0.00,3,96,2.6,146,0.0,0
2024-03-03T23:00,9.4,88,8.4,0.00,3,100,2.5,315,0.0,0
2024-03-04T00:00,9.9,84,8.7,0.30,51,100,2.7,293,0.0,0
2024-03-04T01:00,9.9,85,9.2,0.10,51,35,1.0,315,0.0,0
2024-03-04T02:00,8.6,92,7.1,0.00,3,85,4.9,306,0.0,0
2024-03-04T03:00,9.9,86,9.0,0.00,3,100,2.5,262,0.0,0
2024-03-04T04:00,9.1,93,8.1,0.00,3,100,3.6,276,0.0,0
2024-03-04T05:00,9.6,91,8.6,0.00,3,100,3.3,276,0.0,0
2024-03-04T06:00,9.7,91,8.8,0.00,3,100,2.8,220,0.0,0
2024-03-04T07:00,9.9,90,9.2,0.00,3,100,2.6,236,12.0,1
2024-03-04T08:00,11.8,84,11.1,0.00,3,85,3.4,212,107.0,1
2024-03-04T09:00,12.5,85,12.3,0.00,1,28,1.8,217,244.0,1
2024-03-04T10:00,15.0,79,15.3,0.00,1,33,1.1,162,503.0,1
2024-03-04T11:00,16.9,75,17.6,0.00,2,76,2.9,150,603.0,1
2024-03-04T12:00,19.2,68,19.5,0.00,2,53,7.3,99,609.0,1
2024-03-04T13:00,20.9,64,21.8,0.00,0,5,11.6,95,776.0,1
2024-03-04T14:00,21.9,64,22.9,0.00,1,34,10.5,86,737.0,1
2024-03-04T15:00,22.6,62,23.0,0.00,3,91,9.9,109,566.0,1
2024-03-04T16:00,22.4,62,22.1,0.00,2,70,12.5,129,308.0,1
2024-03-04T17:00,20.5,70,20.4,0.00,1,38,12.3,128,188.0,1
2024-03-04T18:00,18.2,78,18.4,0.00,1,21,8.2,119,52.0,1
2024-03-04T19:00,15.9,88,16.5,0.00,1,21,5.1,98,0.0,0
2024-03-04T20:00,14.6,92,14.8,0.00,3,100,6.2,83,0.0,0
2024-03-04T21:00,14.6,91,15.1,0.00,2,76,3.6,45,0.0,0
2024-03-04T22:00,14.1,94,14.4,0.00,3,99,4.4,81,0.0,0
2024-03-04T23:00,14.6,92,15.3,0.00,3,100,2.5,90,0.0,0
2024-03-05T00:00,14.9,90,15.6,0.10,51,100,2.1,59,0.0,0
2024-03-05T01:00,14.9,90,15.7,0.00,3,100,1.9,68,0.0,0
2024-03-05T02:00,15.0,90,15.8,0.00,3,100,2.1,59,0.0,0
2024-03-05T03:00,14.9,90,15.7,0.00,3,100,2.0,45,0.0,0
2024-03-05T04:00,14.9,91,15.7,0.00,3,100,2.5,45,0.0,0
2024-03-05T05:00,14.9,94,15.9,0.00,3,100,2.6,34,0.0,0
2024-03-05T06:00,15.1,92,15.7,0.00,3,100,4.5,346,0.0,0
2024-03-05T07:00,15.1,95,15.9,0.00,3,98,4.7,337,9.0,1
2024-03-05T08:00,16.7,91,18.0,0.00,3,96,3.2,360,93.0,1
2024-03-05T09:00,18.7,85,20.4,0.00,3,94,3.1,21,197.0,1
2024-03-05T10:00,21.9,76,24.1,0.00,3,90,3.1,69,356.0,1
2024-03-05T11:00,25.0,69,27.4,0.00,2,79,6.9,223,553.0,1
2024-03-05T12:00,26.9,61,28.5,0.00,3,80,11.5,212,557.0,1
2024-03-05T13:00,27.6,57,28.4,0.00,0,17,15.3,204,533.0,1
2024-03-05T14:00,28.4,55,29.4,0.00,1,32,15.9,198,593.0,1
2024-03-05T15:00,28.2,56,29.3,0.00,2,60,15.0,210,421.0,1
2024-03-05T16:00,27.6,59,29.5,0.00,3,84,9.9,213,266.0,1
2024-03-05T17:00,26.0,73,29.7,0.00,2,73,3.8,197,143.0,1
2024-03-05T18:00,22.8,83,25.5,0.10,51,99,6.3,156,47.0,1
2024-03-05T19:00,21.6,89,24.5,0.10,51,87,6.3,156,0.0,0
2024-03-05T20:00,21.2,89,24.1,0.10,51,62,5.4,138,0.0,0
2024-03-05T21:00,20.4,92,23.3,0.10,51,91,3.1,306,0.0,0
2024-03-05T22:00,19.2,97,22.1,0.20,51,53,2.9,270,0.0,0
2024-03-05T23:00,18.5,98,21.0,0.10,51,54,3.0,284,0.0,0
2024-03-06T00:00,18.4,98,20.8,0.00,3,94,3.9,292,0.0,0
2024-03-06T01:00,18.2,98,20.4,0.10,51,77,4.6,288,0.0,0
2024-03-06T02:00,18.5,97,20.7,0.40,51,100,5.0,291,0.0,0
2024-03-06T03:00,18.5,97,20.9,3.50,63,100,3.1,111,0.0,0
2024-03-06T04:00,17.1,99,18.3,1.30,61,100,8.6,123,0.0,0
2024-03-06T05:00,15.2,95,15.1,0.10,51,100,10.3,126,0.0,0
2024-03-06T06:00,14.1,93,13.6,0.00,3,99,9.7,121,0.0,0
2024-03-06T07:00,13.5,94,13.0,0.00,3,100,9.0,119,7.0,1
2024-03-06T08:00,13.7,92,13.2,0.00,3,100,9.0,127,76.0,1
2024-03-06T09:00,16.0,87,15.7,0.00,3,100,10.3,119,244.0,1
2024-03-06T10:00,16.0,83,14.9,0.00,3,100,14.0,119,251.0,1
2024-03-06T11:00,15.7,79,14.6,0.00,3,100,12.0,111,236.0,1
2024-03-06T12:00,16.4,74,15.2,0.00,3,100,11.5,104,341.0,1
2024-03-06T13:00,16.1,73,15.3,0.00,3,100,8.6,105,212.0,1
2024-03-06T14:00,16.4,71,15.5,0.00,3,100,8.3,108,238.0,1
2024-03-06T15:00,15.8,72,14.5,0.00,3,100,10.3,119,164.0,1
2024-03-06T16:00,15.1,74,13.8,0.00,3,100,10.3,115,118.0,1
2024-03-06T17:00,14.4,76,13.2,0.00,3,100,8.9,104,44.0,1
2024-03-06T18:00,13.9,77,12.9,0.00,3,100,7.2,108,14.0,1
2024-03-06T19:00,13.5,79,12.5,0.10,51,100,6.8,115,0.0,0
2024-03-06T20:00,13.1,81,12.4,0.70,53,100,4.9,126,0.0,0
2024-03-06T21:00,12.4,91,11.7,0.40,51,100,6.8,115,0.0,0
2024-03-06T22:00,12.2,90,11.9,0.60,53,100,3.4,148,0.0,0
2024-03-06T23:00,11.9,91,11.5,1.50,61,100,4.1,128,0.0,0
2024-03-07T00:00,11.8,92,11.3,0.50,53,100,3.8,139,0.0,0
2024-03-07T01:00,11.6,93,11.1,1.20,55,100,3.9,112,0.0,0
2024-03-07T02:00,11.4,92,10.8,0.40,51,100,4.6,129,0.0,0
2024-03-07T03:00,11.1,88,10.1,0.10,51,100,5.8,94,0.0,0
2024-03-07T04:00,10.9,86,10.0,0.00,3,97,3.9,112,0.0,0
2024-03-07T05:00,10.6,86,9.7,0.00,3,100,3.1,111,0.0,0
2024-03-07T06:00,10.5,85,9.6,0.00,3,100,2.6,106,0.0,0
2024-03-07T07:00,10.9,80,9.9,0.00,3,100,2.9,120,8.0,1
2024-03-07T08:00,11.2,75,9.8,0.00,3,100,5.0,111,76.0,1
2024-03-07T09:00,11.9,69,10.2,0.00,3,100,5.6,63,191.0,1
2024-03-07T10:00,12.6,66,10.8,0.00,3,81,6.0,65,271.0,1
2024-03-07T11:00,13.4,61,11.6,0.00,2,63,5.4,70,361.0,1
2024-03-07T12:00,15.6,57,14.5,0.00,3,100,6.6,61,655.0,1
2024-03-07T13:00,16.5,55,15.7,0.00,3,100,4.5,104,624.0,1
2024-03-07T14:00,17.0,55,15.4,0.00,3,95,6.6,135,543.0,1
2024-03-07T15:00,16.0,56,13.3,0.00,3,98,13.8,131,405.0,1
2024-03-07T16:00,13.0,61,9.2,0.00,2,58,18.9,121,292.0,1
2024-03-07T17:00,12.2,64,9.6,0.00,2,52,10.1,107,183.0,1
2024-03-07T18:00,11.9,66,10.5,0.00,3,88,3.1,126,51.0,1
2024-03-07T19:00,11.6,65,9.8,0.00,1,25,3.8,131,0.0,0
2024-03-07T20:00,9.8,74,7.9,0.00,0,8,5.4,132,0.0,0
2024-03-07T21:00,9.2,77,7.4,0.00,1,22,5.1,94,0.0,0
2024-03-07T22:00,10.7,64,8.9,0.00,1,27,2.5,45,0.0,0
2024-03-07T23:00,10.3,68,8.8,0.00,0,19,1.8,360,0.0,0
2024-03-08T00:00,9.9,74,8.3,0.00,1,21,3.3,354,0.0,0
2024-03-08T01:00,9.4,80,8.2,0.00,1,23,2.2,360,0.0,0
2024-03-08T02:00,9.1,85,8.1,0.00,1,25,1.5,346,0.0,0
2024-03-08T03:00,8.9,90,7.9,0.00,1,26,2.0,315,0.0,0
2024-03-08T04:00,7.8,95,6.3,0.00,0,12,4.6,315,0.0,0
2024-03-08T05:00,8.6,94,7.4,0.00,0,3,3.8,319,0.0,0
2024-03-08T06:00,8.4,93,7.3,0.00,0,7,3.3,319,0.0,0
2024-03-08T07:00,7.6,98,6.3,0.00,0,14,3.4,302,19.0,1
2024-03-08T08:00,9.9,88,9.2,0.00,0,5,1.6,297,165.0,1
2024-03-08T09:00,12.3,70,11.1,0.00,0,0,2.7,203,387.0,1
2024-03-08T10:00,14.1,61,12.9,0.00,0,13,4.2,121,585.0,1
2024-03-08T11:00,15.8,54,14.5,0.00,0,10,9.4,83,726.0,1
2024-03-08T12:00,16.8,47,15.2,0.00,3,90,9.0,74,700.0,1
2024-03-08T13:00,17.0,45,14.9,0.00,3,100,9.8,84,629.0,1
2024-03-08T14:00,15.9,51,12.4,0.00,1,24,16.6,117,511.0,1
2024-03-08T15:00,15.0,54,12.0,0.00,0,3,16.2,127,637.0,1
2024-03-08T16:00,14.1,54,10.7,0.00,0,13,14.6,106,480.0,1
2024-03-08T17:00,13.1,53,10.0,0.00,0,7,11.1,103,261.0,1
2024-03-08T18:00,11.4,59,9.0,0.00,0,1,6.4,106,74.0,1
2024-03-08T19:00,9.6,71,7.3,0.00,0,7,6.6,99,0.0,0
2024-03-08T20:00,11.3,57,9.3,0.00,0,13,2.6,146,0.0,0
2024-03-08T21:00,10.7,63,9.0,0.00,0,13,1.8,360,0.0,0
2024-03-08T22:00,10.4,67,8.6,0.00,0,11,3.1,339,0.0,0
2024-03-08T23:00,9.9,73,8.3,0.00,0,0,2.7,337,0.0,0
2024-03-09T00:00,8.6,87,7.2,0.00,0,0,3.6,323,0.0,0
2024-03-09T01:00,8.6,92,7.3,0.00,0,0,3.9,326,0.0,0
2024-03-09T02:00,8.9,95,8.0,0.00,0,3,2.7,337,0.0,0
2024-03-09T03:00,8.5,99,7.8,0.00,1,27,1.8,37,0.0,0
2024-03-09T04:00,7.3,100,6.1,0.00,3,97,3.5,24,0.0,0
2024-03-09T05:00,6.2,92,4.1,0.00,3,100,5.8,338,0.0,0
2024-03-09T06:00,7.9,90,6.4,0.00,3,100,3.6,360,0.0,0
2024-03-09T07:00,8.3,87,6.9,0.10,51,100,3.0,346,3.0,1
2024-03-09T08:00,9.3,76,7.9,0.00,3,100,1.4,90,30.0,1
2024-03-09T09:00,9.1,81,7.7,0.40,51,100,3.1,36,78.0,1
2024-03-09T10:00,9.5,81,7.5,0.30,51,100,7.3,57,150.0,1
2024-03-09T11:00,9.5,81,7.6,0.40,51,100,6.6,49,107.0,1
2024-03-09T12:00,9.6,80,7.8,0.70,53,100,5.9,47,121.0,1
2024-03-09T13:00,9.9,75,8.1,0.90,53,100,4.9,73,170.0,1
2024-03-09T14:00,10.6,71,8.4,0.00,3,100,7.8,68,269.0,1
2024-03-09T15:00,10.6,70,8.3,0.00,3,100,7.3,70,159.0,1
2024-03-09T16:00,10.8,67,8.6,0.00,1,20,6.2,83,159.0,1
2024-03-09T17:00,10.9,64,8.7,0.00,0,10,6.1,87,220.0,1
2024-03-09T18:00,8.9,77,6.9,0.00,0,18,6.1,93,68.0,1
2024-03-09T19:00,7.8,76,5.3,0.00,3,80,6.8,87,0.0,0
2024-03-09T20:00,9.8,64,7.6,0.00,0,7,4.0,95,0.0,0
2024-03-09T21:00,9.2,68,7.0,0.00,0,1,4.8,103,0.0,0
2024-03-09T22:00,9.9,63,7.9,0.00,0,0,2.9,90,0.0,0
2024-03-09T23:00,9.9,63,8.2,0.00,2,75,0.4,90,0.0,0
2024-03-10T00:00,7.9,75,5.9,0.00,3,100,3.8,41,0.0,0
2024-03-10T01:00,7.8,83,6.1,0.00,3,96,4.0,350,0.0,0
2024-03-10T02:00,8.6,77,6.8,0.00,2,63,3.4,328,0.0,0
2024-03-10T03:00,7.2,82,5.1,0.00,3,99,5.5,349,0.0,0
2024-03-10T04:00,7.8,80,5.8,0.00,3,83,4.8,347,0.0,0
2024-03-10T05:00,7.2,81,5.0,0.00,3,92,5.8,356,0.0,0
2024-03-10T06:00,7.6,81,5.6,0.00,3,80,5.1,356,0.0,0
2024-03-10T07:00,8.5,81,7.0,0.00,1,38,2.5,352,14.0,1
2024-03-10T08:00,9.8,70,8.0,0.00,0,7,3.3,6,133.0,1
2024-03-10T09:00,11.1,60,8.9,0.00,2,66,4.8,27,252.0,1
2024-03-10T10:00,12.5,57,10.2,0.00,0,7,6.5,56,450.0,1
2024-03-10T11:00,13.9,56,11.7,0.00,1,31,9.8,73,628.0,1
2024-03-10T12:00,14.9,53,13.1,0.00,1,27,10.9,84,720.0,1
2024-03-10T13:00,15.7,51,14.0,0.00,2,71,11.9,90,751.0,1
2024-03-10T14:00,16.1,51,14.5,0.00,0,6,11.5,86,725.0,1
2024-03-10T15:00,16.4,52,14.4,0.00,0,9,11.2,84,646.0,1
2024-03-10T16:00,16.1,53,13.6,0.00,3,80,11.3,81,480.0,1
2024-03-10T17:00,15.2,55,13.1,0.00,3,100,8.6,75,246.0,1
2024-03-10T18:00,13.6,70,12.5,0.00,3,85,5.2,56,46.0,1
2024-03-10T19:00,13.9,60,12.7,0.20,51,100,2.3,18,0.0,0
2024-03-10T20:00,13.1,70,12.2,0.20,51,100,2.3,18,0.0,0
2024-03-10T21:00,12.0,71,10.8,0.10,51,100,3.2,333,0.0,0
2024-03-10T22:00,11.6,73,10.2,0.30,51,100,3.6,315,0.0,0
2024-03-10T23:00,11.1,82,10.0,0.60,53,100,3.5,336,0.0,0
2024-03-11T00:00,10.9,87,10.2,0.20,51,100,3.0,346,0.0,0
2024-03-11T01:00,10.8,89,10.2,0.40,51,100,2.6,304,0.0,0
2024-03-11T02:00,10.7,90,10.1,0.50,53,100,2.6,326,0.0,0
2024-03-11T03:00,10.6,91,10.0,0.40,51,100,2.9,300,0.0,0
2024-03-11T04:00,10.4,90,9.5,0.00,3,100,4.1,285,0.0,0
2024-03-11T05:00,10.8,88,10.0,0.00,3,97,3.2,297,0.0,0
2024-03-11T06:00,11.0,87,10.2,0.00,3,100,3.4,252,0.0,0
2024-03-11T07:00,11.6,85,11.0,0.00,3,100,2.9,263,15.0,1
2024-03-11T08:00,12.4,86,11.8,0.00,3,100,4.2,290,91.0,1
2024-03-11T09:00,12.4,92,12.0,2.20,61,100,4.9,287,80.0,1
2024-03-11T10:00,12.7,93,12.3,2.30,61,100,6.3,283,65.0,1
2024-03-11T11:00,13.2,91,13.3,2.60,63,100,3.8,319,89.0,1
2024-03-11T12:00,13.6,90,13.6,1.40,61,100,4.6,321,110.0,1
2024-03-11T13:00,14.4,89,14.9,0.60,53,100,2.9,300,145.0,1
2024-03-11T14:00,14.8,90,14.7,2.00,61,100,8.0,306,129.0,1
2024-03-11T15:00,14.8,92,15.4,1.10,55,100,3.3,347,62.0,1
2024-03-11T16:00,14.9,93,14.8,0.20,51,100,8.4,329,104.0,1
2024-03-11T17:00,14.2,89,13.8,0.50,53,99,8.2,311,40.0,1
2024-03-11T18:00,13.9,88,13.6,0.30,51,100,6.4,286,26.0,1
2024-03-11T19:00,13.6,89,13.1,0.00,3,100,7.4,309,0.0,0
2024-03-11T20:00,13.0,91,12.6,0.00,2,62,5.6,310,0.0,0
2024-03-11T21:00,11.2,94,10.4,0.00,0,1,6.6,311,0.0,0
2024-03-11T22:00,10.8,94,9.8,0.00,0,4,6.4,308,0.0,0
2024-03-11T23:00,9.9,95,8.6,0.00,0,2,7.4,299,0.0,0
2024-03-12T00:00,8.8,97,7.1,0.00,0,1,8.9,302,0.0,0
2024-03-12T01:00,8.4,98,6.7,0.00,0,6,8.5,306,0.0,0
2024-03-12T02:00,8.2,99,6.6,0.00,0,19,8.1,302,0.0,0
2024-03-12T03:00,8.4,99,7.0,0.00,1,46,7.3,303,0.0,0
2024-03-12T04:00,8.2,99,6.6,0.00,2,72,7.6,301,0.0,0
2024-03-12T05:00,8.0,99,6.3,0.00,1,44,7.7,298,0.0,0
2024-03-12T06:00,7.7,99,5.8,0.00,1,30,8.4,295,0.0,0
2024-03-12T07:00,8.8,99,7.6,0.00,1,23,5.5,281,23.0,1
2024-03-12T08:00,11.6,89,10.9,0.00,1,21,4.4,279,172.0,1
2024-03-12T09:00,13.4,83,12.9,0.00,0,19,4.6,315,390.0,1
2024-03-12T10:00,15.6,72,15.2,0.00,0,5,5.1,315,588.0,1
2024-03-12T11:00,18.0,53,18.4,0.00,0,16,4.6,288,771.0,1
2024-03-12T12:00,19.7,37,20.0,0.00,1,34,3.3,221,865.0,1
2024-03-12T13:00,20.4,35,20.1,0.00,2,60,6.2,187,863.0,1
2024-03-12T14:00,20.8,37,20.4,0.00,1,25,5.4,172,802.0,1
2024-03-12T15:00,21.0,38,20.1,0.00,0,14,5.9,133,688.0,1
2024-03-12T16:00,20.6,41,18.6,0.00,0,0,8.6,123,501.0,1
2024-03-12T17:00,19.5,53,18.8,0.00,0,1,4.5,119,284.0,1
2024-03-12T18:00,16.2,60,14.7,0.00,0,19,8.0,100,82.0,1
2024-03-12T19:00,17.1,50,15.3,0.00,1,26,6.2,97,1.0,0
2024-03-12T20:00,15.6,55,14.3,0.00,1,33,3.3,84,0.0,0
2024-03-12T21:00,15.2,55,14.3,0.00,1,34,0.4,90,0.0,0
2024-03-12T22:00,14.2,58,12.9,0.00,0,14,2.6,326,0.0,0
2024-03-12T23:00,12.6,67,11.1,0.00,0,0,4.3,312,0.0,0
2024-03-13T00:00,11.3,76,10.2,0.00,0,0,2.9,300,0.0,0
2024-03-13T01:00,11.1,82,9.8,0.00,0,7,5.1,98,0.0,0
2024-03-13T02:00,11.9,70,10.6,0.00,0,2,3.8,17,0.0,0
2024-03-13T03:00,11.8,69,10.7,0.00,0,2,0.4,270,0.0,0
2024-03-13T04:00,11.1,71,9.8,0.00,3,81,2.6,254,0.0,0
2024-03-13T05:00,10.6,77,9.5,0.00,2,63,1.8,259,0.0,0
2024-03-13T06:00,10.1,82,9.0,0.00,3,99,1.9,248,0.0,0
2024-03-13T07:00,9.7,86,8.9,0.00,3,100,0.7,360,23.0,1
2024-03-13T08:00,10.4,84,9.2,0.00,3,100,3.7,241,82.0,1
2024-03-13T09:00,12.3,68,11.1,0.00,1,29,2.2,351,308.0,1
2024-03-13T10:00,13.9,57,12.6,0.00,3,100,1.5,14,555.0,1
2024-03-13T11:00,14.2,53,12.4,0.00,3,93,3.9,124,357.0,1
2024-03-13T12:00,16.4,42,15.2,0.00,3,100,6.2,100,767.0,1
2024-03-13T13:00,15.0,42,12.3,0.00,3,100,6.8,87,177.0,1
2024-03-13T14:00,15.0,40,12.2,0.00,3,100,6.1,62,249.0,1
2024-03-13T15:00,14.4,43,12.1,0.00,3,100,4.0,90,120.0,1
2024-03-13T16:00,13.9,56,12.3,0.00,3,100,3.1,111,76.0,1
2024-03-13T17:00,13.9,54,12.5,0.00,3,100,1.0,135,93.0,1
2024-03-13T18:00,12.5,72,11.2,0.00,3,99,4.2,160,16.0,1
2024-03-13T19:00,12.4,68,10.9,0.00,3,100,4.2,160,0.0,0
2024-03-13T20:00,12.4,67,10.8,0.00,3,100,4.0,153,0.0,0
2024-03-13T21:00,13.1,57,11.4,0.00,3,100,2.3,108,0.0,0
2024-03-13T22:00,12.6,64,11.3,0.00,3,95,2.3,108,0.0,0
2024-03-13T23:00,12.6,63,11.4,0.00,3,100,1.8,143,0.0,0
2024-03-14T00:00,11.7,77,10.6,0.00,3,96,3.6,174,0.0,0
2024-03-14T01:00,10.8,81,9.5,0.00,2,77,4.7,157,0.0,0
2024-03-14T02:00,11.8,69,10.8,0.00,3,94,0.7,270,0.0,0
2024-03-14T03:00,11.6,72,10.5,0.00,3,85,1.6,243,0.0,0
2024-03-14T04:00,11.3,75,10.1,0.00,3,100,3.2,270,0.0,0
2024-03-14T05:00,11.4,77,10.3,0.00,3,100,3.3,283,0.0,0
2024-03-14T06:00,11.1,82,10.3,0.00,3,100,2.5,262,0.0,0
2024-03-14T07:00,11.4,86,10.9,0.00,3,100,2.2,270,6.0,1
2024-03-14T08:00,12.1,78,11.2,0.00,3,100,3.3,283,36.0,1
2024-03-14T09:00,12.7,79,12.1,0.10,51,100,2.5,270,62.0,1
2024-03-14T10:00,14.1,72,13.4,0.00,3,100,2.5,315,218.0,1
2024-03-14T11:00,15.2,70,14.6,0.00,3,86,3.6,323,297.0,1
2024-03-14T12:00,17.5,66,18.0,0.00,3,100,2.3,309,624.0,1
2024-03-14T13:00,17.6,67,17.6,0.00,3,100,2.5,270,344.0,1
2024-03-14T14:00,16.9,70,17.0,0.30,51,100,2.5,262,167.0,1
2024-03-14T15:00,15.9,82,16.5,1.20,55,100,1.9,248,122.0,1
2024-03-14T16:00,15.4,87,16.2,0.70,53,100,2.4,297,99.0,1
2024-03-14T17:00,15.2,90,15.8,0.10,51,100,3.4,302,47.0,1
2024-03-14T18:00,14.6,96,15.5,0.10,51,100,2.9,263,20.0,1
2024-03-14T19:00,14.1,94,14.6,0.00,3,100,3.9,236,0.0,0
2024-03-14T20:00,13.9,96,14.5,0.00,3,100,3.6,225,0.0,0
2024-03-14T21:00,14.1,92,14.7,0.50,53,100,2.3,309,0.0,0
2024-03-14T22:00,14.1,93,14.7,0.20,51,100,2.3,252,0.0,0
2024-03-14T23:00,14.0,93,14.6,0.70,53,100,2.1,211,0.0,0
2024-03-15T00:00,13.9,92,14.5,0.80,53,100,2.3,252,0.0,0
2024-03-15T01:00,13.5,96,14.1,2.80,63,100,2.3,162,0.0,0
2024-03-15T02:00,13.9,92,14.4,1.00,55,100,2.1,211,0.0,0
2024-03-15T03:00,13.8,92,14.4,1.30,61,100,0.8,153,0.0,0
2024-03-15T04:00,13.6,92,14.3,2.00,61,96,1.0,315,0.0,0
2024-03-15T05:00,13.6,93,14.2,0.40,51,89,1.1,162,0.0,0
2024-03-15T06:00,12.5,98,12.6,0.30,51,100,4.2,160,0.0,0
2024-03-15T07:00,13.1,97,13.8,0.20,51,100,1.4,360,10.0,1
2024-03-15T08:00,13.8,94,14.2,0.10,51,100,2.6,214,52.0,1
2024-03-15T09:00,14.1,92,14.6,0.70,53,100,2.0,225,68.0,1
2024-03-15T10:00,14.7,90,15.2,0.20,51,100,2.9,180,135.0,1
2024-03-15T11:00,16.1,85,16.6,0.00,3,99,4.8,153,288.0,1
2024-03-15T12:00,17.8,78,18.4,0.00,3,100,4.1,105,463.0,1
2024-03-15T13:00,18.7,75,19.4,0.10,51,100,4.4,99,473.0,1
2024-03-15T14:00,18.6,75,19.2,0.00,3,100,4.7,122,256.0,1
2024-03-15T15:00,18.7,75,19.3,0.00,3,100,4.8,132,231.0,1
2024-03-15T16:00,18.9,74,19.5,0.00,3,100,5.4,132,190.0,1
2024-03-15T17:00,18.6,76,18.9,0.00,3,100,7.6,155,121.0,1
2024-03-15T18:00,17.3,81,17.4,0.00,3,100,8.0,153,48.0,1
2024-03-15T19:00,15.4,88,15.6,0.00,3,100,6.4,153,0.0,0
2024-03-15T20:00,14.9,89,15.1,0.10,51,100,5.2,164,0.0,0
2024-03-15T21:00,14.6,90,14.8,0.30,51,97,5.5,157,0.0,0
2024-03-15T22:00,14.0,93,14.4,0.30,51,99,3.3,167,0.0,0
2024-03-15T23:00,14.0,92,14.4,0.50,53,100,3.4,198,0.0,0
2024-03-16T00:00,14.0,92,14.5,0.00,3,99,2.3,231,0.0,0
2024-03-16T01:00,13.9,95,14.5,0.00,3,99,2.0,225,0.0,0
2024-03-16T02:00,13.8,97,14.5,0.10,51,100,1.9,202,0.0,0
2024-03-16T03:00,13.6,97,14.2,0.10,51,100,2.7,203,0.0,0
2024-03-16T04:00,13.6,97,14.4,0.50,53,100,2.2,171,0.0,0
2024-03-16T05:00,13.6,98,14.3,0.50,53,100,2.2,171,0.0,0
2024-03-16T06:00,13.9,95,14.6,0.90,53,100,1.3,146,0.0,0
2024-03-16T07:00,13.9,96,14.8,0.20,51,99,0.8,117,7.0,1
2024-03-16T08:00,14.6,93,15.6,0.00,1,31,1.3,146,103.0,1
2024-03-16T09:00,15.5,90,16.6,0.00,3,99,1.1,360,124.0,1
2024-03-16T10:00,16.6,87,17.8,0.10,51,100,2.0,135,278.0,1
2024-03-16T11:00,18.7,80,20.3,1.10,55,100,1.3,124,537.0,1
2024-03-16T12:00,18.5,83,19.9,0.80,53,94,3.3,139,291.0,1
2024-03-16T13:00,18.9,85,20.2,0.30,51,82,5.2,115,368.0,1
2024-03-16T14:00,19.5,84,20.8,0.00,2,70,7.9,66,444.0,1
2024-03-16T15:00,20.4,83,21.9,0.10,51,61,7.5,35,463.0,1
2024-03-16T16:00,20.9,81,23.1,0.00,2,70,3.6,37,333.0,1
2024-03-16T17:00,20.6,83,23.2,0.00,3,83,1.5,104,136.0,1
2024-03-16T18:00,19.4,93,21.8,0.10,51,57,4.1,45,48.0,1
2024-03-16T19:00,17.6,95,19.2,0.00,2,50,5.9,79,1.0,0
2024-03-16T20:00,17.0,97,18.5,0.00,1,39,5.1,82,0.0,0
2024-03-16T21:00,17.3,96,19.2,0.00,2,75,2.8,40,0.0,0
2024-03-16T22:00,17.0,97,18.9,0.00,3,100,2.7,23,0.0,0
2024-03-16T23:00,15.7,99,17.1,0.00,3,100,3.7,349,0.0,0
2024-03-17T00:00,15.7,100,17.2,0.00,3,100,3.1,339,0.0,0
2024-03-17T01:00,15.9,99,17.6,0.00,3,100,2.0,315,0.0,0
2024-03-17T02:00,16.0,99,17.7,0.00,3,100,1.8,307,0.0,0
2024-03-17T03:00,16.0,98,17.6,0.00,3,100,2.6,304,0.0,0
2024-03-17T04:00,15.9,99,17.6,0.00,3,100,2.4,297,0.0,0
2024-03-17T05:00,15.9,99,17.7,0.00,3,100,1.8,281,0.0,0
2024-03-17T06:00,15.9,99,17.5,0.00,3,100,1.8,281,0.0,0
2024-03-17T07:00,16.1,100,17.8,0.00,3,100,2.5,278,13.0,1
2024-03-17T08:00,17.0,96,18.9,0.00,3,100,2.2,270,102.0,1
2024-03-17T09:00,18.9,91,21.3,0.00,3,100,2.1,301,263.0,1
2024-03-17T10:00,21.0,85,23.7,0.00,3,100,1.9,292,449.0,1
2024-03-17T11:00,22.8,79,26.0,0.00,2,63,2.0,135,576.0,1
2024-03-17T12:00,24.2,75,28.3,0.00,2,74,3.6,96,700.0,1
2024-03-17T13:00,25.0,72,29.7,0.00,3,89,3.1,111,752.0,1
2024-03-17T14:00,25.8,69,29.6,0.00,1,37,5.2,106,692.0,1
2024-03-17T15:00,24.2,76,25.8,0.10,51,34,14.3,133,477.0,1
2024-03-17T16:00,23.1,79,24.8,0.10,51,28,12.8,122,421.0,1
2024-03-17T17:00,21.3,82,22.6,0.00,3,100,11.3,97,184.0,1
2024-03-17T18:00,19.2,86,20.1,0.10,51,100,10.9,124,35.0,1
2024-03-17T19:00,17.8,89,18.3,0.20,51,100,10.0,128,0.0,0
2024-03-17T20:00,16.9,91,17.6,0.60,53,100,7.7,131,0.0,0
2024-03-17T21:00,15.1,92,15.3,0.40,51,100,6.6,103,0.0,0
2024-03-17T22:00,14.6,93,15.0,0.20,51,100,4.6,162,0.0,0
2024-03-17T23:00,14.2,89,14.3,0.10,51,100,4.2,160,0.0,0
2024-03-18T00:00,14.0,89,14.2,0.00,3,100,3.3,167,0.0,0
2024-03-18T01:00,13.9,88,14.0,0.00,3,100,2.6,164,0.0,0
2024-03-18T02:00,13.6,87,13.8,0.00,3,100,2.2,171,0.0,0
2024-03-18T03:00,13.5,87,13.6,0.00,3,100,2.2,189,0.0,0
2024-03-18T04:00,13.4,86,13.1,0.00,3,100,3.9,158,0.0,0
2024-03-18T05:00,13.1,83,12.6,0.00,3,95,4.3,156,0.0,0
2024-03-18T06:00,12.9,81,12.2,0.00,3,97,3.6,143,0.0,0
2024-03-18T07:00,12.6,79,11.8,0.00,3,87,3.9,124,17.0,1
2024-03-18T08:00,12.9,72,11.8,0.00,3,83,3.9,124,108.0,1
2024-03-18T09:00,12.7,63,10.8,0.00,3,98,5.9,76,104.0,1
2024-03-18T10:00,13.4,56,11.4,0.00,3,97,5.5,67,251.0,1
2024-03-18T11:00,14.4,52,12.4,0.00,3,98,5.6,75,436.0,1
2024-03-18T12:00,15.2,49,13.1,0.00,3,97,5.4,98,463.0,1
2024-03-18T13:00,15.9,48,14.0,0.00,3,90,6.5,109,588.0,1
2024-03-18T14:00,16.7,49,15.5,0.00,1,42,7.6,115,708.0,1
2024-03-18T15:00,16.6,50,14.8,0.00,1,27,9.2,116,619.0,1
2024-03-18T16:00,16.0,52,13.5,0.00,0,17,11.4,118,466.0,1
2024-03-18T17:00,14.7,56,11.9,0.00,0,5,12.4,126,259.0,1
2024-03-18T18:00,13.1,62,11.0,0.00,0,11,7.9,137,80.0,1
2024-03-18T19:00,12.0,69,10.3,0.00,0,10,5.8,150,1.0,0
2024-03-18T20:00,11.3,75,9.9,0.00,0,18,4.5,151,0.0,0
2024-03-18T21:00,11.8,70,10.2,0.00,3,93,4.9,126,0.0,0
2024-03-18T22:00,11.9,70,10.5,0.00,3,100,3.8,107,0.0,0
2024-03-18T23:00,12.1,69,10.9,0.00,3,100,2.1,59,0.0,0
2024-03-19T00:00,12.1,69,10.3,0.00,3,99,5.9,169,0.0,0
2024-03-19T01:00,11.9,71,10.8,0.00,3,100,1.8,191,0.0,0
2024-03-19T02:00,11.8,72,10.7,0.20,51,81,1.4,180,0.0,0
2024-03-19T03:00,11.4,77,10.6,0.00,1,32,1.6,117,0.0,0
2024-03-19T04:00,10.6,81,9.5,0.00,3,82,3.6,96,0.0,0
2024-03-19T05:00,10.6,85,9.6,0.00,3,85,3.3,96,0.0,0
2024-03-19T06:00,10.9,79,9.9,0.00,3,99,2.6,106,0.0,0
2024-03-19T07:00,11.1,79,9.9,0.00,2,76,4.2,110,21.0,1
2024-03-19T08:00,12.1,77,11.0,0.00,3,86,4.7,94,129.0,1
2024-03-19T09:00,12.9,78,12.1,0.00,3,99,3.8,107,169.0,1
2024-03-19T10:00,14.2,76,13.8,0.00,3,100,3.1,111,355.0,1
2024-03-19T11:00,15.1,76,15.1,0.00,3,99,2.3,198,384.0,1
2024-03-19T12:00,16.2,72,15.9,0.00,3,100,4.1,232,410.0,1
2024-03-19T13:00,17.9,65,17.6,0.00,1,43,5.1,188,569.0,1
2024-03-19T14:00,19.2,61,18.9,0.00,2,65,7.7,143,617.0,1
2024-03-19T15:00,19.0,63,18.0,0.00,2,55,14.2,126,648.0,1
2024-03-19T16:00,17.1,71,15.2,0.00,0,14,17.3,107,477.0,1
2024-03-19T17:00,15.8,73,14.5,0.00,1,28,10.4,92,279.0,1
2024-03-19T18:00,14.2,80,13.9,0.00,0,15,4.1,128,85.0,1
2024-03-19T19:00,12.4,85,11.5,0.00,0,19,6.1,152,1.0,0
2024-03-19T20:00,11.6,87,10.6,0.00,1,23,6.0,155,0.0,0
2024-03-19T21:00,12.6,86,12.2,0.00,1,26,3.6,143,0.0,0
2024-03-19T22:00,12.6,86,12.3,0.00,2,78,2.7,203,0.0,0
2024-03-19T23:00,12.4,88,12.1,0.00,0,14,2.9,263,0.0,0
2024-03-20T00:00,10.9,93,10.2,0.00,0,1,4.9,287,0.0,0
2024-03-20T01:00,9.2,98,7.9,0.00,0,0,6.8,288,0.0,0
2024-03-20T02:00,10.1,99,9.4,0.00,0,2,5.2,286,0.0,0
2024-03-20T03:00,10.1,100,9.4,0.00,3,98,4.3,294,0.0,0
2024-03-20T04:00,8.5,100,7.4,0.00,3,99,4.8,312,0.0,0
2024-03-20T05:00,8.8,100,8.0,0.00,3,100,3.1,306,0.0,0
2024-03-20T06:00,9.0,100,8.2,0.00,3,100,4.0,297,0.0,0
2024-03-20T07:00,9.2,99,8.3,0.00,3,100,4.8,297,26.0,1
2024-03-20T08:00,10.7,92,9.9,0.00,2,63,4.2,301,159.0,1
2024-03-20T09:00,13.3,81,12.9,0.00,0,15,2.9,210,369.0,1
2024-03-20T10:00,15.4,64,14.2,0.00,0,11,7.9,93,610.0,1
2024-03-20T11:00,16.8,55,15.5,0.00,2,72,11.8,78,733.0,1
2024-03-20T12:00,17.2,53,15.9,0.00,1,32,11.9,92,742.0,1
2024-03-20T13:00,17.5,54,16.6,0.00,2,57,13.9,100,843.0,1
2024-03-20T14:00,17.5,52,16.1,0.00,0,18,15.1,102,807.0,1
2024-03-20T15:00,17.0,51,14.7,0.00,1,28,15.3,105,695.0,1
2024-03-20T16:00,16.1,53,13.3,0.00,0,1,13.8,105,509.0,1
2024-03-20T17:00,15.0,53,12.5,0.00,1,28,9.4,108,295.0,1
2024-03-20T18:00,12.6,70,11.0,0.00,1,43,5.9,133,90.0,1
2024-03-20T19:00,13.6,48,11.4,0.00,3,89,3.8,107,1.0,0
2024-03-20T20:00,13.2,47,11.4,0.00,3,93,0.5,315,0.0,0
2024-03-20T21:00,12.8,64,11.5,0.00,3,95,2.0,45,0.0,0
2024-03-20T22:00,10.6,79,9.1,0.00,3,86,4.8,347,0.0,0
2024-03-20T23:00,11.1,83,10.1,0.00,3,97,4.4,325,0.0,0
2024-03-21T00:00,10.7,85,9.8,0.00,3,100,3.2,333,0.0,0
2024-03-21T01:00,10.2,89,9.3,0.00,3,90,3.1,324,0.0,0
2024-03-21T02:00,9.9,88,8.7,0.00,3,80,4.5,299,0.0,0
2024-03-21T03:00,8.6,88,6.8,0.00,0,3,5.9,308,0.0,0
2024-03-21T04:00,9.1,83,7.4,0.00,0,0,5.0,300,0.0,0
2024-03-21T05:00,8.8,82,7.1,0.00,0,0,4.3,294,0.0,0
2024-03-21T06:00,8.6,81,6.8,0.00,0,0,4.7,302,0.0,0
2024-03-21T07:00,8.6,82,7.1,0.00,0,0,3.1,291,41.0,1
2024-03-21T08:00,11.4,69,10.0,0.00,0,0,3.3,264,222.0,1
2024-03-21T09:00,14.1,49,12.3,0.00,1,49,2.2,279,433.0,1
2024-03-21T10:00,15.9,43,14.3,0.00,3,99,1.5,225,582.0,1
2024-03-21T11:00,16.2,46,14.4,0.00,2,76,3.3,167,431.0,1
2024-03-21T12:00,17.8,45,17.5,0.00,0,4,5.5,148,800.0,1
2024-03-21T13:00,18.6,44,18.5,0.00,2,65,7.7,131,876.0,1
2024-03-21T14:00,18.8,43,17.2,0.00,3,85,8.6,123,669.0,1
2024-03-21T15:00,18.3,45,15.8,0.00,3,87,10.1,117,449.0,1
2024-03-21T16:00,17.9,46,15.4,0.00,3,100,10.1,117,350.0,1
2024-03-21T17:00,16.6,53,14.7,0.00,3,100,8.3,124,101.0,1
2024-03-21T18:00,15.8,58,14.3,0.00,3,100,5.5,122,27.0,1
2024-03-21T19:00,14.9,72,14.2,0.00,3,100,4.6,135,0.0,0
2024-03-21T20:00,14.6,76,14.1,0.00,3,100,3.9,158,0.0,0
2024-03-21T21:00,15.4,67,14.8,0.00,2,71,2.6,124,0.0,0
2024-03-21T22:00,14.9,70,14.7,0.00,0,18,1.1,180,0.0,0
2024-03-21T23:00,14.2,76,13.9,0.00,0,14,1.8,259,0.0,0
2024-03-22T00:00,13.7,80,13.2,0.00,2,50,4.0,265,0.0,0
2024-03-22T01:00,11.9,90,11.2,0.00,2,68,4.7,266,0.0,0
2024-03-22T02:00,11.6,91,11.0,0.00,0,13,4.1,255,0.0,0
2024-03-22T03:00,11.0,95,10.6,0.00,3,96,3.8,253,0.0,0
2024-03-22T04:00,11.5,95,11.3,0.00,3,97,3.4,238,0.0,0
2024-03-22T05:00,12.0,93,12.0,0.00,3,95,2.1,239,0.0,0
2024-03-22T06:00,12.3,91,12.3,0.00,3,99,1.8,233,0.0,0
2024-03-22T07:00,13.1,87,13.3,0.00,3,95,0.8,207,18.0,1
2024-03-22T08:00,14.4,83,14.7,0.00,3,92,1.0,45,102.0,1
2024-03-22T09:00,17.3,72,17.6,0.00,0,16,2.3,51,403.0,1
2024-03-22T10:00,19.8,63,20.4,0.00,0,15,3.9,56,614.0,1
2024-03-22T11:00,23.0,56,25.3,0.00,3,90,1.8,101,752.0,1
2024-03-22T12:00,25.0,54,25.7,0.00,3,100,8.9,194,607.0,1
2024-03-22T13:00,25.6,51,24.7,0.00,3,100,17.8,223,479.0,1
2024-03-22T14:00,25.7,53,24.9,0.00,3,100,17.6,221,439.0,1
2024-03-22T15:00,24.5,56,23.9,0.00,3,100,16.9,207,279.0,1
2024-03-22T16:00,24.4,58,24.0,0.00,3,100,14.8,219,259.0,1
2024-03-22T17:00,23.8,60,23.8,0.00,3,100,12.3,218,193.0,1
2024-03-22T18:00,22.1,65,22.7,0.00,3,100,7.6,199,52.0,1
2024-03-22T19:00,20.0,75,20.9,0.00,3,100,6.1,180,1.0,0
2024-03-22T20:00,18.5,82,19.4,0.00,3,99,6.5,174,0.0,0
2024-03-22T21:00,17.4,88,18.7,0.00,3,100,3.6,225,0.0,0
2024-03-22T22:00,16.6,91,17.9,0.00,3,100,3.1,249,0.0,0
2024-03-22T23:00,16.0,93,17.3,0.00,3,100,2.2,279,0.0,0
2024-03-23T00:00,15.2,96,16.4,0.00,3,100,2.7,293,0.0,0
2024-03-23T01:00,14.9,97,16.0,0.00,3,100,3.1,291,0.0,0
2024-03-23T02:00,14.7,97,15.6,0.00,3,100,3.2,297,0.0,0
2024-03-23T03:00,14.9,97,16.2,0.00,3,100,1.1,270,0.0,0
2024-03-23T04:00,14.0,98,14.8,0.00,3,100,2.7,293,0.0,0
2024-03-23T05:00,13.9,98,14.6,0.00,3,100,3.4,302,0.0,0
2024-03-23T06:00,14.6,97,15.6,0.00,3,100,2.8,320,0.0,0
2024-03-23T07:00,16.2,91,17.1,0.00,3,100,4.7,328,21.0,1
2024-03-23T08:00,18.0,85,19.1,0.00,3,100,4.8,347,96.0,1
2024-03-23T09:00,20.2,79,21.8,0.10,51,100,4.6,108,285.0,1
2024-03-23T10:00,20.1,81,22.1,0.20,51,100,3.3,77,210.0,1
2024-03-23T11:00,20.0,84,22.1,0.20,51,100,4.0,80,165.0,1
2024-03-23T12:00,21.0,83,23.2,0.00,3,100,4.8,63,209.0,1
2024-03-23T13:00,21.8,83,23.8,0.00,2,58,8.7,66,217.0,1
2024-03-23T14:00,24.1,79,27.0,0.00,2,56,8.0,80,430.0,1
2024-03-23T15:00,26.4,73,29.7,0.00,1,28,7.3,110,519.0,1
2024-03-23T16:00,27.2,66,30.1,0.00,1,40,7.9,133,373.0,1
2024-03-23T17:00,26.4,70,29.3,0.00,1,42,7.3,123,228.0,1
2024-03-23T18:00,24.0,78,26.6,0.00,0,6,8.2,128,79.0,1
2024-03-23T19:00,21.4,89,24.2,0.00,0,0,5.6,130,2.0,0
2024-03-23T20:00,19.8,93,22.0,0.00,0,1,7.1,150,0.0,0
2024-03-23T21:00,20.5,92,23.3,0.00,0,7,4.8,193,0.0,0
2024-03-23T22:00,20.0,95,23.0,0.00,0,0,3.4,198,0.0,0
2024-03-23T23:00,19.2,98,22.3,0.00,3,92,1.8,217,0.0,0
2024-03-24T00:00,18.6,100,21.6,0.00,3,100,1.8,217,0.0,0
2024-03-24T01:00,18.2,100,21.0,0.00,3,100,1.1,270,0.0,0
2024-03-24T02:00,17.9,99,20.5,0.00,3,100,1.5,315,0.0,0
2024-03-24T03:00,16.6,100,18.3,0.00,3,100,4.4,325,0.0,0
2024-03-24T04:00,16.2,100,17.7,0.00,3,100,4.9,306,0.0,0
2024-03-24T05:00,16.5,100,18.2,0.00,3,100,3.7,281,0.0,0
2024-03-24T06:00,16.1,99,17.8,0.00,3,93,2.1,239,0.0,0
2024-03-24T07:00,17.6,95,19.7,0.00,3,88,1.8,259,34.0,1
2024-03-24T08:00,20.2,88,22.8,0.00,2,78,2.5,352,189.0,1
2024-03-24T09:00,23.1,82,26.5,0.00,2,62,3.2,27,394.0,1
2024-03-24T10:00,26.0,73,30.2,0.00,2,54,2.3,72,592.0,1
2024-03-24T11:00,28.6,62,32.7,0.00,1,22,4.9,197,654.0,1
2024-03-24T12:00,30.5,51,33.3,0.00,0,11,13.9,217,780.0,1
2024-03-24T13:00,31.2,50,34.0,0.00,0,4,14.6,213,809.0,1
2024-03-24T14:00,31.6,48,34.1,0.00,0,6,14.0,206,757.0,1
2024-03-24T15:00,31.5,48,33.4,0.00,0,15,13.5,209,639.0,1
2024-03-24T16:00,30.9,50,32.5,0.00,2,73,13.4,200,468.0,1
2024-03-24T17:00,29.0,59,31.3,0.00,3,99,11.4,167,254.0,1
2024-03-24T18:00,26.4,70,28.9,0.00,3,88,11.0,157,78.0,1
2024-03-24T19:00,24.2,81,27.4,0.00,3,87,7.6,155,2.0,0
2024-03-24T20:00,22.5,90,26.0,0.00,3,98,5.6,165,0.0,0
2024-03-24T21:00,22.2,88,25.4,0.00,3,100,5.2,168,0.0,0
2024-03-24T22:00,22.1,88,25.3,0.00,3,100,4.7,180,0.0,0
2024-03-24T23:00,22.1,87,25.5,0.00,3,99,2.7,203,0.0,0
2024-03-25T00:00,21.3,91,24.9,0.00,3,91,0.8,243,0.0,0
2024-03-25T01:00,20.4,95,23.8,0.00,2,56,1.3,236,0.0,0
2024-03-25T02:00,19.2,98,22.4,0.00,0,7,1.1,252,0.0,0
2024-03-25T03:00,18.5,99,21.3,0.00,0,8,1.1,252,0.0,0
2024-03-25T04:00,18.2,99,21.0,0.00,0,13,0.8,243,0.0,0
2024-03-25T05:00,17.9,99,20.4,0.00,0,10,1.5,284,0.0,0
2024-03-25T06:00,17.5,99,19.8,0.00,1,32,2.2,279,0.0,0
2024-03-25T07:00,18.1,96,20.6,0.00,1,47,1.3,304,46.0,1
2024-03-25T08:00,21.4,85,24.4,0.00,1,34,1.6,27,221.0,1
2024-03-25T09:00,24.5,78,28.2,0.00,3,81,2.3,51,422.0,1
2024-03-25T10:00,27.0,69,31.3,0.00,3,83,2.6,56,610.0,1
2024-03-25T11:00,29.6,57,34.4,0.00,3,96,3.3,221,747.0,1
2024-03-25T12:00,31.5,45,34.8,0.00,2,72,7.7,221,787.0,1
2024-03-25T13:00,32.7,41,35.9,0.00,3,93,9.3,216,847.0,1
2024-03-25T14:00,33.0,39,34.9,0.00,2,59,12.2,214,750.0,1
2024-03-25T15:00,32.5,42,33.3,0.00,1,39,13.7,225,543.0,1
2024-03-25T16:00,31.9,46,33.2,0.00,1,49,12.5,221,473.0,1
2024-03-25T17:00,30.6,54,33.8,0.00,0,11,6.2,190,264.0,1
2024-03-25T18:00,27.3,65,30.3,0.00,3,100,6.5,161,86.0,1
2024-03-25T19:00,24.5,79,27.8,0.00,0,16,6.3,156,2.0,0
2024-03-25T20:00,22.9,87,26.2,0.00,0,17,5.6,165,0.0,0
2024-03-25T21:00,24.8,74,28.3,0.00,0,3,2.4,243,0.0,0
2024-03-25T22:00,22.0,86,24.6,0.00,0,1,6.9,313,0.0,0
2024-03-25T23:00,22.1,76,23.9,0.00,0,1,6.7,306,0.0,0
2024-03-26T00:00,22.2,75,23.9,0.00,0,2,7.3,290,0.0,0
2024-03-26T01:00,21.0,83,22.9,0.00,0,2,6.9,276,0.0,0
2024-03-26T02:00,20.7,85,22.7,0.00,0,1,6.2,277,0.0,0
2024-03-26T03:00,20.5,84,22.2,0.00,0,0,7.0,282,0.0,0
2024-03-26T04:00,19.8,83,21.0,0.00,0,0,7.6,289,0.0,0
2024-03-26T05:00,18.7,84,19.8,0.00,0,0,6.4,286,0.0,0
2024-03-26T06:00,18.2,81,18.8,0.00,0,0,7.6,289,0.0,0
2024-03-26T07:00,19.3,76,19.9,0.00,0,10,7.1,300,48.0,1
2024-03-26T08:00,21.1,67,22.5,0.00,3,100,1.8,349,222.0,1
2024-03-26T09:00,23.2,60,24.7,0.00,0,11,0.8,117,407.0,1
2024-03-26T10:00,23.4,64,24.0,0.00,3,100,10.6,114,536.0,1
2024-03-26T11:00,21.2,71,20.5,0.00,3,100,17.9,118,545.0,1
2024-03-26T12:00,20.5,71,20.4,0.00,1,33,13.2,112,577.0,1
2024-03-26T13:00,21.6,64,21.9,0.00,2,58,11.6,112,641.0,1
2024-03-26T14:00,21.3,61,20.8,0.00,3,100,14.8,119,660.0,1
2024-03-26T15:00,19.5,64,18.1,0.00,3,100,15.6,113,519.0,1
2024-03-26T16:00,18.8,64,17.4,0.00,3,99,13.5,106,417.0,1
2024-03-26T17:00,17.5,65,16.0,0.00,3,100,12.5,102,233.0,1
2024-03-26T18:00,15.9,67,14.5,0.00,3,98,9.3,103,73.0,1
2024-03-26T19:00,15.3,68,14.3,0.00,3,84,6.3,103,2.0,0
2024-03-26T20:00,14.8,70,14.0,0.00,3,100,4.7,86,0.0,0
2024-03-26T21:00,14.9,73,13.9,0.00,3,100,7.6,85,0.0,0
2024-03-26T22:00,14.7,74,13.7,0.00,3,100,7.2,84,0.0,0
2024-03-26T23:00,14.4,73,13.4,0.00,3,100,6.7,74,0.0,0
2024-03-27T00:00,14.2,74,13.2,0.00,3,100,6.0,65,0.0,0
2024-03-27T01:00,14.0,74,13.1,0.00,3,100,5.3,62,0.0,0
2024-03-27T02:00,13.6,79,13.3,0.00,3,100,1.8,53,0.0,0
2024-03-27T03:00,13.6,82,13.6,0.00,3,87,1.1,72,0.0,0
2024-03-27T04:00,13.6,76,13.3,0.00,2,61,1.6,117,0.0,0
2024-03-27T05:00,13.7,75,13.3,0.00,1,39,1.5,104,0.0,0
2024-03-27T06:00,13.5,75,12.9,0.00,3,100,2.5,98,0.0,1
2024-03-27T07:00,13.8,75,13.3,0.00,3,100,2.2,99,44.0,1
2024-03-27T08:00,14.6,72,14.1,0.00,3,100,3.4,108,188.0,1
2024-03-27T09:00,16.1,65,15.2,0.00,3,100,5.8,120,381.0,1
2024-03-27T10:00,16.9,63,15.8,0.00,3,100,7.5,125,506.0,1
2024-03-27T11:00,18.1,61,18.1,0.00,3,100,7.7,131,710.0,1
2024-03-27T12:00,18.6,61,18.5,0.00,3,100,9.7,129,730.0,1
2024-03-27T13:00,19.0,60,18.7,0.00,3,100,8.7,132,651.0,1
2024-03-27T14:00,19.6,59,19.5,0.00,3,100,9.5,127,684.0,1
2024-03-27T15:00,19.7,60,19.1,0.00,3,100,9.0,127,581.0,1
2024-03-27T16:00,19.4,62,18.6,0.00,3,96,9.2,132,444.0,1
2024-03-27T17:00,18.5,64,17.6,0.00,1,31,9.4,133,277.0,1
2024-03-27T18:00,16.9,69,16.2,0.00,1,41,7.6,135,92.0,1
2024-03-27T19:00,15.8,75,15.4,0.00,3,100,5.4,138,2.0,0
2024-03-27T20:00,15.0,79,14.9,0.00,2,58,3.8,131,0.0,0
2024-03-27T21:00,15.0,76,14.6,0.00,3,91,4.3,138,0.0,0
2024-03-27T22:00,14.6,80,14.6,0.00,3,98,2.1,149,0.0,0
2024-03-27T23:00,14.7,77,14.7,0.00,1,24,1.6,153,0.0,0
2024-03-28T00:00,14.6,78,14.6,0.00,1,31,2.0,315,0.0,0
2024-03-28T01:00,14.2,81,14.2,0.00,0,19,2.8,310,0.0,0
2024-03-28T02:00,14.6,78,14.6,0.00,1,23,1.6,297,0.0,0
2024-03-28T03:00,13.8,85,13.7,0.00,1,43,2.9,173,0.0,0
2024-03-28T04:00,14.1,84,14.3,0.00,3,83,2.1,121,0.0,0
2024-03-28T05:00,13.9,87,14.1,0.00,3,81,2.5,98,0.0,0
2024-03-28T06:00,13.1,90,13.0,0.00,3,100,4.6,342,0.0,1
2024-03-28T07:00,15.0,84,15.2,0.00,2,50,3.5,336,25.0,1
2024-03-28T08:00,17.4,76,18.2,0.10,51,74,1.1,90,167.0,1
2024-03-28T09:00,19.3,76,20.6,5.30,63,98,2.6,124,298.0,1
2024-03-28T10:00,20.5,76,21.7,3.70,63,100,6.1,93,395.0,1
2024-03-28T11:00,22.6,72,24.2,0.00,3,100,7.4,119,566.0,1
2024-03-28T12:00,23.8,69,25.3,0.00,3,100,8.4,115,447.0,1
2024-03-28T13:00,25.8,66,28.8,0.30,51,54,5.4,138,623.0,1
2024-03-28T14:00,27.5,62,31.1,0.00,3,98,6.0,343,690.0,1
2024-03-28T15:00,28.2,58,30.8,0.00,3,100,6.2,7,516.0,1
2024-03-28T16:00,27.7,60,29.9,0.00,3,100,9.2,21,325.0,1
2024-03-28T17:00,26.0,62,27.5,0.00,3,100,9.7,345,182.0,1
2024-03-28T18:00,25.0,60,25.1,0.00,3,100,15.3,309,58.0,1
2024-03-28T19:00,23.0,67,23.8,0.00,3,100,10.4,304,2.0,0
2024-03-28T20:00,21.5,73,22.7,0.00,3,96,6.6,279,0.0,0
2024-03-28T21:00,20.4,76,21.7,0.00,3,100,5.1,274,0.0,0
2024-03-28T22:00,19.1,81,20.2,0.00,3,95,6.5,276,0.0,0
2024-03-28T23:00,18.2,83,19.1,0.00,3,100,6.6,292,0.0,0
2024-03-29T00:00,17.9,84,18.7,0.00,3,86,6.1,298,0.0,0
2024-03-29T01:00,16.5,89,17.1,0.00,3,100,7.2,297,0.0,0
2024-03-29T02:00,16.4,90,17.1,0.00,3,100,5.9,284,0.0,0
2024-03-29T03:00,15.5,92,15.8,0.00,3,100,7.3,281,0.0,0
2024-03-29T04:00,17.0,86,17.9,0.00,3,100,4.8,297,0.0,0
2024-03-29T05:00,16.4,91,17.5,0.00,3,100,2.9,353,0.0,0
2024-03-29T06:00,15.6,97,17.2,0.00,2,64,1.1,252,0.0,1
2024-03-29T07:00,15.9,98,17.5,0.00,3,100,1.3,214,54.0,1
2024-03-29T08:00,17.9,86,19.3,0.00,3,86,2.9,120,230.0,1
2024-03-29T09:00,20.3,73,21.8,0.00,3,94,2.2,81,460.0,1
2024-03-29T10:00,22.1,65,24.2,0.00,2,71,2.9,90,662.0,1
2024-03-29T11:00,23.9,57,26.8,0.00,3,100,3.1,111,810.0,1
2024-03-29T12:00,25.5,49,28.2,0.00,3,97,4.7,122,880.0,1
2024-03-29T13:00,26.6,44,29.2,0.00,3,100,5.2,124,900.0,1
2024-03-29T14:00,27.2,43,29.0,0.00,3,100,6.4,117,808.0,1
2024-03-29T15:00,26.9,46,27.4,0.00,3,100,10.1,117,659.0,1
2024-03-29T16:00,24.9,53,24.6,0.00,3,100,13.3,131,451.0,1
2024-03-29T17:00,23.4,57,23.1,0.00,3,94,12.1,127,255.0,1
2024-03-29T18:00,21.6,63,21.8,0.00,3,99,8.5,102,83.0,1
2024-03-29T19:00,19.0,76,19.9,0.00,3,100,4.3,90,3.0,0
2024-03-29T20:00,17.9,84,18.7,0.00,3,100,5.8,86,0.0,0
2024-03-29T21:00,18.0,88,19.5,0.00,3,100,4.4,125,0.0,0
2024-03-29T22:00,18.6,84,20.5,0.00,3,100,1.3,146,0.0,0
2024-03-29T23:00,18.3,86,20.1,0.00,3,100,1.8,259,0.0,0
2024-03-30T00:00,18.1,87,19.8,0.00,3,100,2.3,252,0.0,0
2024-03-30T01:00,17.6,89,19.2,0.00,3,100,3.1,249,0.0,0
2024-03-30T02:00,17.1,92,18.6,0.00,3,100,3.3,276,0.0,0
2024-03-30T03:00,17.8,88,19.6,0.60,53,100,0.8,243,0.0,0
2024-03-30T04:00,17.5,90,19.3,1.30,61,100,1.5,194,0.0,0
2024-03-30T05:00,17.1,96,19.1,1.50,61,100,2.3,108,0.0,0
2024-03-30T06:00,16.9,97,19.0,0.20,51,100,1.1,180,0.0,1
2024-03-30T07:00,17.5,93,19.5,0.00,2,78,1.5,76,37.0,1
2024-03-30T08:00,18.8,89,20.8,0.00,0,1,2.2,81,223.0,1
2024-03-30T09:00,20.5,81,22.7,0.00,0,6,3.1,45,441.0,1
2024-03-30T10:00,22.4,74,25.0,0.00,0,9,3.2,27,620.0,1
2024-03-30T11:00,24.2,68,27.2,0.00,2,54,4.8,77,659.0,1
2024-03-30T12:00,26.6,63,29.6,0.00,3,100,8.3,92,696.0,1
2024-03-30T13:00,26.2,65,29.2,0.30,51,96,3.1,324,364.0,1
2024-03-30T14:00,25.8,69,28.1,1.30,61,99,9.8,324,521.0,1
2024-03-30T15:00,24.3,77,26.6,0.10,51,60,10.4,346,317.0,1
2024-03-30T16:00,24.3,75,26.8,0.00,3,100,8.2,308,383.0,1
2024-03-30T17:00,23.8,79,27.1,0.00,3,97,2.9,330,101.0,1
2024-03-30T18:00,22.5,88,26.1,0.00,2,63,3.4,18,60.0,1
2024-03-30T19:00,21.4,89,24.3,0.00,3,98,5.1,4,2.0,0
2024-03-30T20:00,21.8,87,25.1,0.00,3,100,2.6,344,0.0,0
2024-03-30T21:00,22.2,87,25.4,0.00,3,100,4.3,336,0.0,0
2024-03-30T22:00,21.6,91,25.4,0.00,3,99,1.3,214,0.0,0
2024-03-30T23:00,21.0,95,24.8,0.00,3,100,1.0,225,0.0,0
2024-03-31T00:00,20.7,97,24.5,0.00,3,100,1.5,194,0.0,0
2024-03-31T01:00,20.3,100,24.1,0.10,51,100,1.5,166,0.0,0
2024-03-31T02:00,20.1,99,23.4,0.30,51,100,3.3,174,0.0,0
2024-03-31T03:00,20.0,99,23.6,0.00,3,100,1.3,214,0.0,0
2024-03-31T04:00,18.3,100,20.5,0.00,3,99,5.6,345,0.0,0
2024-03-31T05:00,18.4,100,21.0,0.00,3,99,3.7,169,0.0,0
2024-03-31T06:00,19.4,100,22.6,0.00,3,100,2.3,129,0.0,1
2024-03-31T07:00,19.7,99,23.1,0.00,3,100,1.8,169,43.0,1
2024-03-31T08:00,21.0,95,24.6,0.00,3,100,2.6,106,122.0,1
2024-03-31T09:00,22.1,87,25.4,9.90,65,100,4.0,243,166.0,1
2024-03-31T10:00,23.9,81,27.8,0.00,3,100,1.6,153,258.0,1
2024-03-31T11:00,26.0,77,30.3,0.20,51,100,3.5,294,579.0,1
2024-03-31T12:00,26.0,77,29.6,1.10,55,100,7.3,327,384.0,1
2024-03-31T13:00,25.4,78,27.8,2.10,61,100,14.8,334,469.0,1
2024-03-31T14:00,24.9,79,28.8,0.20,51,100,3.3,319,240.0,1
2024-03-31T15:00,25.4,81,28.9,0.10,51,85,8.5,126,344.0,1
2024-03-31T16:00,26.5,73,30.6,0.20,51,98,3.2,153,442.0,1
2024-03-31T17:00,26.3,75,30.5,0.10,51,88,3.5,66,228.0,1
2024-03-31T18:00,24.5,87,28.8,0.00,3,95,4.4,55,86.0,1
2024-03-31T19:00,23.6,87,27.4,0.00,3,100,5.4,70,3.0,0
2024-03-31T20:00,23.8,87,28.0,0.00,3,100,2.9,120,0.0,0
2024-03-31T21:00,20.7,96,23.8,0.00,3,100,5.1,321,0.0,0
2024-03-31T22:00,19.8,97,22.4,0.00,3,100,6.2,350,0.0,0
2024-03-31T23:00,20.5,95,23.4,0.00,3,100,4.7,360,0.0,0
2024-04-01T00:00,20.5,95,23.9,0.10,51,100,1.4,270,0.0,0
2024-04-01T01:00,20.6,95,24.1,0.00,3,100,1.8,281,0.0,0
2024-04-01T02:00,20.1,98,23.6,0.00,3,98,2.3,288,0.0,0
2024-04-01T03:00,20.0,98,23.8,0.00,2,79,0.0,270,0.0,0
2024-04-01T04:00,19.3,100,22.5,0.00,3,100,2.2,180,0.0,0
2024-04-01T05:00,17.9,100,20.4,0.00,3,100,2.9,270,0.0,0
2024-04-01T06:00,17.8,100,20.1,0.00,3,100,3.2,243,0.0,1
2024-04-01T07:00,18.5,98,21.0,0.00,3,100,3.5,204,46.0,1
2024-04-01T08:00,19.8,90,22.1,0.00,3,84,4.2,200,179.0,1
2024-04-01T09:00,22.0,77,23.7,0.00,3,95,7.6,121,412.0,1
2024-04-01T10:00,22.9,72,24.5,0.00,3,99,7.1,135,521.0,1
2024-04-01T11:00,24.0,66,25.4,0.00,3,100,11.8,130,664.0,1
2024-04-01T12:00,24.0,63,25.3,0.00,3,100,14.2,120,756.0,1
2024-04-01T13:00,23.6,64,24.8,0.00,3,100,12.9,120,705.0,1
2024-04-01T14:00,23.5,63,24.3,0.00,3,100,9.2,116,563.0,1
2024-04-01T15:00,23.4,61,23.7,0.00,3,100,10.3,126,391.0,1
2024-04-01T16:00,22.9,60,23.1,0.00,3,100,9.4,130,300.0,1
2024-04-01T17:00,21.6,63,21.5,0.00,3,100,10.7,130,123.0,1
2024-04-01T18:00,20.5,68,20.6,0.00,3,100,9.2,129,39.0,1
2024-04-01T19:00,19.8,73,20.1,0.00,3,100,8.0,153,2.0,0
2024-04-01T20:00,19.1,77,20.1,0.10,51,100,4.8,153,0.0,0
2024-04-01T21:00,19.1,81,20.4,0.00,3,100,5.4,176,0.0,0
2024-04-01T22:00,19.0,80,20.2,0.00,3,100,4.6,162,0.0,0
2024-04-01T23:00,18.7,81,19.9,0.00,3,100,4.0,207,0.0,0
2024-04-02T00:00,18.7,82,20.3,0.00,3,100,2.3,162,0.0,0
2024-04-02T01:00,18.5,84,19.9,0.00,3,100,3.8,163,0.0,0
2024-04-02T02:00,18.4,86,20.1,0.00,3,100,2.2,180,0.0,0
2024-04-02T03:00,18.4,88,20.5,0.00,3,100,0.5,225,0.0,0
2024-04-02T04:00,18.5,88,20.6,0.00,1,44,0.8,243,0.0,0
2024-04-02T05:00,18.5,86,20.5,0.00,2,61,1.3,124,0.0,0
2024-04-02T06:00,17.8,94,19.8,0.00,3,100,2.5,135,0.0,1
2024-04-02T07:00,18.9,88,20.8,0.00,2,65,3.4,32,36.0,1
2024-04-02T08:00,20.5,86,22.6,0.00,1,48,5.4,53,222.0,1
2024-04-02T09:00,22.0,80,24.2,0.00,2,70,6.3,77,388.0,1
2024-04-02T10:00,26.0,69,28.7,0.00,2,53,7.6,177,454.0,1
2024-04-02T11:00,29.4,57,30.6,0.00,2,58,21.6,206,664.0,1
2024-04-02T12:00,29.8,54,30.3,0.00,1,35,23.0,212,594.0,1
2024-04-02T13:00,30.0,54,31.4,0.00,0,9,19.3,209,649.0,1
2024-04-02T14:00,31.0,50,32.5,0.00,0,5,20.3,213,742.0,1
2024-04-02T15:00,30.7,48,31.4,0.00,1,24,19.2,206,610.0,1
2024-04-02T16:00,30.6,48,31.1,0.00,1,36,18.2,205,478.0,1
2024-04-02T17:00,29.1,53,29.9,0.00,3,85,16.2,197,276.0,1
2024-04-02T18:00,27.0,64,28.7,0.00,3,99,13.8,174,84.0,1
2024-04-02T19:00,25.4,75,28.4,0.00,3,90,8.0,175,3.0,0
2024-04-02T20:00,24.4,81,27.5,0.00,0,19,7.9,164,0.0,0
2024-04-02T21:00,24.9,76,27.5,0.00,1,28,9.5,191,0.0,0
2024-04-02T22:00,24.5,79,27.3,0.00,1,39,9.0,182,0.0,0
2024-04-02T23:00,23.2,86,26.5,0.00,1,27,6.7,196,0.0,0
2024-04-03T00:00,22.8,88,25.9,0.00,2,66,7.3,213,0.0,0
2024-04-03T01:00,22.2,90,25.4,0.00,3,95,7.0,201,0.0,0
2024-04-03T02:00,22.5,90,26.0,0.00,1,33,5.0,180,0.0,0
2024-04-03T03:00,21.2,92,23.9,0.00,1,21,7.4,194,0.0,0
2024-04-03T04:00,22.8,86,26.1,0.00,0,16,4.7,189,0.0,0
2024-04-03T05:00,21.2,92,24.5,0.00,1,33,3.1,324,0.0,0
2024-04-03T06:00,21.0,94,24.8,0.00,2,62,1.0,315,0.0,1
2024-04-03T07:00,21.5,92,24.9,0.00,1,42,3.7,349,49.0,1
2024-04-03T08:00,23.8,84,27.7,0.00,2,54,1.9,158,144.0,1
2024-04-03T09:00,26.5,73,30.3,0.00,0,5,4.8,167,452.0,1
2024-04-03T10:00,29.0,60,31.9,0.00,0,2,11.3,211,623.0,1
2024-04-03T11:00,30.9,53,34.0,0.00,0,13,12.8,218,756.0,1
2024-04-03T12:00,32.5,47,35.8,0.00,2,54,13.8,227,856.0,1
2024-04-03T13:00,33.5,45,37.0,0.00,3,100,11.5,226,813.0,1
2024-04-03T14:00,34.0,43,36.6,0.00,3,100,10.4,224,639.0,1
2024-04-03T15:00,33.6,44,35.5,0.00,3,100,12.0,226,509.0,1
2024-04-03T16:00,31.8,52,34.1,0.00,3,93,12.4,170,327.0,1
2024-04-03T17:00,29.4,64,32.1,0.00,3,100,15.3,156,191.0,1
2024-04-03T18:00,27.5,73,31.3,0.00,3,100,7.7,152,52.0,1
2024-04-03T19:00,25.6,80,29.0,0.00,3,100,10.4,146,3.0,0
2024-04-03T20:00,24.0,88,28.3,0.00,3,100,4.7,148,0.0,0
2024-04-03T21:00,24.1,90,28.6,0.00,2,75,4.7,99,0.0,0
2024-04-03T22:00,24.3,89,29.0,0.00,3,100,2.9,83,0.0,0
2024-04-03T23:00,22.5,96,26.7,0.00,3,100,4.6,141,0.0,0
2024-04-04T00:00,22.0,98,26.0,0.00,3,100,5.1,82,0.0,0
2024-04-04T01:00,21.7,98,25.6,0.00,3,96,5.1,98,0.0,0
2024-04-04T02:00,21.6,100,25.7,0.00,3,100,4.0,80,0.0,0
2024-04-04T03:00,21.4,99,25.4,0.00,3,100,3.7,101,0.0,0
2024-04-04T04:00,22.1,97,26.1,0.10,51,100,5.2,102,0.0,0
2024-04-04T05:00,21.5,92,24.3,2.10,61,100,8.1,111,0.0,0
2024-04-04T06:00,19.9,96,22.0,6.10,63,100,9.2,129,0.0,1
2024-04-04T07:00,18.6,97,20.4,4.90,63,100,8.2,151,9.0,1
2024-04-04T08:00,18.0,96,19.6,1.50,61,100,7.4,129,42.0,1
2024-04-04T09:00,18.4,93,19.8,0.30,51,100,7.7,139,65.0,1
2024-04-04T10:00,18.1,92,19.6,0.40,51,100,6.3,149,82.0,1
2024-04-04T11:00,18.6,86,19.9,0.40,51,100,5.9,128,177.0,1
2024-04-04T12:00,19.0,83,20.6,0.10,51,100,3.6,84,259.0,1
2024-04-04T13:00,19.3,82,20.9,0.30,51,100,3.5,114,203.0,1
2024-04-04T14:00,19.4,81,20.5,0.20,51,100,6.6,119,163.0,1
2024-04-04T15:00,19.5,81,20.4,0.00,3,100,8.1,122,182.0,1
2024-04-04T16:00,19.2,80,20.1,0.00,3,100,7.6,115,103.0,1
2024-04-04T17:00,18.1,85,18.5,0.70,53,100,10.5,117,33.0,1
2024-04-04T18:00,17.0,91,17.7,0.40,51,100,7.6,115,20.0,1
2024-04-04T19:00,16.5,88,17.0,0.10,51,100,6.9,129,0.0,0
2024-04-04T20:00,15.9,93,16.8,0.20,51,100,5.2,124,0.0,0
2024-04-04T21:00,16.1,91,16.7,1.20,55,100,6.7,126,0.0,0
2024-04-04T22:00,15.6,94,16.5,1.70,61,100,4.4,125,0.0,0
2024-04-04T23:00,15.3,94,15.7,5.50,63,100,7.1,139,0.0,0
2024-04-05T00:00,15.1,93,16.0,1.40,61,100,3.0,166,0.0,0
2024-04-05T01:00,15.2,89,16.0,0.00,3,100,1.8,101,0.0,0
2024-04-05T02:00,15.1,93,15.9,0.20,51,100,2.9,60,0.0,0
2024-04-05T03:00,14.9,93,15.5,1.20,55,100,4.1,105,0.0,0
2024-04-05T04:00,14.7,94,15.3,0.30,51,100,4.4,125,0.0,0
2024-04-05T05:00,14.9,89,15.3,0.00,3,100,3.7,101,0.0,0
2024-04-05T06:00,14.8,89,15.2,0.00,3,100,3.8,107,0.0,1
2024-04-05T07:00,14.8,89,14.9,0.00,3,100,5.6,105,15.0,1
2024-04-05T08:00,14.9,88,15.1,0.00,3,100,5.1,98,50.0,1
2024-04-05T09:00,15.4,87,15.5,0.10,51,100,6.7,106,89.0,1
2024-04-05T10:00,15.7,85,15.7,0.00,3,100,6.5,93,114.0,1
2024-04-05T11:00,16.2,82,16.2,0.00,3,100,6.6,103,188.0,1
2024-04-05T12:00,16.1,81,16.0,0.10,51,100,7.2,108,140.0,1
2024-04-05T13:00,15.9,81,15.7,0.40,51,100,7.6,98,110.0,1
2024-04-05T14:00,16.9,78,16.6,0.10,51,100,7.7,101,276.0,1
2024-04-05T15:00,16.6,78,16.2,0.00,3,100,8.2,113,173.0,1
2024-04-05T16:00,15.9,79,15.4,0.50,53,100,8.3,108,65.0,1
2024-04-05T17:00,15.2,89,15.5,1.10,55,100,5.4,110,43.0,1
2024-04-05T18:00,14.9,90,15.6,1.30,61,100,3.2,117,18.0,1
2024-04-05T19:00,14.6,92,14.9,1.30,61,100,4.7,113,1.0,0
2024-04-05T20:00,14.6,95,15.5,0.40,51,100,1.8,90,0.0,0
2024-04-05T21:00,14.2,93,14.7,0.30,51,100,4.0,117,0.0,0
2024-04-05T22:00,14.2,91,14.6,0.10,51,100,3.1,126,0.0,0
2024-04-05T23:00,14.2,95,15.0,0.20,51,100,2.0,135,0.0,0
2024-04-06T00:00,14.4,88,15.0,0.30,51,100,1.6,117,0.0,0
2024-04-06T01:00,14.1,91,14.8,0.80,53,100,1.8,53,0.0,0
2024-04-06T02:00,13.9,93,14.5,1.30,61,100,2.3,18,0.0,0
2024-04-06T03:00,13.8,95,14.4,0.50,53,94,2.5,8,0.0,0
2024-04-06T04:00,14.2,88,14.7,0.00,3,89,2.2,90,0.0,0
2024-04-06T05:00,14.5,86,14.8,0.00,2,69,2.7,113,0.0,0
2024-04-06T06:00,13.4,90,13.5,0.00,3,100,3.8,131,0.0,1
2024-04-06T07:00,14.6,86,14.8,0.00,3,97,3.1,135,61.0,1
2024-04-06T08:00,15.3,84,15.5,0.00,3,100,4.1,135,211.0,1
2024-04-06T09:00,16.5,82,17.3,0.00,3,100,2.3,108,310.0,1
2024-04-06T10:00,17.9,78,19.0,0.00,3,100,1.5,104,448.0,1
2024-04-06T11:00,18.5,78,19.7,0.00,3,100,1.3,124,309.0,1
2024-04-06T12:00,20.5,71,21.9,0.00,3,100,2.2,171,546.0,1
2024-04-06T13:00,20.8,71,22.1,0.00,3,100,3.5,204,438.0,1
2024-04-06T14:00,20.8,73,22.4,0.20,51,100,1.8,143,392.0,1
2024-04-06T15:00,20.0,79,21.3,1.10,55,100,5.4,184,135.0,1
2024-04-06T16:00,18.9,90,20.4,1.50,61,100,7.1,131,58.0,1
2024-04-06T17:00,17.5,93,18.5,1.60,61,100,8.5,118,35.0,1
2024-04-06T18:00,16.5,94,17.1,0.90,53,100,8.2,119,15.0,1
2024-04-06T19:00,16.1,93,17.1,0.80,53,100,4.6,129,1.0,0
2024-04-06T20:00,15.9,93,17.2,0.50,53,99,2.9,90,0.0,0
2024-04-06T21:00,15.9,93,17.0,0.80,53,100,4.2,110,0.0,0
2024-04-06T22:00,15.8,94,17.0,0.20,51,98,2.5,90,0.0,0
2024-04-06T23:00,15.5,96,16.8,0.10,51,77,2.2,99,0.0,0
2024-04-07T00:00,15.4,95,16.5,0.10,51,75,2.9,120,0.0,0
2024-04-07T01:00,15.4,97,16.6,0.90,53,100,2.4,117,0.0,0
2024-04-07T02:00,15.6,93,16.7,0.20,51,100,2.6,74,0.0,0
2024-04-07T03:00,15.4,94,16.6,1.10,55,100,2.6,74,0.0,0
2024-04-07T04:00,15.2,96,16.5,1.10,55,100,1.8,101,0.0,0
2024-04-07T05:00,15.4,94,16.5,1.00,55,100,2.1,121,0.0,0
2024-04-07T06:00,15.4,94,16.6,3.00,63,100,1.1,72,0.0,1
2024-04-07T07:00,15.6,92,16.6,5.50,63,100,2.1,121,14.0,1
2024-04-07T08:00,16.2,85,17.0,0.00,3,100,3.0,104,99.0,1
2024-04-07T09:00,17.0,87,18.2,0.10,51,100,2.9,7,156.0,1
2024-04-07T10:00,17.8,83,18.9,0.00,3,100,3.1,21,250.0,1
2024-04-07T11:00,18.4,81,19.8,0.00,3,100,1.8,90,227.0,1
2024-04-07T12:00,18.7,82,20.3,0.10,51,100,2.0,135,212.0,1
2024-04-07T13:00,19.0,82,20.3,0.10,51,100,4.7,122,206.0,1
2024-04-07T14:00,20.1,79,21.4,0.30,51,100,6.6,135,426.0,1
2024-04-07T15:00,19.2,84,20.2,0.90,53,100,8.4,133,128.0,1
2024-04-07T16:00,19.2,84,20.4,0.30,51,90,7.3,123,228.0,1
2024-04-07T17:00,18.8,85,19.7,0.20,51,91,8.6,123,162.0,1
2024-04-07T18:00,17.9,88,18.6,0.00,3,98,8.2,131,64.0,1
2024-04-07T19:00,17.0,89,17.8,0.00,3,100,7.0,125,2.0,0
2024-04-07T20:00,16.5,91,17.3,0.00,3,100,6.2,126,0.0,0
2024-04-07T21:00,15.9,93,16.9,0.30,51,100,3.8,139,0.0,0
2024-04-07T22:00,15.9,93,17.2,0.10,51,100,1.9,158,0.0,0
2024-04-07T23:00,15.9,95,17.4,0.20,51,100,1.8,143,0.0,0
2024-04-08T00:00,16.0,95,17.5,0.00,3,100,1.5,166,0.0,0
2024-04-08T01:00,16.0,95,17.6,0.00,3,100,1.5,194,0.0,0
2024-04-08T02:00,16.1,96,17.8,0.20,51,100,1.5,256,0.0,0
2024-04-08T03:00,16.2,95,17.8,0.40,51,100,1.6,153,0.0,0
2024-04-08T04:00,16.3,91,17.6,0.00,3,93,2.3,162,0.0,0
2024-04-08T05:00,15.7,95,16.8,0.00,3,99,3.2,153,0.0,0
2024-04-08T06:00,15.9,94,17.3,0.00,3,99,2.6,146,1.0,1
2024-04-08T07:00,16.8,89,18.3,0.00,3,100,1.1,108,32.0,1
2024-04-08T08:00,17.3,88,18.9,0.00,3,100,0.8,243,115.0,1
2024-04-08T09:00,18.7,85,20.7,0.00,3,100,1.1,360,274.0,1
2024-04-08T10:00,19.6,83,21.7,0.00,3,100,2.3,342,282.0,1
2024-04-08T11:00,20.8,81,23.0,0.00,3,100,2.4,27,309.0,1
2024-04-08T12:00,22.0,78,24.3,0.00,3,100,4.7,94,483.0,1
2024-04-08T13:00,21.9,81,24.1,0.00,3,95,6.2,111,400.0,1
2024-04-08T14:00,22.1,82,25.1,0.10,51,87,2.6,146,389.0,1
2024-04-08T15:00,23.5,78,26.8,0.20,51,76,2.4,153,408.0,1
2024-04-08T16:00,24.0,78,27.6,0.00,1,30,1.3,124,342.0,1
2024-04-08T17:00,23.5,80,27.1,0.00,1,23,1.1,162,256.0,1
2024-04-08T18:00,21.9,93,25.4,0.00,1,28,4.1,142,93.0,1
2024-04-08T19:00,20.5,95,23.4,0.00,1,44,6.2,111,4.0,0
2024-04-08T20:00,19.1,94,20.6,0.00,3,100,9.8,107,0.0,0
2024-04-08T21:00,18.4,94,19.8,0.30,51,100,8.5,102,0.0,0
2024-04-08T22:00,17.6,93,18.8,0.20,51,100,7.4,141,0.0,0
2024-04-08T23:00,17.5,92,18.7,0.40,51,100,5.8,150,0.0,0
2024-04-09T00:00,17.2,93,18.9,0.50,53,100,2.8,130,0.0,0
2024-04-09T01:00,17.0,92,18.7,0.30,51,100,2.1,121,0.0,0
2024-04-09T02:00,16.6,92,18.1,0.30,51,100,2.7,113,0.0,0
2024-04-09T03:00,16.2,92,17.2,0.30,51,100,4.0,117,0.0,0
2024-04-09T04:00,15.9,92,16.8,0.20,51,100,4.5,119,0.0,0
2024-04-09T05:00,15.7,92,16.6,0.20,51,100,3.9,124,0.0,0
2024-04-09T06:00,15.6,92,16.7,0.30,51,100,3.1,135,0.0,1
2024-04-09T07:00,15.8,91,16.9,0.20,51,100,2.4,117,13.0,1
2024-04-09T08:00,16.4,85,17.4,0.10,51,100,2.3,108,75.0,1
2024-04-09T09:00,17.3,82,18.2,0.00,3,100,3.2,90,268.0,1
2024-04-09T10:00,17.6,75,17.4,0.10,51,100,8.7,73,355.0,1
2024-04-09T11:00,17.5,70,16.8,0.00,3,100,9.7,48,262.0,1
2024-04-09T12:00,18.5,65,17.8,0.00,3,99,8.4,65,350.0,1
2024-04-09T13:00,18.9,60,17.6,0.00,3,97,10.2,72,287.0,1
2024-04-09T14:00,19.4,55,17.7,0.00,2,56,11.7,72,392.0,1
2024-04-09T15:00,19.5,53,17.7,0.00,2,60,12.1,67,366.0,1
2024-04-09T16:00,19.1,54,17.4,0.00,1,49,10.7,70,203.0,1
2024-04-09T17:00,18.8,55,17.6,0.00,1,46,7.1,66,143.0,1
2024-04-09T18:00,17.8,65,17.5,0.00,2,52,4.3,66,56.0,1
2024-04-09T19:00,17.8,50,16.3,0.00,2,72,5.1,86,3.0,0
2024-04-09T20:00,18.2,42,16.4,0.00,3,83,4.8,103,0.0,0
2024-04-09T21:00,18.8,40,17.3,0.00,1,41,1.8,180,0.0,0
2024-04-09T22:00,16.9,54,15.7,0.00,1,36,4.2,211,0.0,0
2024-04-09T23:00,16.5,56,15.2,0.00,1,39,4.9,253,0.0,0
2024-04-10T00:00,15.4,64,14.2,0.00,1,25,5.9,284,0.0,0
2024-04-10T01:00,13.8,76,12.7,0.00,0,5,7.3,303,0.0,0
2024-04-10T02:00,13.0,83,12.0,0.00,0,9,7.4,309,0.0,0
2024-04-10T03:00,12.4,87,11.4,0.00,0,4,7.7,319,0.0,0
2024-04-10T04:00,12.4,87,11.5,0.00,0,0,6.6,319,0.0,0
2024-04-10T05:00,12.0,88,11.2,0.00,0,3,6.1,315,0.0,0
2024-04-10T06:00,12.6,86,12.1,0.00,0,0,4.8,312,1.0,1
2024-04-10T07:00,14.4,83,14.2,0.00,0,2,4.5,299,85.0,1
2024-04-10T08:00,16.6,67,16.2,0.00,0,4,4.0,265,279.0,1
2024-04-10T09:00,18.9,55,18.3,0.00,3,90,2.6,16,452.0,1
2024-04-10T10:00,19.8,53,18.7,0.00,3,100,7.2,72,483.0,1
2024-04-10T11:00,20.4,54,19.5,0.00,3,97,7.6,85,559.0,1
2024-04-10T12:00,21.1,56,21.6,0.00,3,100,7.2,90,708.0,1
2024-04-10T13:00,21.4,58,21.8,0.00,3,100,8.5,102,668.0,1
2024-04-10T14:00,21.5,61,21.8,0.00,3,100,10.0,111,643.0,1
2024-04-10T15:00,21.0,65,20.8,0.00,3,100,10.7,110,530.0,1
2024-04-10T16:00,19.9,70,20.2,0.00,3,100,7.9,114,329.0,1
2024-04-10T17:00,19.2,73,19.9,0.00,3,100,5.1,129,153.0,1
2024-04-10T18:00,18.5,79,19.6,0.00,3,100,3.1,159,33.0,1
2024-04-10T19:00,17.9,83,19.2,0.00,3,100,2.4,153,2.0,0
2024-04-10T20:00,17.6,85,19.0,0.00,3,100,2.2,180,0.0,0
2024-04-10T21:00,18.4,79,19.5,0.00,3,89,2.8,220,0.0,0
2024-04-10T22:00,18.1,79,19.2,0.00,3,99,2.9,270,0.0,0
2024-04-10T23:00,18.0,79,19.1,0.00,3,100,2.6,344,0.0,0
2024-04-11T00:00,17.0,88,18.2,0.00,3,100,3.2,333,0.0,0
2024-04-11T01:00,16.9,89,18.1,0.00,3,100,3.6,315,0.0,0
2024-04-11T02:00,17.0,91,18.5,0.00,3,100,2.5,315,0.0,0
2024-04-11T03:00,17.0,89,18.4,0.00,3,100,2.3,252,0.0,0
2024-04-11T04:00,16.9,92,18.4,0.00,3,100,2.6,286,0.0,0
2024-04-11T05:00,17.1,86,18.3,0.00,3,100,2.9,300,0.0,0
2024-04-11T06:00,17.4,84,18.6,0.00,3,100,2.2,279,1.0,1
2024-04-11T07:00,17.9,83,19.3,0.00,3,100,2.2,270,48.0,1
2024-04-11T08:00,19.0,79,20.4,0.00,3,100,2.2,270,157.0,1
2024-04-11T09:00,20.5,74,22.1,0.00,2,51,2.2,180,343.0,1
2024-04-11T10:00,22.3,72,25.1,0.00,1,25,0.8,153,620.0,1
2024-04-11T11:00,23.8,68,27.5,0.00,3,95,0.4,90,704.0,1
2024-04-11T12:00,24.6,66,27.5,0.00,1,35,6.5,124,712.0,1
2024-04-11T13:00,24.8,66,27.5,0.00,1,25,8.2,131,703.0,1
2024-04-11T14:00,25.6,65,29.4,0.00,1,21,2.2,99,693.0,1
2024-04-11T15:00,26.6,63,29.8,0.00,1,31,4.0,80,616.0,1
2024-04-11T16:00,25.3,69,26.9,0.00,1,30,13.0,124,476.0,1
2024-04-11T17:00,23.2,75,24.7,0.00,2,71,11.2,123,283.0,1
2024-04-11T18:00,21.6,80,23.6,0.00,3,95,7.0,111,96.0,1
2024-04-11T19:00,20.0,85,21.7,0.00,3,99,5.7,125,5.0,0
2024-04-11T20:00,18.9,91,20.9,0.00,3,100,3.8,139,0.0,0
2024-04-11T21:00,18.9,92,21.0,0.00,3,95,3.6,143,0.0,0
2024-04-11T22:00,18.3,93,20.4,0.00,3,97,3.3,167,0.0,0
2024-04-11T23:00,17.8,95,19.6,0.00,3,100,4.1,195,0.0,0
2024-04-12T00:00,17.9,94,19.8,0.00,3,100,3.3,221,0.0,0
2024-04-12T01:00,18.0,94,20.0,0.00,3,81,3.2,243,0.0,0
2024-04-12T02:00,17.0,97,18.7,0.00,0,6,4.1,218,0.0,0
2024-04-12T03:00,17.7,97,20.0,0.00,0,10,1.6,243,0.0,0
2024-04-12T04:00,17.5,98,19.7,0.00,1,22,2.2,270,0.0,0
2024-04-12T05:00,16.6,99,18.5,0.00,2,50,3.0,284,0.0,0
2024-04-12T06:00,16.6,100,18.5,0.00,3,92,2.7,247,2.0,1
2024-04-12T07:00,18.2,95,20.8,0.00,1,46,1.0,225,76.0,1
2024-04-12T08:00,20.1,87,22.8,0.00,2,61,1.1,342,255.0,1
2024-04-12T09:00,21.9,83,25.0,0.00,1,44,1.8,180,397.0,1
2024-04-12T10:00,23.9,79,27.4,0.00,3,89,3.4,108,581.0,1
2024-04-12T11:00,25.0,76,28.0,0.00,3,99,9.4,72,611.0,1
2024-04-12T12:00,26.3,74,30.8,0.10,51,78,8.9,76,772.0,1
2024-04-12T13:00,27.0,72,31.4,0.00,3,89,7.2,63,704.0,1
2024-04-12T14:00,26.4,76,30.3,0.30,51,100,5.4,312,533.0,1
2024-04-12T15:00,24.2,88,28.4,0.60,53,100,5.6,297,60.0,1
2024-04-12T16:00,24.8,85,29.2,0.20,51,100,4.0,275,164.0,1
2024-04-12T17:00,25.0,86,29.6,0.00,3,99,3.4,342,151.0,1
2024-04-12T18:00,24.3,91,29.3,0.00,3,100,1.9,158,63.0,1
2024-04-12T19:00,23.8,91,28.4,0.00,2,68,2.9,173,4.0,0
2024-04-12T20:00,21.3,98,25.0,0.00,3,89,5.0,330,0.0,0
2024-04-12T21:00,21.6,100,25.6,0.00,2,67,4.6,321,0.0,0
2024-04-12T22:00,21.8,100,26.1,0.00,3,100,3.5,294,0.0,0
2024-04-12T23:00,21.0,100,24.6,0.00,3,99,4.5,299,0.0,0
2024-04-13T00:00,21.2,100,25.6,0.00,3,100,1.1,198,0.0,0
2024-04-13T01:00,20.9,100,24.8,0.00,3,100,2.7,157,0.0,0
2024-04-13T02:00,21.0,100,24.9,0.00,3,100,3.6,127,0.0,0
2024-04-13T03:00,20.6,99,23.8,0.10,51,100,6.0,123,0.0,0
2024-04-13T04:00,20.2,96,22.9,0.00,3,100,7.4,133,0.0,0
2024-04-13T05:00,19.9,96,22.6,0.00,3,100,5.6,140,0.0,0
2024-04-13T06:00,19.9,96,22.5,0.00,3,100,5.4,143,1.0,1
2024-04-13T07:00,20.0,95,22.8,0.00,3,100,5.0,150,22.0,1
2024-04-13T08:00,20.5,92,23.3,0.00,3,100,4.8,132,83.0,1
2024-04-13T09:00,21.6,89,24.4,0.00,3,100,6.0,123,164.0,1
2024-04-13T10:00,22.2,86,25.0,0.00,3,100,6.5,124,227.0,1
2024-04-13T11:00,22.9,84,25.7,0.00,3,100,6.9,129,284.0,1
2024-04-13T12:00,23.6,82,26.5,0.00,3,100,7.6,135,404.0,1
2024-04-13T13:00,24.5,78,27.3,0.00,3,100,9.4,137,495.0,1
2024-04-13T14:00,24.5,78,26.9,0.00,3,97,11.8,128,420.0,1
2024-04-13T15:00,24.1,78,26.3,0.00,3,92,11.9,125,349.0,1
2024-04-13T16:00,23.5,79,25.6,0.00,3,100,10.5,121,239.0,1
2024-04-13T17:00,22.5,81,24.5,0.00,3,99,10.1,125,144.0,1
2024-04-13T18:00,21.6,84,23.6,0.00,3,100,8.4,133,63.0,1
2024-04-13T19:00,20.8,86,22.5,0.00,3,100,9.0,143,1.0,0
2024-04-13T20:00,19.9,89,21.7,0.10,51,100,7.6,149,0.0,0
2024-04-13T21:00,19.6,95,22.1,0.00,3,100,5.6,135,0.0,0
2024-04-13T22:00,19.2,97,22.0,0.00,3,100,3.2,153,0.0,0
2024-04-13T23:00,19.3,96,22.0,0.00,3,100,3.7,151,0.0,0
2024-04-14T00:00,19.2,96,21.6,0.00,3,100,5.5,157,0.0,0
2024-04-14T01:00,19.1,96,22.1,0.00,3,100,1.6,153,0.0,0
2024-04-14T02:00,19.1,96,21.7,0.00,3,100,4.0,170,0.0,0
2024-04-14T03:00,19.0,97,21.9,0.00,3,100,1.8,180,0.0,0
2024-04-14T04:00,19.0,96,21.4,0.00,3,100,4.3,180,0.0,0
2024-04-14T05:00,18.9,97,21.7,0.00,3,100,1.8,180,0.0,0
2024-04-14T06:00,19.0,96,21.8,0.00,3,100,1.5,166,1.0,1
2024-04-14T07:00,19.5,94,22.3,0.00,3,100,2.6,146,45.0,1
2024-04-14T08:00,20.1,93,23.0,0.00,3,100,3.0,104,103.0,1
2024-04-14T09:00,21.6,88,24.9,0.00,3,100,2.7,113,208.0,1
2024-04-14T10:00,23.2,83,26.8,0.00,3,100,2.4,63,282.0,1
2024-04-14T11:00,25.3,76,28.9,0.00,3,91,4.8,13,485.0,1
2024-04-14T12:00,26.6,74,30.8,0.00,2,53,5.0,60,577.0,1
2024-04-14T13:00,28.4,70,32.9,0.00,2,67,8.0,72,662.0,1
2024-04-14T14:00,29.8,66,34.9,0.00,2,59,7.0,69,689.0,1
2024-04-14T15:00,30.6,63,35.7,0.00,2,76,4.2,59,592.0,1
2024-04-14T16:00,30.7,60,34.9,0.10,51,98,4.7,184,370.0,1
2024-04-14T17:00,29.2,64,32.8,0.00,3,99,9.0,180,228.0,1
2024-04-14T18:00,27.0,71,30.2,0.00,2,71,9.0,164,88.0,1
2024-04-14T19:00,24.8,81,28.4,0.00,2,60,7.1,139,5.0,0
2024-04-14T20:00,24.1,84,28.1,0.00,2,69,3.9,68,0.0,0
2024-04-14T21:00,24.3,85,28.6,0.00,2,54,3.0,76,0.0,0
2024-04-14T22:00,22.1,95,25.9,0.00,2,57,5.2,192,0.0,0
2024-04-14T23:00,22.5,93,26.6,0.00,3,100,3.1,306,0.0,0
2024-04-15T00:00,21.5,96,25.3,0.00,3,99,3.4,288,0.0,0
2024-04-15T01:00,21.0,98,24.7,0.00,3,99,2.9,263,0.0,0
2024-04-15T02:00,20.0,100,23.4,0.00,1,30,3.8,287,0.0,0
2024-04-15T03:00,19.6,100,22.6,0.00,1,42,4.4,261,0.0,0
2024-04-15T04:00,19.8,99,22.9,0.00,1,31,4.0,270,0.0,0
2024-04-15T05:00,19.8,100,23.0,0.00,0,17,3.6,270,0.0,0
2024-04-15T06:00,19.4,100,22.4,0.00,3,97,3.6,270,3.0,1
2024-04-15T07:00,21.8,95,25.7,0.00,0,4,3.4,328,93.0,1
2024-04-15T08:00,24.4,85,28.6,0.00,1,44,3.6,360,285.0,1
2024-04-15T09:00,26.9,76,31.7,0.00,1,26,2.2,360,493.0,1
2024-04-15T10:00,28.5,71,34.4,0.00,3,84,3.0,346,684.0,1
2024-04-15T11:00,30.0,66,36.5,0.00,2,65,4.0,350,804.0,1
2024-04-15T12:00,30.9,63,38.2,0.00,1,40,2.4,27,875.0,1
2024-04-15T13:00,31.3,61,38.1,0.00,1,45,4.1,105,853.0,1
2024-04-15T14:00,31.9,57,37.5,0.00,1,46,6.6,135,781.0,1
2024-04-15T15:00,31.5,59,35.5,0.00,3,87,10.3,126,632.0,1
2024-04-15T16:00,30.0,67,33.7,0.00,3,99,12.8,112,373.0,1
2024-04-15T17:00,28.6,74,32.8,0.00,3,99,11.5,110,230.0,1
2024-04-15T18:00,26.8,81,31.3,0.00,3,100,7.6,98,74.0,1
2024-04-15T19:00,25.0,85,29.3,0.00,3,97,5.5,101,5.0,0
2024-04-15T20:00,23.9,88,27.9,0.00,1,38,4.9,107,0.0,0
2024-04-15T21:00,23.9,89,27.9,0.00,3,82,6.8,122,0.0,0
2024-04-15T22:00,23.0,91,26.9,0.00,3,98,5.2,146,0.0,0
2024-04-15T23:00,22.3,93,26.0,0.00,2,71,5.2,155,0.0,0
2024-04-16T00:00,21.9,92,25.1,0.00,3,100,6.3,156,0.0,0
2024-04-16T01:00,21.8,92,25.2,0.60,53,100,4.7,247,0.0,0
2024-04-16T02:00,21.8,95,25.5,0.60,53,100,3.8,107,0.0,0
2024-04-16T03:00,21.2,97,25.0,0.60,53,100,3.5,294,0.0,0
2024-04-16T04:00,21.3,97,25.4,0.00,3,100,1.5,225,0.0,0
2024-04-16T05:00,21.0,97,24.7,0.00,3,95,3.3,193,0.0,0
2024-04-16T06:00,21.5,95,25.6,0.00,3,84,0.0,270,3.0,1
2024-04-16T07:00,22.0,94,25.8,0.00,3,100,3.8,221,85.0,1
2024-04-16T08:00,23.1,87,27.0,0.00,3,100,2.3,309,235.0,1
2024-04-16T09:00,23.1,89,26.7,0.20,51,26,6.6,202,230.0,1
2024-04-16T10:00,25.2,79,29.9,0.00,3,100,2.3,129,630.0,1
2024-04-16T11:00,26.0,76,30.5,0.10,51,100,0.7,180,493.0,1
2024-04-16T12:00,26.5,75,30.5,0.30,51,99,5.3,62,387.0,1
2024-04-16T13:00,27.1,76,32.0,0.30,51,84,5.6,75,629.0,1
2024-04-16T14:00,27.4,76,32.0,0.00,2,76,4.5,61,527.0,1
2024-04-16T15:00,28.1,75,33.5,0.00,3,100,5.9,52,647.0,1
2024-04-16T16:00,28.5,72,33.8,0.00,1,49,0.5,135,428.0,1
2024-04-16T17:00,28.0,75,33.1,0.00,2,70,4.0,117,245.0,1
2024-04-16T18:00,26.2,84,30.6,0.00,3,97,8.2,113,94.0,1
2024-04-16T19:00,24.4,91,28.8,0.00,3,94,6.1,93,6.0,0
2024-04-16T20:00,23.5,95,27.9,0.00,2,70,5.1,94,0.0,0
2024-04-16T21:00,23.4,92,27.8,0.00,3,99,3.3,84,0.0,0
2024-04-16T22:00,23.1,92,27.3,0.00,3,100,4.7,90,0.0,0
2024-04-16T23:00,23.0,93,27.2,0.00,3,100,4.0,95,0.0,0
2024-04-17T00:00,23.0,93,27.4,0.00,3,100,2.7,67,0.0,0
2024-04-17T01:00,23.0,93,26.9,0.00,3,100,6.2,10,0.0,0
2024-04-17T02:00,23.0,92,27.1,0.00,3,99,4.6,141,0.0,0
2024-04-17T03:00,22.2,97,26.7,0.00,3,100,2.6,164,0.0,0
2024-04-17T04:00,22.2,97,26.6,0.00,3,100,3.1,144,0.0,0
2024-04-17T05:00,22.4,96,26.1,0.10,51,100,6.6,139,0.0,0
2024-04-17T06:00,22.7,93,26.5,0.10,51,93,6.0,147,2.0,1
2024-04-17T07:00,23.0,91,26.8,0.10,51,44,6.2,170,44.0,1
2024-04-17T08:00,24.0,85,28.2,0.10,51,70,2.2,270,172.0,1
2024-04-17T09:00,25.5,78,29.4,0.10,51,100,5.6,207,369.0,1
2024-04-17T10:00,25.5,78,29.8,0.00,3,100,2.3,72,198.0,1
2024-04-17T11:00,26.0,77,30.1,0.30,51,99,3.6,186,239.0,1
2024-04-17T12:00,26.5,76,30.8,0.20,51,89,4.5,256,454.0,1
2024-04-17T13:00,27.5,74,32.8,0.10,51,92,3.7,259,664.0,1
2024-04-17T14:00,28.1,73,33.6,0.10,51,100,2.9,300,629.0,1
2024-04-17T15:00,25.1,81,28.1,10.00,65,95,12.6,323,411.0,1
2024-04-17T16:00,25.1,83,28.9,1.30,61,94,7.9,183,206.0,1
2024-04-17T17:00,24.6,87,29.4,0.00,3,100,3.0,194,150.0,1
2024-04-17T18:00,24.4,93,29.5,0.00,3,100,2.9,277,72.0,1
2024-04-17T19:00,23.0,94,27.1,0.00,3,100,5.8,274,6.0,0
2024-04-17T20:00,22.4,96,26.2,0.00,3,100,6.0,295,0.0,0
2024-04-17T21:00,22.2,97,26.3,0.00,3,100,4.7,279,0.0,0
2024-04-17T22:00,22.0,97,26.1,0.00,3,100,4.1,308,0.0,0
2024-04-17T23:00,21.6,97,25.5,0.00,3,100,4.2,329,0.0,0
2024-04-18T00:00,20.9,97,24.1,0.00,3,100,5.9,317,0.0,0
2024-04-18T01:00,22.1,95,26.3,0.00,3,100,2.3,288,0.0,0
2024-04-18T02:00,21.2,96,24.9,0.00,3,100,3.0,256,0.0,0
2024-04-18T03:00,21.0,97,24.6,0.00,3,100,3.6,270,0.0,0
2024-04-18T04:00,19.9,99,22.7,0.00,2,53,5.6,315,0.0,0
2024-04-18T05:00,21.2,95,25.0,0.00,1,49,2.6,304,0.0,0
2024-04-18T06:00,20.1,98,23.4,0.00,3,100,3.5,114,3.0,1
2024-04-18T07:00,20.5,94,23.1,0.30,51,100,7.5,107,40.0,1
2024-04-18T08:00,19.9,90,21.5,0.30,51,100,9.7,112,77.0,1
2024-04-18T09:00,21.3,87,23.5,0.10,51,100,8.4,121,222.0,1
2024-04-18T10:00,21.7,82,23.2,0.00,3,100,11.2,130,335.0,1
2024-04-18T11:00,22.4,76,23.4,0.00,3,100,13.5,124,482.0,1
2024-04-18T12:00,22.6,74,23.5,0.00,2,73,13.0,114,475.0,1
2024-04-18T13:00,23.5,71,25.1,0.00,3,100,13.7,108,694.0,1
2024-04-18T14:00,23.1,69,24.0,0.00,3,100,13.0,104,585.0,1
2024-04-18T15:00,22.6,68,23.2,0.00,3,100,11.6,106,542.0,1
2024-04-18T16:00,22.0,65,22.0,0.00,3,100,12.0,111,451.0,1
2024-04-18T17:00,20.9,65,20.8,0.00,3,100,9.6,103,225.0,1
2024-04-18T18:00,20.1,66,20.7,0.00,3,100,4.0,95,76.0,1
2024-04-18T19:00,19.1,65,19.4,0.00,3,100,3.5,66,4.0,0
2024-04-18T20:00,18.5,67,18.7,0.00,3,100,3.6,96,0.0,0
2024-04-18T21:00,18.6,67,19.0,0.00,3,100,2.7,113,0.0,0
2024-04-18T22:00,19.6,47,18.8,0.00,3,100,2.1,239,0.0,0
2024-04-18T23:00,17.9,58,16.9,0.10,51,100,6.1,135,0.0,0
2024-04-19T00:00,16.8,72,17.0,0.60,53,100,1.5,135,0.0,0
2024-04-19T01:00,16.1,78,16.6,0.80,53,100,1.8,307,0.0,0
2024-04-19T02:00,16.1,81,16.5,0.00,3,100,3.4,238,0.0,0
2024-04-19T03:00,15.9,84,16.4,0.10,51,100,3.1,306,0.0,0
2024-04-19T04:00,16.5,70,16.8,0.00,3,100,0.8,297,0.0,0
2024-04-19T05:00,16.8,68,16.7,0.00,3,100,2.2,261,0.0,0
2024-04-19T06:00,16.9,65,16.7,0.00,3,100,2.3,231,4.0,1
2024-04-19T07:00,16.9,71,17.1,0.00,3,99,1.8,217,85.0,1
2024-04-19T08:00,18.0,68,18.2,0.00,3,99,2.5,188,266.0,1
2024-04-19T09:00,19.8,66,20.4,0.00,0,7,2.2,171,504.0,1
2024-04-19T10:00,21.1,64,22.6,0.00,1,46,4.4,145,677.0,1
2024-04-19T11:00,22.3,65,24.9,0.00,3,98,6.4,137,818.0,1
2024-04-19T12:00,23.4,67,26.3,0.00,3,96,9.4,133,883.0,1
2024-04-19T13:00,23.5,71,25.9,0.90,53,97,8.2,119,666.0,1
2024-04-19T14:00,22.8,74,24.0,0.50,53,100,12.0,74,505.0,1
2024-04-19T15:00,21.8,82,23.8,0.10,51,99,7.3,57,237.0,1
2024-04-19T16:00,22.0,80,24.4,0.00,3,100,4.3,85,294.0,1
2024-04-19T17:00,21.6,82,23.9,0.00,3,100,5.7,108,178.0,1
2024-04-19T18:00,20.9,85,23.1,0.00,3,100,4.9,107,75.0,1
2024-04-19T19:00,19.3,92,21.7,0.00,3,100,3.9,124,6.0,0
2024-04-19T20:00,19.1,93,21.6,0.00,3,100,3.3,96,0.0,0
2024-04-19T21:00,19.2,91,21.7,0.00,3,100,2.4,117,0.0,0
2024-04-19T22:00,18.5,94,20.7,0.00,3,100,2.9,150,0.0,0
2024-04-19T23:00,19.2,92,22.0,0.00,3,100,1.0,135,0.0,0
2024-04-20T00:00,19.1,93,21.7,0.00,3,100,2.1,31,0.0,0
2024-04-20T01:00,18.6,94,20.9,0.00,3,100,3.4,18,0.0,0
2024-04-20T02:00,17.9,97,20.0,0.00,3,97,4.0,350,0.0,0
2024-04-20T03:00,17.3,98,19.1,0.00,3,95,4.3,318,0.0,0
2024-04-20T04:00,17.3,100,19.4,0.00,3,99,3.6,323,0.0,0
2024-04-20T05:00,17.6,100,19.9,0.00,3,100,3.1,324,0.0,0
2024-04-20T06:00,17.6,100,20.0,0.00,3,100,2.8,320,4.0,1
2024-04-20T07:00,19.3,98,22.4,0.00,3,100,1.5,14,87.0,1
2024-04-20T08:00,21.1,90,24.5,0.00,3,100,1.8,37,261.0,1
2024-04-20T09:00,23.5,83,27.4,0.00,3,100,1.5,76,502.0,1
2024-04-20T10:00,23.8,85,27.0,1.70,61,100,8.4,20,367.0,1
2024-04-20T11:00,24.7,85,28.6,0.00,3,100,7.1,24,527.0,1
2024-04-20T12:00,26.0,81,30.5,0.10,51,100,5.6,45,513.0,1
2024-04-20T13:00,28.2,73,33.9,0.10,51,100,4.5,104,680.0,1
2024-04-20T14:00,29.6,65,34.6,0.10,51,100,1.5,194,575.0,1
2024-04-20T15:00,30.3,58,34.0,0.00,3,100,5.4,180,406.0,1
2024-04-20T16:00,30.4,56,33.1,0.00,3,100,10.1,180,437.0,1
2024-04-20T17:00,26.8,76,31.4,0.10,51,100,2.7,337,117.0,1
2024-04-20T18:00,25.3,92,31.0,0.30,51,100,2.7,67,58.0,1
2024-04-20T19:00,23.8,95,28.4,0.00,3,100,5.7,18,5.0,0
2024-04-20T20:00,24.8,91,29.8,0.00,3,100,3.4,162,0.0,0
2024-04-20T21:00,24.6,87,29.6,1.70,61,100,0.4,270,0.0,0
2024-04-20T22:00,23.3,94,27.9,0.20,51,100,3.1,291,0.0,0
2024-04-20T23:00,23.4,95,28.2,0.10,51,100,2.5,278,0.0,0
2024-04-21T00:00,22.1,98,26.6,0.00,3,100,3.1,216,0.0,0
2024-04-21T01:00,22.0,99,26.4,0.00,3,100,2.8,230,0.0,0
2024-04-21T02:00,22.6,99,27.6,0.00,3,100,1.1,270,0.0,0
2024-04-21T03:00,22.2,100,27.1,0.10,51,100,1.8,307,0.0,0
2024-04-21T04:00,21.0,100,24.6,0.00,3,100,5.0,330,0.0,0
2024-04-21T05:00,21.6,100,25.8,0.00,3,100,3.8,343,0.0,0
2024-04-21T06:00,21.2,100,25.4,0.00,3,100,1.8,281,3.0,1
2024-04-21T07:00,22.0,99,26.1,0.00,3,100,4.5,346,96.0,1
2024-04-21T08:00,23.5,91,27.9,0.00,3,99,3.3,347,267.0,1
2024-04-21T09:00,24.6,84,29.0,0.00,3,100,1.9,112,415.0,1
2024-04-21T10:00,25.0,82,29.8,0.00,2,68,0.5,225,281.0,1
2024-04-21T11:00,26.9,75,32.2,0.00,1,37,3.0,346,676.0,1
2024-04-21T12:00,28.1,67,34.0,0.00,3,91,3.4,18,810.0,1
2024-04-21T13:00,28.7,63,33.3,0.00,3,100,6.6,49,745.0,1
2024-04-21T14:00,28.9,63,32.5,0.10,51,100,10.0,52,656.0,1
2024-04-21T15:00,28.1,64,31.5,0.00,3,100,6.6,49,443.0,1
2024-04-21T16:00,27.9,66,31.2,0.00,3,100,6.3,336,288.0,1
2024-04-21T17:00,25.5,79,28.8,0.10,51,100,8.9,220,117.0,1
2024-04-21T18:00,24.3,84,28.5,0.10,51,100,3.0,194,37.0,1
2024-04-21T19:00,23.2,90,27.5,0.10,51,100,3.3,193,2.0,0
2024-04-21T20:00,23.2,90,27.3,0.80,53,100,4.4,189,0.0,0
2024-04-21T21:00,22.6,94,27.1,0.40,51,100,1.9,112,0.0,0
2024-04-21T22:00,22.3,95,26.1,0.80,53,100,5.6,130,0.0,0
2024-04-21T23:00,21.6,96,25.2,0.70,53,100,5.2,115,0.0,0
2024-04-22T00:00,21.0,95,24.1,0.30,51,100,5.5,122,0.0,0
2024-04-22T01:00,20.5,95,23.5,0.20,51,100,4.3,114,0.0,0
2024-04-22T02:00,20.0,96,23.1,0.10,51,100,3.5,114,0.0,0
2024-04-22T03:00,19.8,96,22.7,0.10,51,100,3.8,131,0.0,0
2024-04-22T04:00,20.0,97,23.4,3.10,63,100,1.1,72,0.0,0
2024-04-22T05:00,19.6,96,22.8,10.60,65,100,1.0,315,0.0,0
2024-04-22T06:00,19.9,95,23.0,1.60,61,99,1.8,360,2.0,1
2024-04-22T07:00,20.1,94,22.8,6.90,63,98,4.9,144,50.0,1
2024-04-22T08:00,20.9,91,24.2,0.10,51,100,2.2,189,138.0,1
2024-04-22T09:00,23.3,83,26.0,0.30,51,100,8.7,175,360.0,1
2024-04-22T10:00,23.8,85,27.9,0.10,51,75,1.8,191,253.0,1
2024-04-22T11:00,25.3,80,29.4,0.00,2,76,4.3,180,525.0,1
2024-04-22T12:00,26.4,76,31.1,0.00,3,99,5.1,141,643.0,1
2024-04-22T13:00,25.9,77,29.6,0.40,51,100,6.9,129,254.0,1
2024-04-22T14:00,25.6,78,29.9,1.20,55,100,2.5,8,265.0,1
2024-04-22T15:00,23.9,88,27.5,1.10,55,94,7.8,326,261.0,1
2024-04-22T16:00,23.5,89,27.2,0.20,51,94,6.6,292,244.0,1
2024-04-22T17:00,23.4,87,27.2,0.30,51,100,4.2,250,100.0,1
2024-04-22T18:00,22.9,94,27.4,0.80,53,99,2.2,261,20.0,1
2024-04-22T19:00,23.0,89,27.1,1.30,61,100,2.6,344,2.0,0
2024-04-22T20:00,22.1,96,26.3,1.90,61,86,2.7,203,0.0,0
2024-04-22T21:00,22.5,90,26.6,2.50,63,100,0.4,360,0.0,0
2024-04-22T22:00,21.6,96,25.7,0.10,51,99,2.5,45,0.0,0
2024-04-22T23:00,21.0,97,24.6,0.00,3,100,3.3,131,0.0,0
2024-04-23T00:00,21.0,98,24.9,0.00,3,100,2.4,117,0.0,0
2024-04-23T01:00,21.1,97,24.9,0.00,3,100,3.1,135,0.0,0
2024-04-23T02:00,21.1,97,24.7,0.10,51,100,3.9,112,0.0,0
2024-04-23T03:00,20.8,96,24.1,0.40,51,100,4.6,108,0.0,0
2024-04-23T04:00,20.6,96,23.7,0.20,51,100,4.7,113,0.0,0
2024-04-23T05:00,20.5,94,23.3,0.10,51,100,6.0,115,0.0,0
2024-04-23T06:00,20.4,94,23.3,0.00,3,100,5.0,111,2.0,1
2024-04-23T07:00,20.5,94,23.2,0.10,51,100,6.2,144,33.0,1
2024-04-23T08:00,21.0,92,24.3,0.20,51,100,3.1,135,84.0,1
2024-04-23T09:00,22.3,88,25.8,0.10,51,100,3.8,139,247.0,1
2024-04-23T10:00,22.2,90,25.6,0.10,51,100,4.9,107,194.0,1
2024-04-23T11:00,23.0,88,26.3,0.20,51,100,6.4,128,353.0,1
2024-04-23T12:00,24.1,84,27.7,0.10,51,100,6.0,147,436.0,1
2024-04-23T13:00,25.5,79,29.5,0.40,51,100,5.1,172,525.0,1
2024-04-23T14:00,25.0,82,28.4,1.40,61,98,9.0,175,350.0,1
2024-04-23T15:00,24.2,88,28.3,2.70,63,72,6.0,155,364.0,1
2024-04-23T16:00,25.4,80,29.8,0.00,3,86,2.4,153,383.0,1
2024-04-23T17:00,24.5,84,28.7,0.00,3,95,4.6,321,158.0,1
2024-04-23T18:00,23.4,90,27.1,0.00,3,99,7.2,342,65.0,1
2024-04-23T19:00,22.1,94,26.0,0.10,51,95,4.4,325,6.0,0
2024-04-23T20:00,22.4,93,26.4,0.10,51,67,3.2,207,0.0,0
2024-04-23T21:00,22.5,96,27.1,0.00,3,91,2.2,171,0.0,0
2024-04-23T22:00,22.0,99,26.3,0.00,3,100,3.7,119,0.0,0
2024-04-23T23:00,21.9,98,25.6,0.40,51,100,6.8,115,0.0,0
2024-04-24T00:00,21.1,97,24.1,1.60,61,100,8.2,119,0.0,0
2024-04-24T01:00,20.5,97,23.8,0.40,51,100,4.2,110,0.0,0
2024-04-24T02:00,20.4,97,23.6,0.30,51,100,3.5,156,0.0,0
2024-04-24T03:00,20.1,98,23.3,0.20,51,100,4.2,160,0.0,0
2024-04-24T04:00,20.1,95,23.3,0.00,3,100,2.5,172,0.0,0
2024-04-24T05:00,20.1,95,23.4,0.00,3,100,1.6,153,0.0,0
2024-04-24T06:00,20.3,95,23.5,0.10,51,100,2.6,214,2.0,1
2024-04-24T07:00,20.6,92,23.7,0.80,53,100,2.6,146,25.0,1
2024-04-24T08:00,20.8,91,23.8,0.60,53,100,2.6,124,76.0,1
2024-04-24T09:00,21.0,87,23.8,0.30,51,100,2.6,124,114.0,1
2024-04-24T10:00,21.4,85,24.3,0.80,53,100,1.8,127,221.0,1
2024-04-24T11:00,21.5,82,23.9,0.20,51,100,5.2,78,219.0,1
2024-04-24T12:00,22.4,77,23.7,0.20,51,100,11.2,84,393.0,1
2024-04-24T13:00,22.5,72,23.2,0.20,51,83,12.7,98,493.0,1
2024-04-24T14:00,22.5,68,22.8,0.00,2,50,13.3,93,554.0,1
2024-04-24T15:00,22.5,64,22.6,0.00,3,80,12.2,92,526.0,1
2024-04-24T16:00,21.9,66,22.0,0.00,3,85,11.5,94,341.0,1
2024-04-24T17:00,21.1,69,21.6,0.00,2,76,8.2,105,195.0,1
2024-04-24T18:00,20.1,76,21.3,0.00,1,48,5.2,124,104.0,1
2024-04-24T19:00,18.1,87,19.3,0.00,3,98,5.8,158,8.0,0
2024-04-24T20:00,18.0,86,19.2,0.00,3,98,5.0,159,0.0,0
2024-04-24T21:00,18.5,90,20.2,0.00,3,87,4.7,122,0.0,0
2024-04-24T22:00,18.5,88,20.2,0.00,3,97,3.6,127,0.0,0
2024-04-24T23:00,19.1,84,21.0,0.00,3,94,1.8,259,0.0,0
2024-04-25T00:00,17.5,93,19.0,0.00,3,100,4.5,299,0.0,0
2024-04-25T01:00,18.5,89,20.5,0.00,3,100,2.3,309,0.0,0
2024-04-25T02:00,18.0,92,20.0,0.00,3,100,2.9,263,0.0,0
2024-04-25T03:00,18.0,92,20.3,0.30,51,100,0.8,297,0.0,0
2024-04-25T04:00,17.6,97,19.8,1.10,55,96,2.1,149,0.0,0
2024-04-25T05:00,17.6,97,19.6,0.00,1,47,3.3,276,0.0,0
2024-04-25T06:00,17.9,93,19.9,0.00,3,100,2.2,261,7.0,1
2024-04-25T07:00,18.5,90,20.5,0.00,3,99,2.9,270,112.0,1
2024-04-25T08:00,19.5,85,21.8,0.00,3,100,1.0,315,265.0,1
2024-04-25T09:00,20.7,78,22.5,0.00,3,100,3.8,73,320.0,1
2024-04-25T10:00,21.5,76,23.4,0.00,3,100,4.3,138,332.0,1
2024-04-25T11:00,21.5,76,23.3,0.00,3,100,4.9,163,197.0,1
2024-04-25T12:00,21.1,79,22.9,0.30,51,100,5.7,145,129.0,1
2024-04-25T13:00,20.9,86,23.1,1.20,55,100,5.7,125,188.0,1
2024-04-25T14:00,20.5,88,22.8,1.20,55,100,6.0,163,168.0,1
2024-04-25T15:00,20.1,91,22.4,2.00,61,100,5.9,137,84.0,1
2024-04-25T16:00,19.9,92,22.3,0.80,53,100,5.1,135,100.0,1
2024-04-25T17:00,19.8,91,21.9,0.20,51,100,5.9,137,80.0,1
2024-04-25T18:00,19.2,95,21.7,1.40,61,100,3.6,127,41.0,1
2024-04-25T19:00,18.7,95,21.1,0.10,51,100,3.2,117,5.0,0
2024-04-25T20:00,18.7,95,20.8,0.20,51,100,5.1,141,0.0,0
2024-04-25T21:00,18.4,96,20.8,0.40,51,100,2.0,45,0.0,0
2024-04-25T22:00,18.5,95,21.0,0.10,51,100,2.2,9,0.0,0
2024-04-25T23:00,19.0,88,21.4,0.00,3,100,0.8,243,0.0,0
2024-04-26T00:00,18.6,94,21.0,0.00,3,98,2.4,243,0.0,0
2024-04-26T01:00,18.5,93,20.8,0.00,3,85,2.3,288,0.0,0
2024-04-26T02:00,18.0,94,20.2,0.00,3,97,3.0,256,0.0,0
2024-04-26T03:00,18.0,95,20.3,0.00,3,92,2.2,270,0.0,0
2024-04-26T04:00,18.1,96,20.6,0.00,3,100,1.8,270,0.0,0
2024-04-26T05:00,18.3,97,20.9,0.00,3,100,1.4,270,0.0,0
2024-04-26T06:00,18.7,94,21.2,0.00,3,100,1.9,338,4.0,1
2024-04-26T07:00,19.2,93,21.7,0.00,3,100,2.5,360,64.0,1
2024-04-26T08:00,20.4,88,23.2,0.00,3,90,1.8,11,186.0,1
2024-04-26T09:00,21.5,86,24.4,0.10,51,100,4.1,165,311.0,1
2024-04-26T10:00,22.4,85,25.0,0.20,51,100,7.4,133,328.0,1
2024-04-26T11:00,22.9,86,26.0,0.30,51,100,6.3,103,255.0,1
2024-04-26T12:00,24.0,82,27.9,0.10,51,100,2.8,40,487.0,1
2024-04-26T13:00,24.0,84,27.7,0.00,3,100,4.7,90,263.0,1
2024-04-26T14:00,25.5,80,29.4,0.00,2,63,5.6,75,468.0,1
2024-04-26T15:00,26.4,76,30.5,0.00,1,37,4.7,99,495.0,1
2024-04-26T16:00,26.2,77,29.9,0.10,51,42,7.1,114,429.0,1
2024-04-26T17:00,25.1,82,28.9,1.30,61,93,7.1,131,239.0,1
2024-04-26T18:00,24.0,92,29.0,0.10,51,79,2.3,72,73.0,1
2024-04-26T19:00,22.4,96,26.4,0.00,0,15,4.8,63,8.0,0
2024-04-26T20:00,23.0,93,27.4,0.00,1,39,3.1,21,0.0,0
2024-04-26T21:00,21.8,91,25.0,0.00,3,100,4.9,107,0.0,0
2024-04-26T22:00,21.5,92,25.0,0.00,3,100,3.1,45,0.0,0
2024-04-26T23:00,21.4,95,25.3,0.00,3,100,1.3,124,0.0,0
2024-04-27T00:00,21.0,95,24.5,0.00,3,100,3.1,159,0.0,0
2024-04-27T01:00,21.0,96,24.5,0.00,3,100,2.8,130,0.0,0
2024-04-27T02:00,20.8,97,24.7,0.00,3,100,1.1,108,0.0,0
2024-04-27T03:00,20.9,98,24.8,0.00,3,100,1.3,34,0.0,0
2024-04-27T04:00,21.0,96,24.7,0.00,3,100,2.1,31,0.0,0
2024-04-27T05:00,21.0,98,25.0,0.00,3,100,1.1,18,0.0,0
2024-04-27T06:00,21.3,95,25.2,0.00,3,100,1.5,346,4.0,1
2024-04-27T07:00,21.9,92,25.2,0.00,3,100,6.1,152,56.0,1
2024-04-27T08:00,22.6,89,26.3,0.00,3,100,3.3,96,166.0,1
2024-04-27T09:00,24.0,83,27.6,0.00,3,95,4.9,107,271.0,1
2024-04-27T10:00,25.0,79,29.0,0.00,3,100,2.5,98,424.0,1
2024-04-27T11:00,25.4,77,29.2,0.00,3,100,3.6,135,402.0,1
2024-04-27T12:00,25.7,78,29.6,0.00,1,41,5.4,70,476.0,1
2024-04-27T13:00,26.8,75,30.9,0.10,51,89,12.3,122,740.0,1
2024-04-27T14:00,24.0,85,26.2,0.20,51,93,16.3,115,372.0,1
2024-04-27T15:00,24.0,83,26.6,0.00,3,100,12.2,114,316.0,1
2024-04-27T16:00,23.5,85,26.4,0.00,3,100,9.2,111,110.0,1
2024-04-27T17:00,23.3,86,26.6,0.00,3,100,6.8,108,92.0,1
2024-04-27T18:00,23.0,88,26.6,0.00,3,100,4.8,132,30.0,1
2024-04-27T19:00,22.4,91,25.8,0.10,51,100,5.8,97,3.0,0
2024-04-27T20:00,22.0,93,25.7,0.00,3,100,3.7,119,0.0,0
2024-04-27T21:00,21.6,95,25.0,0.00,3,100,6.4,128,0.0,0
2024-04-27T22:00,21.4,95,24.9,0.10,51,100,4.6,108,0.0,0
2024-04-27T23:00,21.3,95,25.0,0.00,3,100,2.5,98,0.0,0
2024-04-28T00:00,21.1,95,24.7,0.00,3,100,3.7,61,0.0,0
2024-04-28T01:00,21.0,96,24.5,0.00,3,100,4.1,135,0.0,0
2024-04-28T02:00,20.9,97,24.4,0.00,3,100,3.6,127,0.0,0
2024-04-28T03:00,20.9,97,24.7,0.00,3,100,1.9,112,0.0,0
2024-04-28T04:00,20.9,97,24.6,0.00,3,100,2.2,90,0.0,0
2024-04-28T05:00,20.5,98,24.2,0.00,3,100,1.9,112,0.0,0
2024-04-28T06:00,20.7,98,24.3,0.10,51,100,3.3,103,7.0,1
2024-04-28T07:00,21.1,97,24.7,0.10,51,100,4.8,77,42.0,1
2024-04-28T08:00,22.0,95,25.7,0.40,51,100,5.7,18,115.0,1
2024-04-28T09:00,22.4,95,26.3,0.80,53,100,5.6,63,139.0,1
2024-04-28T10:00,22.9,94,27.2,0.30,51,100,3.2,63,100.0,1
2024-04-28T11:00,25.5,81,30.2,0.20,51,100,1.1,180,540.0,1
2024-04-28T12:00,26.0,77,29.4,0.00,3,95,9.0,182,366.0,1
2024-04-28T13:00,26.6,72,29.1,0.00,2,74,15.5,192,606.0,1
2024-04-28T14:00,27.4,65,29.2,0.00,3,85,16.6,202,614.0,1
2024-04-28T15:00,27.9,66,29.6,0.00,1,29,17.5,189,522.0,1
2024-04-28T16:00,28.1,65,30.3,0.00,3,81,14.6,200,471.0,1
2024-04-28T17:00,27.5,68,30.7,0.00,3,100,8.7,204,297.0,1
2024-04-28T18:00,25.9,81,30.1,0.00,3,100,5.9,191,102.0,1
2024-04-28T19:00,24.5,79,27.8,0.00,1,33,6.4,164,8.0,0
2024-04-28T20:00,22.6,90,26.1,0.00,0,5,6.0,163,0.0,0
2024-04-28T21:00,22.5,90,26.0,0.00,1,22,5.7,162,0.0,0
2024-04-28T22:00,23.0,85,26.8,0.00,2,53,2.1,211,0.0,0
2024-04-28T23:00,22.4,89,26.2,0.00,3,83,1.9,202,0.0,0
2024-04-29T00:00,21.8,93,25.8,0.00,0,3,1.1,270,0.0,0
2024-04-29T01:00,20.1,98,23.4,0.00,0,14,3.2,243,0.0,0
2024-04-29T02:00,19.5,100,22.5,0.00,3,98,3.7,299,0.0,0
2024-04-29T03:00,18.9,100,21.5,0.00,3,97,5.3,298,0.0,0
2024-04-29T04:00,19.1,100,21.9,0.00,3,96,4.2,250,0.0,0
2024-04-29T05:00,20.0,100,23.4,0.00,3,84,3.1,249,0.0,0
2024-04-29T06:00,19.8,100,23.0,0.00,2,78,3.2,270,10.0,1
2024-04-29T07:00,21.6,95,25.7,0.00,2,71,0.8,117,131.0,1
2024-04-29T08:00,23.8,88,28.0,0.00,3,81,3.7,79,332.0,1
2024-04-29T09:00,26.4,83,31.4,0.00,1,36,4.0,90,536.0,1
2024-04-29T10:00,28.0,77,34.1,0.00,1,47,4.4,99,717.0,1
2024-04-29T11:00,29.9,70,37.5,0.00,2,73,2.3,72,853.0,1
2024-04-29T12:00,31.3,65,38.4,0.00,3,99,5.9,79,861.0,1
2024-04-29T13:00,32.0,60,39.0,0.40,51,99,3.7,101,842.0,1
2024-04-29T14:00,30.0,67,35.2,1.50,61,99,3.3,283,441.0,1
2024-04-29T15:00,29.6,69,35.2,0.30,51,100,1.3,236,568.0,1
2024-04-29T16:00,29.5,70,34.8,0.00,3,99,3.8,163,307.0,1
2024-04-29T17:00,29.5,69,34.8,0.00,3,92,2.5,172,284.0,1
2024-04-29T18:00,28.0,85,34.2,0.00,3,100,4.0,153,118.0,1
2024-04-29T19:00,26.4,87,31.7,0.00,3,100,5.6,135,4.0,0
2024-04-29T20:00,26.2,87,31.6,0.00,3,100,4.9,163,0.0,0
2024-04-29T21:00,24.4,91,29.3,0.10,51,100,3.3,347,0.0,0
2024-04-29T22:00,24.5,91,29.5,0.00,3,100,3.4,328,0.0,0
2024-04-29T23:00,24.5,91,29.8,0.00,3,100,1.6,297,0.0,0
2024-04-30T00:00,23.4,94,28.0,0.00,3,100,3.4,238,0.0,0
2024-04-30T01:00,24.0,92,28.9,0.00,3,100,2.7,203,0.0,0
2024-04-30T02:00,22.6,96,26.9,0.20,51,100,4.5,241,0.0,0
2024-04-30T03:00,23.4,94,28.0,0.60,53,100,3.5,156,0.0,0
2024-04-30T04:00,22.7,98,27.1,0.80,53,100,4.7,99,0.0,0
2024-04-30T05:00,22.2,98,26.1,1.00,55,100,6.8,115,0.0,0
2024-04-30T06:00,22.1,98,25.8,0.50,53,100,8.4,130,3.0,1
2024-04-30T07:00,22.4,96,26.5,0.00,3,100,4.0,117,44.0,1
2024-04-30T08:00,22.5,95,26.5,0.00,3,100,6.0,25,32.0,1
2024-04-30T09:00,22.5,96,26.1,11.80,65,100,9.0,119,32.0,1
2024-04-30T10:00,22.6,96,26.1,6.00,63,100,9.9,134,69.0,1
2024-04-30T11:00,23.0,94,26.7,1.60,61,100,9.2,141,123.0,1
2024-04-30T12:00,24.5,89,29.3,0.90,53,100,3.0,194,300.0,1
2024-04-30T13:00,25.5,86,29.5,0.70,53,100,10.4,166,375.0,1
2024-04-30T14:00,25.4,91,30.1,0.90,53,100,9.5,151,204.0,1
2024-04-30T15:00,26.2,87,31.0,0.50,53,100,8.8,171,283.0,1
2024-04-30T16:00,26.1,87,31.4,0.10,51,100,5.3,152,202.0,1
2024-04-30T17:00,26.3,87,31.4,0.00,3,100,6.4,153,197.0,1
2024-04-30T18:00,25.0,91,29.9,0.00,3,100,6.2,159,57.0,1
2024-04-30T19:00,23.9,93,28.5,0.00,3,100,4.3,132,8.0,0
2024-04-30T20:00,24.0,94,28.9,0.00,3,100,3.3,174,0.0,0
2024-04-30T21:00,22.9,98,28.0,0.00,3,100,1.1,162,0.0,0
2024-04-30T22:00,21.8,100,26.1,0.00,3,100,2.6,214,0.0,0
2024-04-30T23:00,22.1,100,26.9,0.00,3,100,1.1,270,0.0,0
2024-05-01T00:00,21.3,100,25.5,0.00,3,100,2.4,243,0.0,0
2024-05-01T01:00,22.0,100,26.6,0.00,3,100,2.1,59,0.0,0
2024-05-01T02:00,21.9,100,26.4,0.10,51,100,2.6,344,0.0,0
2024-05-01T03:00,21.4,99,25.5,0.20,51,100,2.6,124,0.0,0
2024-05-01T04:00,20.9,97,23.5,0.30,51,100,9.1,124,0.0,0
2024-05-01T05:00,19.6,92,21.2,0.10,51,100,9.8,118,0.0,0
2024-05-01T06:00,19.0,94,21.2,0.70,53,100,4.8,117,2.0,1
2024-05-01T07:00,19.1,92,21.4,0.50,53,100,3.6,96,21.0,1
2024-05-01T08:00,19.4,87,21.0,0.10,51,100,5.9,104,75.0,1
2024-05-01T09:00,19.4,84,21.1,0.10,51,100,4.5,76,123.0,1
2024-05-01T10:00,19.8,82,21.6,0.10,51,100,3.4,72,155.0,1
2024-05-01T11:00,21.0,78,22.7,0.00,3,100,5.9,104,388.0,1
2024-05-01T12:00,21.2,78,22.3,0.00,3,100,10.3,119,322.0,1
2024-05-01T13:00,20.8,78,21.5,0.00,3,100,11.6,112,242.0,1
2024-05-01T14:00,20.5,78,21.0,0.00,3,100,11.7,108,219.0,1
2024-05-01T15:00,19.9,77,20.2,0.10,51,100,11.3,107,175.0,1
2024-05-01T16:00,19.2,79,19.4,0.10,51,100,11.2,105,110.0,1
2024-05-01T17:00,18.6,80,18.8,0.40,51,100,10.0,105,73.0,1
2024-05-01T18:00,18.1,81,18.4,0.40,51,100,8.8,99,24.0,1
2024-05-01T19:00,17.9,82,18.6,0.20,51,100,6.1,93,3.0,0
2024-05-01T20:00,17.8,84,18.4,0.50,53,100,6.9,99,0.0,0
2024-05-01T21:00,17.1,92,18.7,0.20,51,100,2.2,90,0.0,0
2024-05-01T22:00,17.2,91,18.9,0.40,51,100,1.8,101,0.0,0
2024-05-01T23:00,17.1,91,18.7,0.20,51,100,2.6,106,0.0,0
2024-05-02T00:00,17.2,92,19.1,0.60,53,100,0.8,27,0.0,0
2024-05-02T01:00,17.4,89,19.2,1.00,55,100,0.7,90,0.0,0
2024-05-02T02:00,17.4,87,18.8,0.10,51,100,2.5,90,0.0,0
2024-05-02T03:00,17.1,89,18.6,0.00,3,100,2.3,108,0.0,0
2024-05-02T04:00,17.0,90,18.6,0.00,3,100,1.8,101,0.0,0
2024-05-02T05:00,17.0,88,18.3,0.00,3,100,2.5,82,0.0,0
2024-05-02T06:00,17.0,88,17.9,0.00,3,95,4.7,94,4.0,1
2024-05-02T07:00,17.1,85,17.8,0.00,3,98,5.8,94,63.0,1
2024-05-02T08:00,17.6,82,18.5,0.00,3,100,4.3,90,194.0,1
2024-05-02T09:00,17.4,81,18.2,0.00,3,100,3.3,103,171.0,1
2024-05-02T10:00,18.0,76,18.6,0.00,3,99,4.7,81,269.0,1
2024-05-02T11:00,18.9,72,19.5,0.00,3,98,3.8,49,279.0,1
2024-05-02T12:00,20.5,69,21.5,0.00,3,83,2.8,50,524.0,1
2024-05-02T13:00,22.5,64,25.4,0.00,3,100,2.3,108,763.0,1
2024-05-02T14:00,22.9,65,25.1,0.00,3,100,3.6,143,666.0,1
2024-05-02T15:00,22.4,66,23.1,0.00,3,98,8.9,133,424.0,1
2024-05-02T16:00,20.8,67,20.2,0.00,1,46,13.9,115,342.0,1
2024-05-02T17:00,20.0,70,19.8,0.00,0,19,10.6,108,285.0,1
2024-05-02T18:00,19.1,73,19.4,0.00,1,43,7.1,114,117.0,1
2024-05-02T19:00,17.8,77,18.3,0.00,1,32,4.5,119,11.0,0
2024-05-02T20:00,16.8,82,17.2,0.00,3,100,5.4,127,0.0,0
2024-05-02T21:00,17.4,78,18.1,0.00,2,68,2.9,97,0.0,0
2024-05-02T22:00,16.9,78,17.4,0.10,51,100,3.1,135,0.0,0
2024-05-02T23:00,16.8,76,17.2,0.00,0,15,2.4,117,0.0,0
2024-05-03T00:00,16.9,70,16.9,0.00,1,43,3.1,201,0.0,0
2024-05-03T01:00,15.5,82,15.6,0.00,3,86,4.8,257,0.0,0
2024-05-03T02:00,15.9,76,15.9,0.00,3,94,3.8,287,0.0,0
2024-05-03T03:00,16.1,77,16.3,0.00,1,40,3.6,307,0.0,0
2024-05-03T04:00,15.4,84,15.6,0.00,0,14,5.0,339,0.0,0
2024-05-03T05:00,15.1,84,15.0,0.00,3,80,5.8,360,0.0,0
2024-05-03T06:00,16.2,75,16.3,0.00,3,82,3.6,6,8.0,1
2024-05-03T07:00,16.8,68,16.5,0.00,0,9,3.6,360,83.0,1
2024-05-03T08:00,18.0,59,17.6,0.00,0,9,2.2,351,314.0,1
2024-05-03T09:00,19.0,56,18.5,0.00,1,28,4.0,10,528.0,1
2024-05-03T10:00,20.2,53,20.4,0.00,0,11,3.8,73,634.0,1
2024-05-03T11:00,21.6,54,23.4,0.00,0,1,4.7,113,838.0,1
2024-05-03T12:00,22.7,55,25.1,0.00,1,31,6.4,128,926.0,1
2024-05-03T13:00,23.3,56,25.5,0.00,1,30,9.0,127,919.0,1
2024-05-03T14:00,23.6,57,25.3,0.00,2,50,11.1,119,857.0,1
2024-05-03T15:00,23.3,62,24.5,0.00,0,6,11.4,118,722.0,1
2024-05-03T16:00,22.5,69,23.2,0.00,3,90,11.3,117,541.0,1
2024-05-03T17:00,21.7,73,22.6,0.00,1,44,9.5,115,332.0,1
2024-05-03T18:00,20.6,79,22.1,0.00,3,89,6.4,117,125.0,1
2024-05-03T19:00,19.1,87,20.9,0.00,3,100,4.4,145,12.0,0
2024-05-03T20:00,18.8,88,20.5,0.00,3,99,4.3,138,0.0,0
2024-05-03T21:00,19.5,77,21.1,0.00,3,91,1.9,292,0.0,0
2024-05-03T22:00,19.4,79,21.0,0.00,3,100,1.9,338,0.0,0
2024-05-03T23:00,19.1,81,20.9,0.00,3,100,1.5,14,0.0,0
2024-05-04T00:00,18.4,91,20.4,0.40,51,100,2.6,16,0.0,0
2024-05-04T01:00,18.1,92,20.2,0.70,53,100,2.3,309,0.0,0
2024-05-04T02:00,18.2,93,20.5,0.40,51,100,2.3,321,0.0,0
2024-05-04T03:00,18.4,91,20.5,0.00,3,100,1.9,292,0.0,0
2024-05-04T04:00,18.4,93,20.7,0.00,3,100,1.8,307,0.0,0
2024-05-04T05:00,18.4,90,20.5,0.00,3,100,1.9,292,0.0,0
2024-05-04T06:00,18.7,86,20.8,0.00,3,100,0.8,333,5.0,1
2024-05-04T07:00,18.8,88,21.1,0.00,3,100,0.0,270,30.0,1
2024-05-04T08:00,19.2,88,21.7,0.10,51,100,1.1,198,116.0,1
2024-05-04T09:00,21.1,77,23.2,0.00,3,100,2.4,117,381.0,1
2024-05-04T10:00,22.1,76,24.3,0.00,3,100,3.8,131,480.0,1
2024-05-04T11:00,22.6,75,24.8,0.00,3,100,5.2,146,421.0,1
2024-05-04T12:00,22.8,75,25.0,0.00,3,100,5.1,141,332.0,1
2024-05-04T13:00,22.4,78,24.7,0.10,51,100,4.7,113,203.0,1
2024-05-04T14:00,22.2,80,24.8,0.00,3,100,3.9,124,187.0,1
2024-05-04T15:00,22.5,80,25.3,0.00,3,100,4.1,165,205.0,1
2024-05-04T16:00,22.4,82,25.0,0.40,51,100,4.9,163,128.0,1
2024-05-04T17:00,22.5,82,25.2,0.30,51,100,5.0,150,182.0,1
2024-05-04T18:00,22.1,84,25.2,0.00,3,96,3.9,146,76.0,1
2024-05-04T19:00,20.9,89,23.8,0.00,3,100,3.9,146,8.0,0
2024-05-04T20:00,20.5,91,23.3,0.00,3,100,3.9,158,0.0,0
2024-05-04T21:00,20.0,91,22.8,0.00,3,100,3.2,153,0.0,0
2024-05-04T22:00,19.7,92,22.3,0.00,3,100,3.2,153,0.0,0
2024-05-04T23:00,20.4,87,23.1,0.00,3,98,1.9,158,0.0,0
2024-05-05T00:00,19.2,95,21.8,0.00,3,100,3.5,204,0.0,0
2024-05-05T01:00,20.0,90,22.8,0.00,3,100,1.8,217,0.0,0
2024-05-05T02:00,20.0,90,22.8,0.30,51,100,1.8,270,0.0,0
2024-05-05T03:00,19.2,96,22.0,1.00,55,100,2.8,230,0.0,0
2024-05-05T04:00,19.2,96,22.0,2.00,61,100,2.8,220,0.0,0
2024-05-05T05:00,19.6,92,22.4,2.00,61,100,2.2,261,0.0,0
2024-05-05T06:00,19.3,96,22.0,3.00,63,100,3.3,283,1.0,1
2024-05-05T07:00,19.6,95,22.4,1.90,61,100,3.6,186,14.0,1
2024-05-05T08:00,20.0,93,23.0,0.80,53,100,1.8,360,33.0,1
2024-05-05T09:00,22.5,83,25.6,0.00,3,100,2.9,150,429.0,1
2024-05-05T10:00,24.0,80,27.3,0.00,3,100,5.1,176,485.0,1
2024-05-05T11:00,26.5,73,30.5,0.00,3,98,4.0,170,569.0,1
2024-05-05T12:00,27.5,70,31.4,0.00,3,100,5.5,148,529.0,1
2024-05-05T13:00,27.9,68,31.9,0.00,0,12,4.3,185,357.0,1
2024-05-05T14:00,29.1,62,33.3,0.10,51,16,8.3,185,700.0,1
2024-05-05T15:00,29.8,60,33.4,0.00,1,31,9.4,184,619.0,1
2024-05-05T16:00,29.7,60,33.1,0.50,53,41,7.2,198,489.0,1
2024-05-05T17:00,28.6,67,33.0,0.20,51,28,3.3,167,279.0,1
2024-05-05T18:00,26.9,82,32.4,0.00,2,55,1.9,22,117.0,1
2024-05-05T19:00,25.9,82,30.6,0.20,51,10,3.4,238,10.0,0
2024-05-05T20:00,24.8,87,29.6,0.00,0,6,2.3,252,0.0,0
2024-05-05T21:00,23.3,93,27.7,0.10,51,35,4.1,255,0.0,0
2024-05-05T22:00,23.7,93,28.7,0.00,1,20,1.3,236,0.0,0
2024-05-05T23:00,23.1,97,28.0,0.00,0,1,2.7,337,0.0,0
2024-05-06T00:00,22.5,100,27.5,0.00,3,98,1.1,252,0.0,0
2024-05-06T01:00,20.3,100,23.6,0.00,3,96,4.7,270,0.0,0
2024-05-06T02:00,20.2,100,23.5,0.00,3,95,4.7,274,0.0,0
2024-05-06T03:00,20.0,100,23.1,0.00,1,41,4.6,288,0.0,0
2024-05-06T04:00,19.8,98,22.6,0.00,0,6,5.2,286,0.0,0
2024-05-06T05:00,19.1,99,21.6,0.00,0,3,6.2,291,0.0,0
2024-05-06T06:00,19.9,98,22.9,0.00,0,0,4.0,280,15.0,1
2024-05-06T07:00,22.0,91,25.6,0.00,0,5,3.7,281,151.0,1
2024-05-06T08:00,23.6,88,27.6,0.00,0,5,4.3,294,356.0,1
2024-05-06T09:00,25.6,79,29.5,0.00,1,36,6.4,308,565.0,1
2024-05-06T10:00,26.9,70,30.8,0.00,0,8,9.7,312,718.0,1
2024-05-06T11:00,28.1,62,32.1,0.00,1,20,10.2,315,802.0,1
2024-05-06T12:00,29.1,58,33.4,0.00,2,57,9.8,324,871.0,1
2024-05-06T13:00,29.4,56,32.7,0.00,3,88,11.1,331,780.0,1
2024-05-06T14:00,29.5,55,32.3,0.00,2,70,11.0,319,685.0,1
2024-05-06T15:00,29.9,55,32.6,0.00,3,80,11.0,322,647.0,1
2024-05-06T16:00,29.5,53,32.5,0.00,2,60,1.9,112,519.0,1
2024-05-06T17:00,26.0,78,28.6,0.00,1,22,15.0,125,325.0,1
2024-05-06T18:00,23.2,87,26.3,0.00,0,14,9.1,108,145.0,1
2024-05-06T19:00,21.5,93,24.9,0.00,1,34,4.3,138,14.0,0
2024-05-06T20:00,20.6,95,23.6,0.00,2,55,5.9,137,0.0,0
2024-05-06T21:00,21.0,96,24.6,0.00,1,43,3.6,143,0.0,0
2024-05-06T22:00,21.1,94,24.6,0.00,3,100,3.3,167,0.0,0
2024-05-06T23:00,21.4,94,25.0,0.00,3,100,2.9,240,0.0,0
2024-05-07T00:00,21.0,97,24.7,0.00,3,100,1.9,292,0.0,0
2024-05-07T01:00,20.5,100,24.3,0.00,3,100,2.0,315,0.0,0
2024-05-07T02:00,19.3,100,22.3,0.00,3,100,3.9,304,0.0,0
2024-05-07T03:00,19.6,100,22.9,0.00,3,100,3.2,297,0.0,0
2024-05-07T04:00,19.9,100,23.3,0.00,3,100,2.0,315,0.0,0
2024-05-07T05:00,19.8,99,23.2,0.00,3,100,1.5,284,0.0,0
2024-05-07T06:00,19.7,99,23.0,0.00,3,100,2.6,304,12.0,1
2024-05-07T07:00,20.3,96,23.5,0.00,3,100,3.7,281,44.0,1
2024-05-07T08:00,21.2,92,24.6,0.00,3,100,2.8,320,110.0,1
2024-05-07T09:00,22.9,82,26.2,0.00,3,100,2.3,309,210.0,1
2024-05-07T10:00,24.0,76,27.2,0.00,3,100,2.9,330,346.0,1
2024-05-07T11:00,24.1,75,27.7,0.00,3,100,0.4,360,270.0,1
2024-05-07T12:00,24.1,76,27.4,0.00,3,100,2.9,210,168.0,1
2024-05-07T13:00,24.4,75,27.5,0.00,3,100,3.9,214,241.0,1
2024-05-07T14:00,24.6,74,27.9,0.00,3,100,2.8,220,259.0,1
2024-05-07T15:00,24.8,73,28.1,0.00,3,100,2.3,162,312.0,1
2024-05-07T16:00,25.5,70,28.9,0.00,1,48,2.8,140,555.0,1
2024-05-07T17:00,25.4,70,28.3,0.00,1,49,4.4,145,341.0,1
2024-05-07T18:00,24.2,80,27.9,0.00,3,88,3.4,148,141.0,1
2024-05-07T19:00,22.0,85,24.5,0.00,3,100,7.0,145,13.0,0
2024-05-07T20:00,22.3,81,24.8,0.00,3,81,5.9,137,0.0,0
2024-05-07T21:00,23.6,79,27.1,0.00,1,29,1.6,153,0.0,0
2024-05-07T22:00,21.4,91,24.3,0.00,1,47,5.7,162,0.0,0
2024-05-07T23:00,22.1,93,25.8,0.00,1,48,4.3,185,0.0,0
2024-05-08T00:00,21.6,97,26.0,0.00,2,58,0.5,315,0.0,0
2024-05-08T01:00,21.2,100,25.6,0.00,3,100,1.3,326,0.0,0
2024-05-08T02:00,21.1,100,25.0,0.00,2,61,3.2,243,0.0,0
2024-05-08T03:00,20.8,100,24.7,0.00,3,100,2.9,270,0.0,0
2024-05-08T04:00,20.5,100,24.4,0.00,3,100,2.3,288,0.0,0
2024-05-08T05:00,20.5,100,24.3,0.00,3,100,2.3,252,0.0,0
2024-05-08T06:00,20.0,100,23.5,0.00,3,100,1.8,270,13.0,1
2024-05-08T07:00,21.2,98,25.3,0.00,3,100,1.8,270,113.0,1
2024-05-08T08:00,22.5,84,26.1,0.00,3,100,1.3,236,287.0,1
2024-05-08T09:00,23.6,77,26.9,0.00,1,43,1.3,34,349.0,1
2024-05-08T10:00,25.4,71,30.0,0.00,0,11,2.5,82,750.0,1
2024-05-08T11:00,26.7,66,31.7,0.00,2,71,5.1,98,859.0,1
2024-05-08T12:00,27.4,61,31.6,0.00,3,82,9.0,106,887.0,1
2024-05-08T13:00,27.2,60,30.5,0.40,51,91,12.1,107,859.0,1
2024-05-08T14:00,26.0,66,27.8,0.10,51,100,14.1,109,642.0,1
2024-05-08T15:00,25.4,66,26.9,0.00,3,88,13.4,95,608.0,1
2024-05-08T16:00,24.5,66,25.3,0.10,51,67,13.3,92,466.0,1
2024-05-08T17:00,23.6,67,24.4,0.00,3,94,12.7,82,337.0,1
2024-05-08T18:00,22.5,70,23.7,0.00,1,45,7.6,98,132.0,1
2024-05-08T19:00,20.0,80,21.1,0.00,2,64,7.6,87,14.0,0
2024-05-08T20:00,21.9,59,22.5,0.00,3,98,3.6,90,0.0,0
2024-05-08T21:00,21.9,69,23.5,0.00,3,100,2.9,330,0.0,0
2024-05-08T22:00,22.1,66,23.3,0.00,3,100,4.6,51,0.0,0
2024-05-08T23:00,21.6,64,22.4,0.00,3,100,5.2,65,0.0,0
2024-05-09T00:00,18.0,81,18.5,0.00,3,100,7.9,74,0.0,0
2024-05-09T01:00,17.6,84,18.2,0.00,3,100,7.2,63,0.0,0
2024-05-09T02:00,18.0,76,18.4,0.00,3,100,5.7,55,0.0,0
2024-05-09T03:00,19.1,63,19.2,0.00,3,100,3.9,68,0.0,0
2024-05-09T04:00,18.1,67,18.1,0.00,3,100,4.4,35,0.0,0
2024-05-09T05:00,17.1,75,17.3,0.00,3,100,4.3,5,0.0,0
2024-05-09T06:00,17.1,82,18.0,0.00,3,100,3.1,324,13.0,1
2024-05-09T07:00,18.4,72,19.0,0.00,3,99,3.1,324,117.0,1
2024-05-09T08:00,19.5,66,20.0,0.00,3,98,2.6,56,311.0,1
2024-05-09T09:00,21.0,62,21.3,0.00,3,81,5.9,79,561.0,1
2024-05-09T10:00,22.2,58,23.4,0.00,2,66,7.9,87,760.0,1
2024-05-09T11:00,23.0,53,24.2,0.00,3,86,10.8,90,859.0,1
2024-05-09T12:00,23.6,52,25.0,0.00,3,99,11.6,97,907.0,1
2024-05-09T13:00,23.8,53,25.0,0.00,3,100,12.7,98,904.0,1
2024-05-09T14:00,23.6,54,24.5,0.00,3,100,13.1,98,826.0,1
2024-05-09T15:00,23.2,53,23.1,0.00,3,100,13.8,99,706.0,1
2024-05-09T16:00,22.2,55,21.5,0.00,3,100,10.9,99,425.0,1
2024-05-09T17:00,20.9,63,20.9,0.00,3,100,7.8,112,135.0,1
2024-05-09T18:00,20.0,71,20.6,0.00,3,100,5.7,108,39.0,1
2024-05-09T19:00,19.1,78,20.4,0.00,3,100,3.6,96,6.0,0
2024-05-09T20:00,18.1,83,19.2,0.00,3,100,5.4,48,0.0,0
2024-05-09T21:00,17.6,86,18.6,0.00,3,100,5.1,98,0.0,0
2024-05-09T22:00,18.6,78,19.9,0.00,3,100,1.5,14,0.0,0
2024-05-09T23:00,18.4,79,19.6,0.00,3,97,2.5,352,0.0,0
2024-05-10T00:00,18.0,81,19.1,0.00,3,97,2.6,326,0.0,0
2024-05-10T01:00,16.1,93,17.1,0.00,3,100,4.6,315,0.0,0
2024-05-10T02:00,16.5,94,17.7,0.00,3,100,4.3,312,0.0,0
2024-05-10T03:00,15.5,97,16.5,0.00,3,83,4.9,306,0.0,0
2024-05-10T04:00,14.9,97,15.7,0.00,2,75,5.1,321,0.0,0
2024-05-10T05:00,14.8,97,15.4,0.00,2,71,5.1,321,0.0,0
2024-05-10T06:00,16.0,95,17.2,0.00,3,96,4.1,315,17.0,1
2024-05-10T07:00,17.5,87,18.7,0.00,3,85,4.3,312,148.0,1
2024-05-10T08:00,19.2,77,20.5,0.00,2,74,2.6,304,331.0,1
2024-05-10T09:00,21.0,68,22.4,0.00,3,81,1.1,288,528.0,1
2024-05-10T10:00,22.1,67,24.3,0.00,2,63,1.6,207,620.0,1
2024-05-10T11:00,23.5,66,27.3,0.00,3,97,2.7,157,822.0,1
2024-05-10T12:00,24.4,66,28.2,0.00,2,62,4.4,145,817.0,1
2024-05-10T13:00,25.4,64,29.4,0.00,2,75,7.7,139,922.0,1
2024-05-10T14:00,25.5,64,28.8,0.00,3,82,9.2,135,816.0,1
2024-05-10T15:00,25.5,64,27.9,0.00,1,33,9.7,135,714.0,1
2024-05-10T16:00,25.2,64,26.5,0.00,3,100,10.6,118,540.0,1
2024-05-10T17:00,24.5,67,25.9,0.00,3,100,9.9,123,342.0,1
2024-05-10T18:00,23.2,75,25.5,0.00,3,100,5.6,135,144.0,1
2024-05-10T19:00,21.4,83,23.8,0.00,3,96,4.9,144,15.0,0
2024-05-10T20:00,20.6,88,22.9,0.00,3,92,5.8,150,0.0,0
2024-05-10T21:00,20.9,90,23.6,0.00,1,41,5.2,155,0.0,0
2024-05-10T22:00,21.9,80,24.4,0.00,3,97,3.2,180,0.0,0
2024-05-10T23:00,21.5,82,24.2,0.00,3,100,2.3,231,0.0,0
2024-05-11T00:00,21.3,83,24.0,0.00,3,100,1.8,281,0.0,0
2024-05-11T01:00,20.9,85,23.6,0.00,3,100,2.6,254,0.0,0
2024-05-11T02:00,19.6,92,22.1,0.00,3,100,4.1,255,0.0,0
2024-05-11T03:00,19.9,91,22.5,0.00,3,100,3.2,243,0.0,0
2024-05-11T04:00,20.5,88,23.2,0.00,3,100,2.9,277,0.0,0
2024-05-11T05:00,20.6,88,23.7,0.00,3,100,1.3,236,0.0,0
2024-05-11T06:00,20.2,93,23.3,0.00,3,100,1.8,233,8.0,1
2024-05-11T07:00,21.0,89,24.2,0.20,51,100,1.5,166,51.0,1
2024-05-11T08:00,21.5,87,24.8,0.00,3,100,1.9,292,108.0,1
2024-05-11T09:00,24.5,74,28.0,0.00,3,90,1.0,45,402.0,1
2024-05-11T10:00,25.6,72,29.3,0.00,3,98,2.2,81,537.0,1
2024-05-11T11:00,26.9,69,31.5,0.00,3,100,4.0,117,706.0,1
2024-05-11T12:00,28.2,64,33.5,0.00,3,99,6.6,119,862.0,1
2024-05-11T13:00,29.4,60,34.1,0.00,3,98,9.3,126,851.0,1
2024-05-11T14:00,30.2,55,34.7,0.00,3,100,7.6,135,809.0,1
2024-05-11T15:00,31.0,52,33.8,0.00,3,100,9.7,105,623.0,1
2024-05-11T16:00,29.2,61,31.8,0.00,3,100,12.6,114,310.0,1
2024-05-11T17:00,27.1,69,30.0,0.00,3,99,10.9,107,187.0,1
2024-05-11T18:00,25.8,73,28.9,0.00,3,100,7.2,93,99.0,1
2024-05-11T19:00,24.0,80,27.3,0.00,3,100,4.7,81,13.0,0
2024-05-11T20:00,23.2,86,26.8,0.00,3,100,5.0,90,0.0,0
2024-05-11T21:00,23.4,89,27.2,0.00,3,99,5.3,118,0.0,0
2024-05-11T22:00,24.0,84,28.4,0.00,3,100,0.7,360,0.0,0
2024-05-11T23:00,22.7,91,26.7,0.00,3,100,3.2,153,0.0,0
2024-05-12T00:00,23.0,91,27.3,0.00,3,100,1.8,11,0.0,0
2024-05-12T01:00,22.6,93,26.8,0.00,3,100,2.3,321,0.0,0
2024-05-12T02:00,21.9,97,26.3,0.00,3,100,1.3,214,0.0,0
2024-05-12T03:00,22.0,98,26.5,0.00,3,99,1.1,252,0.0,0
2024-05-12T04:00,21.6,99,25.9,0.00,3,100,2.1,301,0.0,0
2024-05-12T05:00,21.6,99,26.0,0.10,51,100,1.8,281,0.0,0
2024-05-12T06:00,21.3,99,25.4,0.20,51,100,2.7,293,6.0,1
2024-05-12T07:00,22.1,98,26.6,0.20,51,100,1.8,233,28.0,1
2024-05-12T08:00,22.7,95,27.5,0.20,51,100,0.5,315,49.0,1
2024-05-12T09:00,25.4,90,30.7,0.00,3,100,3.2,360,337.0,1
2024-05-12T10:00,26.7,85,32.2,0.10,51,100,3.6,360,434.0,1
2024-05-12T11:00,28.3,80,34.9,0.30,51,100,3.9,338,676.0,1
2024-05-12T12:00,27.4,77,31.8,8.80,65,100,7.6,360,431.0,1
2024-05-12T13:00,26.0,81,30.6,9.50,65,100,5.2,258,358.0,1
2024-05-12T14:00,25.5,85,30.0,1.90,61,100,5.5,247,118.0,1
2024-05-12T15:00,25.7,83,30.3,0.30,51,100,5.0,249,145.0,1
2024-05-12T16:00,25.5,87,30.6,0.80,53,100,3.3,257,189.0,1
2024-05-12T17:00,25.4,89,30.8,0.30,51,100,1.6,243,120.0,1
2024-05-12T18:00,24.9,91,30.3,0.30,51,100,2.2,81,33.0,1
2024-05-12T19:00,23.9,96,28.7,0.30,51,100,4.8,103,7.0,0
2024-05-12T20:00,23.1,96,26.6,6.30,63,100,11.6,116,0.0,0
2024-05-12T21:00,21.0,93,23.4,1.60,61,100,9.1,97,0.0,0
2024-05-12T22:00,20.5,92,23.0,0.50,53,100,6.4,133,0.0,0
2024-05-12T23:00,19.7,91,21.5,0.60,53,100,8.1,122,0.0,0
2024-05-13T00:00,18.9,87,19.9,0.30,51,100,9.3,106,0.0,0
2024-05-13T01:00,17.9,86,18.4,0.20,51,100,9.1,108,0.0,0
2024-05-13T02:00,17.0,84,17.7,0.10,51,100,5.6,105,0.0,0
2024-05-13T03:00,17.0,84,18.1,0.10,51,100,2.4,153,0.0,0
2024-05-13T04:00,17.0,84,17.7,0.00,3,100,4.1,135,0.0,0
2024-05-13T05:00,16.9,82,17.6,0.00,3,100,3.3,131,0.0,0
2024-05-13T06:00,16.6,81,17.3,0.10,51,100,2.9,120,5.0,1
2024-05-13T07:00,16.6,80,17.1,0.10,51,100,3.9,112,68.0,1
2024-05-13T08:00,16.8,81,17.5,0.00,3,100,2.5,90,122.0,1
2024-05-13T09:00,16.8,80,17.6,0.90,53,100,1.8,180,144.0,1
2024-05-13T10:00,17.7,75,18.5,0.00,3,100,1.5,225,347.0,1
2024-05-13T11:00,19.2,70,20.1,0.00,3,100,3.3,354,570.0,1
2024-05-13T12:00,21.5,55,21.6,0.00,3,100,7.9,60,654.0,1
2024-05-13T13:00,22.4,45,22.0,0.00,3,100,12.9,77,827.0,1
2024-05-13T14:00,22.5,43,21.6,0.00,3,100,12.6,85,770.0,1
2024-05-13T15:00,22.4,42,21.1,0.00,2,57,12.6,93,705.0,1
2024-05-13T16:00,22.0,43,19.9,0.00,0,0,13.5,99,586.0,1
2024-05-13T17:00,20.8,50,19.2,0.00,1,38,10.9,96,379.0,1
2024-05-13T18:00,19.0,61,18.6,0.00,3,96,5.7,108,163.0,1
2024-05-13T19:00,19.2,49,17.9,0.00,3,100,5.9,133,19.0,0
2024-05-13T20:00,19.9,43,19.0,0.00,0,5,0.7,270,0.0,0
2024-05-13T21:00,19.5,44,18.5,0.00,0,17,1.6,297,0.0,0
2024-05-13T22:00,16.4,65,15.4,0.00,0,16,6.1,298,0.0,0
2024-05-13T23:00,15.2,79,14.7,0.00,0,8,6.8,302,0.0,0
2024-05-14T00:00,13.4,90,12.6,0.00,0,15,8.7,308,0.0,0
2024-05-14T01:00,13.1,89,12.3,0.00,1,36,7.9,309,0.0,0
2024-05-14T02:00,12.8,90,12.1,0.00,0,10,7.6,315,0.0,0
2024-05-14T03:00,12.1,93,11.3,0.00,0,8,8.2,311,0.0,0
2024-05-14T04:00,12.0,92,11.1,0.00,1,22,7.7,311,0.0,0
2024-05-14T05:00,12.4,90,11.7,0.00,0,14,6.6,311,0.0,0
2024-05-14T06:00,13.5,86,13.2,0.00,2,50,4.9,306,21.0,1
2024-05-14T07:00,15.9,81,16.0,0.00,1,24,5.4,290,151.0,1
2024-05-14T08:00,18.6,64,18.5,0.00,0,9,4.1,285,353.0,1
2024-05-14T09:00,21.2,51,21.3,0.00,0,0,3.6,307,602.0,1
2024-05-14T10:00,22.8,46,23.9,0.00,0,0,4.1,52,787.0,1
2024-05-14T11:00,23.8,40,24.8,0.00,0,0,6.8,90,915.0,1
2024-05-14T12:00,24.4,40,25.8,0.00,0,0,7.7,101,984.0,1
2024-05-14T13:00,24.5,40,25.7,0.00,0,0,9.7,117,985.0,1
2024-05-14T14:00,24.3,41,24.7,0.00,0,0,11.9,119,918.0,1
2024-05-14T15:00,23.5,44,23.2,0.00,0,0,12.2,124,787.0,1
2024-05-14T16:00,22.6,46,21.4,0.00,0,0,11.4,125,605.0,1
2024-05-14T17:00,21.4,52,20.4,0.00,0,0,9.2,121,390.0,1
2024-05-14T18:00,19.6,67,20.0,0.00,0,0,4.9,126,172.0,1
2024-05-14T19:00,17.0,78,16.7,0.00,0,0,7.9,137,20.0,0
2024-05-14T20:00,19.2,69,19.6,0.00,0,0,4.7,148,0.0,0
2024-05-14T21:00,18.9,69,19.6,0.00,0,0,1.8,307,0.0,0
2024-05-14T22:00,17.9,77,18.8,0.00,0,6,2.8,320,0.0,0
2024-05-14T23:00,15.9,89,16.4,0.00,2,57,5.9,317,0.0,0
2024-05-15T00:00,16.3,89,17.1,0.00,3,99,4.6,309,0.0,0
2024-05-15T01:00,16.0,88,16.8,0.00,3,81,3.2,270,0.0,0
2024-05-15T02:00,15.4,91,15.9,0.00,2,56,4.8,312,0.0,0
2024-05-15T03:00,14.3,92,14.4,0.00,2,76,5.9,308,0.0,0
2024-05-15T04:00,14.9,83,14.9,0.00,1,20,4.7,266,0.0,0
2024-05-15T05:00,15.0,80,14.8,0.00,0,6,4.2,290,0.0,0
2024-05-15T06:00,13.7,90,13.6,0.00,0,6,5.1,309,22.0,1
2024-05-15T07:00,16.8,77,17.3,0.00,3,93,2.2,279,178.0,1
2024-05-15T08:00,18.9,72,19.9,0.00,3,100,0.7,360,386.0,1
2024-05-15T09:00,21.4,66,23.0,0.00,3,100,1.5,14,582.0,1
2024-05-15T10:00,22.8,64,24.8,0.00,3,99,1.6,63,610.0,1
2024-05-15T11:00,24.2,60,27.1,0.00,3,85,2.5,98,723.0,1
2024-05-15T12:00,26.0,54,29.8,0.00,3,86,5.2,124,952.0,1
2024-05-15T13:00,26.9,50,30.0,0.00,3,99,7.4,129,933.0,1
2024-05-15T14:00,27.0,51,29.5,0.00,3,92,8.7,128,857.0,1
2024-05-15T15:00,27.0,51,29.1,0.00,3,89,7.3,123,731.0,1
2024-05-15T16:00,26.5,51,27.3,0.00,1,39,7.8,124,558.0,1
2024-05-15T17:00,25.5,57,26.9,0.00,3,81,6.1,130,365.0,1
2024-05-15T18:00,23.2,69,25.0,0.00,3,86,5.1,135,143.0,1
2024-05-15T19:00,19.9,79,20.8,0.00,1,32,8.4,170,19.0,0
2024-05-15T20:00,22.5,63,23.3,0.00,3,85,5.8,184,0.0,0
2024-05-15T21:00,21.8,69,23.5,0.00,1,48,1.8,169,0.0,0
2024-05-15T22:00,21.2,73,23.0,0.00,0,0,2.0,135,0.0,0
2024-05-15T23:00,20.0,83,22.3,0.00,0,0,0.8,333,0.0,0
2024-05-16T00:00,19.1,88,21.5,0.00,0,0,1.1,288,0.0,0
2024-05-16T01:00,19.4,87,21.1,0.00,0,5,4.8,103,0.0,0
2024-05-16T02:00,15.9,82,15.6,0.00,1,21,8.6,88,0.0,0
2024-05-16T03:00,18.6,74,19.3,0.00,1,26,4.1,105,0.0,0
2024-05-16T04:00,18.1,79,19.0,0.00,1,38,3.4,108,0.0,0
2024-05-16T05:00,17.9,79,18.9,0.00,0,10,2.3,141,0.0,0
2024-05-16T06:00,17.8,73,18.4,0.00,1,33,1.8,101,20.0,1
2024-05-16T07:00,18.0,70,18.6,0.00,3,95,1.8,90,162.0,1
2024-05-16T08:00,19.1,62,18.9,0.00,3,100,4.7,67,363.0,1
2024-05-16T09:00,20.9,56,20.2,0.00,3,100,8.2,67,546.0,1
2024-05-16T10:00,21.9,52,22.0,0.00,2,76,9.5,79,719.0,1
2024-05-16T11:00,22.5,45,22.8,0.00,3,93,10.9,84,858.0,1
2024-05-16T12:00,23.1,38,23.1,0.00,2,67,10.5,84,903.0,1
2024-05-16T13:00,23.5,34,23.4,0.00,3,87,10.8,90,940.0,1
2024-05-16T14:00,23.9,33,23.5,0.00,3,99,11.3,97,920.0,1
2024-05-16T15:00,23.6,32,22.3,0.00,3,100,10.7,102,762.0,1
2024-05-16T16:00,22.5,38,20.5,0.00,3,100,9.8,114,481.0,1
2024-05-16T17:00,21.3,46,20.2,0.00,3,100,6.6,131,320.0,1
2024-05-16T18:00,19.3,64,19.4,0.00,1,29,4.7,157,166.0,1
2024-05-16T19:00,17.4,64,16.6,0.00,1,32,6.9,152,22.0,0
2024-05-16T20:00,18.7,60,18.4,0.00,3,100,3.6,135,0.0,0
2024-05-16T21:00,18.5,73,19.1,0.00,2,66,3.4,108,0.0,0
2024-05-16T22:00,17.8,78,18.9,0.00,3,100,0.7,90,0.0,0
2024-05-16T23:00,16.9,85,17.8,0.00,3,95,3.3,311,0.0,0
2024-05-17T00:00,15.0,92,15.4,0.00,3,97,5.1,315,0.0,0
2024-05-17T01:00,15.1,93,15.8,0.00,3,100,4.2,301,0.0,0
2024-05-17T02:00,15.1,93,15.8,0.00,3,91,4.2,329,0.0,0
2024-05-17T03:00,13.2,96,13.1,0.00,0,7,6.4,286,0.0,0
2024-05-17T04:00,12.4,97,12.0,0.00,0,19,7.4,313,0.0,0
2024-05-17T05:00,13.1,95,13.0,0.00,0,9,6.0,287,0.0,0
2024-05-17T06:00,13.9,90,14.1,0.00,1,24,4.2,301,23.0,1
2024-05-17T07:00,16.6,78,16.8,0.00,0,15,4.7,302,175.0,1
2024-05-17T08:00,19.0,65,19.1,0.00,2,68,4.7,302,370.0,1
2024-05-17T09:00,21.1,49,20.9,0.00,3,88,4.0,297,590.0,1
2024-05-17T10:00,23.2,52,25.1,0.00,3,98,3.4,302,764.0,1
2024-05-17T11:00,24.5,59,28.1,0.00,2,73,2.1,211,821.0,1
2024-05-17T12:00,25.9,57,30.3,0.00,2,59,3.4,198,949.0,1
2024-05-17T13:00,26.8,51,30.9,0.00,2,77,3.7,191,974.0,1
2024-05-17T14:00,27.4,48,30.4,0.00,2,54,4.7,171,857.0,1
2024-05-17T15:00,27.6,49,30.0,0.00,3,80,6.5,146,753.0,1
2024-05-17T16:00,26.5,59,27.7,0.00,2,52,12.4,120,557.0,1
2024-05-17T17:00,24.8,66,25.9,0.00,0,4,12.6,110,356.0,1
2024-05-17T18:00,23.2,72,25.1,0.00,0,0,6.9,133,166.0,1
2024-05-17T19:00,20.4,86,22.2,0.00,1,32,7.2,177,21.0,0
2024-05-17T20:00,22.0,78,24.8,0.00,3,83,1.1,180,0.0,0
2024-05-17T21:00,21.5,80,24.2,0.00,3,100,0.5,315,0.0,0
2024-05-17T22:00,19.7,88,21.7,0.00,3,100,4.8,312,0.0,0
2024-05-17T23:00,19.6,89,21.8,0.00,3,100,4.9,306,0.0,0
2024-05-18T00:00,19.2,94,21.5,0.00,3,91,4.9,306,0.0,0
2024-05-18T01:00,19.1,95,21.5,0.00,3,99,4.9,306,0.0,0
2024-05-18T02:00,17.9,98,19.7,0.00,3,96,5.6,310,0.0,0
2024-05-18T03:00,16.6,99,17.8,0.00,3,100,7.5,305,0.0,0
2024-05-18T04:00,16.8,99,18.2,0.00,3,99,6.0,303,0.0,0
2024-05-18T05:00,16.2,99,17.5,0.00,3,99,6.2,306,0.0,0
2024-05-18T06:00,17.9,98,19.9,0.00,3,82,4.7,302,21.0,1
2024-05-18T07:00,19.8,89,22.0,0.00,1,20,5.0,300,159.0,1
2024-05-18T08:00,22.2,80,24.8,0.00,0,9,3.9,304,371.0,1
2024-05-18T09:00,24.4,72,27.7,0.00,0,14,1.4,270,583.0,1
2024-05-18T10:00,26.0,68,31.0,0.00,0,1,0.7,90,748.0,1
2024-05-18T11:00,27.8,62,32.9,0.00,3,98,5.0,120,890.0,1
2024-05-18T12:00,28.5,60,33.2,0.00,3,100,10.1,117,944.0,1
2024-05-18T13:00,28.1,60,31.2,0.00,3,100,14.3,108,839.0,1
2024-05-18T14:00,27.9,59,30.7,0.00,3,100,14.8,103,825.0,1
2024-05-18T15:00,27.6,58,29.7,0.00,3,99,14.2,99,712.0,1
2024-05-18T16:00,26.9,62,28.4,0.00,1,22,13.2,101,507.0,1
2024-05-18T17:00,25.9,68,27.7,0.00,3,100,12.3,105,341.0,1
2024-05-18T18:00,24.6,73,27.2,0.00,3,100,7.5,107,153.0,1
2024-05-18T19:00,22.9,82,25.7,0.00,3,100,5.6,130,19.0,0
2024-05-18T20:00,23.7,77,26.8,0.00,3,100,3.6,143,0.0,0
2024-05-18T21:00,23.3,77,26.2,0.00,3,100,3.7,101,0.0,0
2024-05-18T22:00,22.8,80,26.0,0.00,1,33,1.1,288,0.0,0
2024-05-18T23:00,22.0,84,25.0,0.00,1,30,2.6,326,0.0,0
2024-05-19T00:00,20.1,91,22.7,0.00,3,83,4.7,293,0.0,0
2024-05-19T01:00,19.2,96,21.6,0.00,3,100,4.9,324,0.0,0
2024-05-19T02:00,19.0,96,21.4,0.00,3,100,5.0,300,0.0,0
2024-05-19T03:00,18.9,97,21.3,0.00,3,100,4.6,321,0.0,0
2024-05-19T04:00,17.7,99,19.7,0.00,3,99,5.4,312,0.0,0
2024-05-19T05:00,17.1,100,18.7,0.00,3,100,6.6,292,0.0,0
2024-05-19T06:00,18.6,100,21.0,0.00,3,100,5.7,305,21.0,1
2024-05-19T07:00,20.4,94,23.2,0.00,3,100,4.7,302,135.0,1
2024-05-19T08:00,22.4,83,25.5,0.00,3,100,3.1,306,265.0,1
2024-05-19T09:00,25.2,69,28.1,0.00,3,100,3.6,53,546.0,1
2024-05-19T10:00,26.9,61,30.1,0.00,3,100,6.9,99,718.0,1
2024-05-19T11:00,28.0,55,31.0,0.00,3,100,9.1,108,773.0,1
2024-05-19T12:00,29.0,50,31.5,0.00,3,100,12.5,102,838.0,1
2024-05-19T13:00,28.8,51,30.2,0.00,3,100,13.8,110,654.0,1
2024-05-19T14:00,28.0,56,29.1,0.00,3,100,15.4,106,581.0,1
2024-05-19T15:00,26.6,60,27.7,0.00,3,100,13.5,115,465.0,1
2024-05-19T16:00,25.8,62,26.9,0.00,3,100,11.8,121,307.0,1
2024-05-19T17:00,24.9,65,26.2,0.00,3,100,9.7,117,200.0,1
2024-05-19T18:00,23.8,69,25.7,0.00,3,100,5.4,127,67.0,1
2024-05-19T19:00,22.6,77,25.1,0.00,3,100,4.0,153,9.0,0
2024-05-19T20:00,22.4,81,25.2,0.00,3,100,3.8,163,0.0,0
2024-05-19T21:00,22.8,72,25.0,0.00,3,100,2.7,157,0.0,0
2024-05-19T22:00,22.6,72,25.2,0.00,3,100,0.7,360,0.0,0
2024-05-19T23:00,21.5,82,24.1,0.00,3,100,3.3,319,0.0,0
2024-05-20T00:00,21.6,81,24.2,0.00,3,100,3.1,306,0.0,0
2024-05-20T01:00,21.3,81,23.6,0.90,53,100,4.2,290,0.0,0
2024-05-20T02:00,20.8,92,23.9,0.90,53,100,2.5,270,0.0,0
2024-05-20T03:00,20.6,90,23.7,1.60,61,100,2.2,270,0.0,0
2024-05-20T04:00,20.3,92,23.2,1.10,55,100,3.1,291,0.0,0
2024-05-20T05:00,20.5,93,23.6,0.70,53,100,2.2,279,0.0,0
2024-05-20T06:00,20.7,90,23.8,0.40,51,100,2.2,279,8.0,1
2024-05-20T07:00,21.1,87,24.0,0.10,51,100,2.9,240,61.0,1
2024-05-20T08:00,21.4,88,24.5,0.10,51,100,2.2,261,70.0,1
2024-05-20T09:00,23.2,83,27.0,0.00,3,100,1.8,233,346.0,1
2024-05-20T10:00,24.0,82,28.0,0.00,3,100,1.1,72,240.0,1
2024-05-20T11:00,24.0,83,27.7,0.60,53,100,4.9,107,154.0,1
2024-05-20T12:00,24.0,84,27.6,0.20,51,100,6.2,97,182.0,1
2024-05-20T13:00,24.0,84,27.2,0.00,3,100,8.6,75,169.0,1
2024-05-20T14:00,24.1,81,26.9,0.00,3,100,9.8,73,224.0,1
2024-05-20T15:00,24.0,80,26.4,0.10,51,100,10.9,63,210.0,1
2024-05-20T16:00,23.4,81,26.0,0.30,51,100,7.9,66,126.0,1
2024-05-20T17:00,22.6,82,25.4,0.80,53,100,5.4,90,67.0,1
2024-05-20T18:00,21.9,89,25.4,0.80,53,100,2.2,81,19.0,1
2024-05-20T19:00,21.5,92,25.3,0.30,51,100,1.3,236,5.0,0
2024-05-20T20:00,21.3,91,24.7,2.40,61,100,2.5,278,0.0,0
2024-05-20T21:00,21.6,92,25.3,2.90,63,100,2.3,72,0.0,0
2024-05-20T22:00,21.6,88,24.9,1.30,61,100,2.5,315,0.0,0
2024-05-20T23:00,21.2,90,24.3,0.90,53,100,4.0,297,0.0,0
2024-05-21T00:00,21.0,92,24.1,1.70,61,100,3.8,287,0.0,0
2024-05-21T01:00,20.9,93,24.1,1.60,61,100,3.6,307,0.0,0
2024-05-21T02:00,20.9,93,23.7,2.90,63,100,6.0,295,0.0,0
2024-05-21T03:00,20.8,93,23.8,1.60,61,100,4.7,293,0.0,0
2024-05-21T04:00,20.7,93,23.6,0.40,51,100,4.7,293,0.0,0
2024-05-21T05:00,20.6,93,23.6,0.70,53,100,3.9,292,0.0,0
2024-05-21T06:00,20.8,92,23.8,0.70,53,100,3.6,315,4.0,1
2024-05-21T07:00,21.0,91,24.1,0.20,51,100,3.4,288,26.0,1
2024-05-21T08:00,21.2,91,24.4,0.50,53,100,4.0,275,53.0,1
2024-05-21T09:00,22.0,90,25.0,0.60,53,100,6.5,270,109.0,1
2024-05-21T10:00,21.8,91,25.2,6.30,63,100,4.4,261,66.0,1
2024-05-21T11:00,21.9,91,25.2,2.30,61,100,5.2,286,79.0,1
2024-05-21T12:00,22.1,92,25.6,2.00,61,100,5.0,270,85.0,1
2024-05-21T13:00,22.5,92,26.1,5.60,63,100,4.9,306,119.0,1
2024-05-21T14:00,22.6,93,26.5,6.20,63,100,4.6,309,84.0,1
2024-05-21T15:00,23.0,90,27.0,3.20,63,100,3.1,315,127.0,1
2024-05-21T16:00,22.8,93,26.8,3.40,63,100,4.3,294,66.0,1
2024-05-21T17:00,22.9,92,27.1,1.50,61,100,3.1,315,73.0,1
2024-05-21T18:00,22.5,94,26.8,0.80,53,100,3.1,315,28.0,1
2024-05-21T19:00,22.1,95,26.1,0.30,51,100,3.7,349,5.0,0
2024-05-21T20:00,22.1,91,25.8,0.20,51,100,3.3,347,0.0,0
2024-05-21T21:00,22.1,96,26.2,2.90,63,100,3.1,291,0.0,0
2024-05-21T22:00,22.6,86,26.2,3.10,63,100,2.9,353,0.0,0
2024-05-21T23:00,21.7,93,25.4,3.20,63,100,2.9,270,0.0,0
2024-05-22T00:00,21.4,92,24.7,2.60,63,100,3.6,323,0.0,0
2024-05-22T01:00,21.0,90,24.1,3.50,63,100,3.4,328,0.0,0
2024-05-22T02:00,20.5,91,23.3,5.70,63,100,3.6,315,0.0,0
2024-05-22T03:00,20.3,91,23.1,4.00,63,100,3.3,276,0.0,0
2024-05-22T04:00,20.6,86,23.3,2.40,61,100,2.6,286,0.0,0
2024-05-22T05:00,20.2,92,23.0,2.50,63,100,3.4,198,0.0,0
2024-05-22T06:00,20.2,92,23.1,2.40,61,100,2.4,153,3.0,1
2024-05-22T07:00,20.2,91,23.2,3.00,63,100,2.6,214,21.0,1
2024-05-22T08:00,20.5,87,23.4,2.50,63,100,0.7,270,28.0,1
2024-05-22T09:00,21.6,89,24.9,1.10,55,100,2.9,210,165.0,1
2024-05-22T10:00,22.2,85,25.7,0.70,53,100,1.1,270,221.0,1
2024-05-22T11:00,22.2,88,25.9,0.70,53,100,1.3,124,193.0,1
2024-05-22T12:00,23.4,82,26.8,0.20,51,100,3.3,77,365.0,1
2024-05-22T13:00,24.0,79,27.2,0.10,51,100,4.9,73,373.0,1
2024-05-22T14:00,23.7,82,26.8,0.10,51,100,6.1,130,203.0,1
2024-05-22T15:00,23.6,83,26.6,1.90,61,100,8.4,149,267.0,1
2024-05-22T16:00,22.6,88,25.8,0.90,53,100,7.0,168,99.0,1
2024-05-22T17:00,22.2,91,25.4,0.30,51,100,7.1,165,97.0,1
2024-05-22T18:00,22.0,91,25.3,0.00,3,100,5.1,172,65.0,1
2024-05-22T19:00,21.4,93,24.8,0.00,3,100,3.6,180,10.0,0
2024-05-22T20:00,20.9,94,24.1,0.00,3,100,3.8,163,0.0,0
2024-05-22T21:00,20.9,92,23.9,0.10,51,100,3.9,158,0.0,0
2024-05-22T22:00,20.5,95,23.9,0.10,51,100,2.6,164,0.0,0
2024-05-22T23:00,20.2,96,23.3,0.10,51,100,3.2,180,0.0,0
2024-05-23T00:00,20.2,95,23.3,0.40,51,100,3.0,194,0.0,0
2024-05-23T01:00,20.9,89,24.0,0.40,51,100,1.8,180,0.0,0
2024-05-23T02:00,20.1,95,23.1,0.40,51,100,3.6,233,0.0,0
2024-05-23T03:00,20.4,92,23.4,1.10,55,100,2.6,236,0.0,0
2024-05-23T04:00,20.0,95,22.9,2.80,63,100,3.3,276,0.0,0
2024-05-23T05:00,20.5,91,23.5,2.30,61,100,2.3,252,0.0,0
2024-05-23T06:00,20.8,90,23.9,0.60,53,100,1.8,233,7.0,1
2024-05-23T07:00,20.9,93,24.2,0.30,51,100,2.3,231,38.0,1
2024-05-23T08:00,21.1,91,24.4,0.90,53,100,3.2,207,78.0,1
2024-05-23T09:00,22.4,87,25.9,0.40,51,100,2.6,164,233.0,1
2024-05-23T10:00,22.1,90,25.7,0.90,53,100,2.9,180,158.0,1
2024-05-23T11:00,22.0,91,25.5,0.50,53,100,3.2,207,112.0,1
2024-05-23T12:00,22.5,87,26.0,0.30,51,100,4.0,175,270.0,1
2024-05-23T13:00,23.0,85,26.4,0.30,51,100,4.3,185,325.0,1
2024-05-23T14:00,22.3,89,26.0,1.30,61,100,3.0,166,151.0,1
2024-05-23T15:00,22.0,92,25.7,3.00,63,100,2.7,113,61.0,1
2024-05-23T16:00,21.9,93,25.9,3.20,63,100,1.8,143,60.0,1
2024-05-23T17:00,22.0,93,26.1,1.60,61,100,2.1,149,69.0,1
2024-05-23T18:00,21.7,95,25.6,1.80,61,100,2.4,63,24.0,1
2024-05-23T19:00,22.1,90,25.9,1.10,55,100,1.9,202,5.0,0
2024-05-23T20:00,22.0,91,26.0,0.30,51,100,1.3,34,0.0,0
2024-05-23T21:00,22.0,92,26.0,0.00,3,100,1.8,127,0.0,0
2024-05-23T22:00,21.5,95,25.2,0.00,3,100,3.0,104,0.0,0
2024-05-23T23:00,20.6,98,24.0,0.10,51,100,4.3,95,0.0,0
2024-05-24T00:00,20.7,98,24.2,0.10,51,100,3.7,101,0.0,0
2024-05-24T01:00,21.1,95,24.7,0.10,51,100,2.9,90,0.0,0
2024-05-24T02:00,21.5,94,25.2,0.20,51,100,2.3,72,0.0,0
2024-05-24T03:00,21.5,93,25.3,0.50,53,100,1.5,76,0.0,0
2024-05-24T04:00,21.4,93,25.2,0.20,51,100,1.3,34,0.0,0
2024-05-24T05:00,21.3,93,25.1,0.00,3,100,1.4,360,0.0,0
2024-05-24T06:00,21.1,97,25.2,0.00,3,100,0.4,270,13.0,1
2024-05-24T07:00,21.7,93,25.7,0.00,3,100,1.0,315,79.0,1
2024-05-24T08:00,22.6,88,26.7,0.00,3,100,1.1,342,188.0,1
2024-05-24T09:00,23.4,86,27.3,0.00,3,100,3.3,139,247.0,1
2024-05-24T10:00,24.7,82,29.1,0.10,51,100,1.1,108,422.0,1
2024-05-24T11:00,25.4,80,29.5,0.00,3,100,4.1,105,434.0,1
2024-05-24T12:00,26.3,78,30.7,0.00,3,93,4.0,85,547.0,1
2024-05-24T13:00,27.5,75,33.6,0.00,3,99,3.2,90,757.0,1
2024-05-24T14:00,28.1,73,34.6,0.00,3,100,3.1,135,791.0,1
2024-05-24T15:00,28.8,70,33.5,0.00,3,100,4.2,149,464.0,1
2024-05-24T16:00,27.8,74,31.9,0.00,3,100,8.7,150,275.0,1
2024-05-24T17:00,27.1,79,31.8,0.00,3,100,6.1,118,176.0,1
2024-05-24T18:00,26.0,86,30.9,0.00,3,100,6.5,96,75.0,1
2024-05-24T19:00,24.7,90,29.2,0.00,3,100,6.6,99,13.0,0
2024-05-24T20:00,23.9,93,28.3,0.00,3,100,5.8,94,0.0,0
2024-05-24T21:00,23.7,95,28.4,0.00,3,100,4.7,90,0.0,0
2024-05-24T22:00,23.1,97,27.7,0.00,3,100,4.8,103,0.0,0
2024-05-24T23:00,22.8,98,27.4,0.00,3,100,3.6,84,0.0,0
2024-05-25T00:00,22.1,99,26.4,0.00,3,100,4.1,75,0.0,0
2024-05-25T01:00,22.4,98,26.8,0.00,3,100,3.3,84,0.0,0
2024-05-25T02:00,22.4,98,26.9,0.00,3,100,2.8,50,0.0,0
2024-05-25T03:00,22.5,97,27.0,0.10,51,100,2.6,124,0.0,0
2024-05-25T04:00,22.4,99,27.1,0.10,51,100,1.9,112,0.0,0
2024-05-25T05:00,22.4,98,27.0,0.00,3,100,1.9,112,0.0,0
2024-05-25T06:00,22.6,97,27.1,0.00,3,100,2.8,130,10.0,1
2024-05-25T07:00,23.0,95,27.5,0.00,3,100,3.3,103,70.0,1
2024-05-25T08:00,23.5,92,27.8,0.00,3,100,4.7,122,131.0,1
2024-05-25T09:00,25.0,91,29.9,1.00,55,100,4.7,122,302.0,1
2024-05-25T10:00,25.6,87,30.4,0.00,3,88,6.4,137,420.0,1
2024-05-25T11:00,27.0,79,32.1,0.10,51,89,6.6,131,637.0,1
2024-05-25T12:00,27.9,75,33.0,0.10,51,99,7.4,129,657.0,1
2024-05-25T13:00,27.1,77,30.9,0.80,53,100,9.9,136,541.0,1
2024-05-25T14:00,25.4,88,30.3,5.90,63,100,4.7,94,177.0,1
2024-05-25T15:00,25.3,89,30.4,0.60,53,100,3.7,79,149.0,1
2024-05-25T16:00,25.9,85,30.7,0.90,53,100,4.3,95,261.0,1
2024-05-25T17:00,25.4,89,30.2,0.10,51,90,5.8,90,160.0,1
2024-05-25T18:00,25.1,90,30.3,0.00,3,97,3.8,107,95.0,1
2024-05-25T19:00,23.8,95,28.5,0.00,3,88,5.0,90,16.0,0
2024-05-25T20:00,24.0,94,28.9,0.10,51,47,4.2,70,0.0,0
2024-05-25T21:00,24.0,95,29.0,0.00,1,30,3.4,108,0.0,0
2024-05-25T22:00,24.0,96,29.3,0.00,1,40,2.6,196,0.0,0
2024-05-25T23:00,23.5,99,28.9,0.00,1,38,1.5,166,0.0,0
2024-05-26T00:00,23.0,100,28.0,0.00,3,100,2.7,113,0.0,0
2024-05-26T01:00,22.6,100,27.5,0.00,3,100,2.5,98,0.0,0
2024-05-26T02:00,22.7,100,27.8,0.20,51,100,1.0,45,0.0,0
2024-05-26T03:00,22.5,100,27.5,0.00,3,100,1.3,56,0.0,0
2024-05-26T04:00,22.2,99,26.6,0.00,3,100,4.6,129,0.0,0
2024-05-26T05:00,22.1,99,26.6,0.00,3,100,3.6,127,0.0,0
2024-05-26T06:00,22.2,99,27.0,0.00,3,100,1.8,11,10.0,1
2024-05-26T07:00,23.1,95,28.0,0.00,3,100,1.1,72,105.0,1
2024-05-26T08:00,24.0,94,29.1,0.10,51,100,3.4,148,174.0,1
2024-05-26T09:00,26.4,85,31.6,0.00,1,30,4.0,175,390.0,1
2024-05-26T10:00,28.5,75,34.1,0.00,1,46,6.5,214,645.0,1
2024-05-26T11:00,30.1,69,36.9,0.00,0,8,4.7,189,773.0,1
2024-05-26T12:00,31.0,67,38.2,0.10,51,100,7.2,180,880.0,1
2024-05-26T13:00,29.6,73,34.3,0.40,51,84,10.9,188,426.0,1
2024-05-26T14:00,29.0,77,34.8,0.60,53,64,4.6,141,557.0,1
2024-05-26T15:00,29.1,77,34.6,0.30,51,50,8.8,199,591.0,1
2024-05-26T16:00,29.2,74,34.1,0.10,51,43,8.3,182,465.0,1
2024-05-26T17:00,28.6,76,33.7,0.10,51,42,7.1,165,296.0,1
2024-05-26T18:00,27.5,82,33.1,0.60,53,24,5.0,159,130.0,1
2024-05-26T19:00,25.9,88,31.2,0.00,1,22,5.2,146,24.0,0
2024-05-26T20:00,25.2,91,30.1,0.00,0,17,6.9,129,0.0,0
2024-05-26T21:00,24.8,96,30.3,0.00,0,13,4.3,138,0.0,0
2024-05-26T22:00,24.4,97,29.7,0.00,0,6,4.6,129,0.0,0
2024-05-26T23:00,23.6,98,28.6,0.00,2,72,4.6,135,0.0,0
2024-05-27T00:00,23.1,99,27.9,0.00,3,96,4.3,132,0.0,0
2024-05-27T01:00,23.2,100,28.2,0.00,3,96,3.9,146,0.0,0
2024-05-27T02:00,23.1,99,28.1,0.00,2,73,3.3,131,0.0,0
2024-05-27T03:00,23.2,100,28.4,0.00,3,100,2.9,120,0.0,0
2024-05-27T04:00,22.9,100,27.8,0.00,3,99,3.3,103,0.0,0
2024-05-27T05:00,22.9,100,27.8,0.00,3,100,3.5,114,0.0,0
2024-05-27T06:00,23.5,99,28.9,0.00,3,100,2.2,90,10.0,1
2024-05-27T07:00,24.5,94,29.6,0.10,51,93,4.8,138,132.0,1
2024-05-27T08:00,26.0,85,31.0,0.00,3,97,4.7,176,270.0,1
2024-05-27T09:00,26.8,84,32.3,0.00,3,97,3.8,139,184.0,1
2024-05-27T10:00,28.0,79,33.0,0.30,51,57,7.6,172,368.0,1
2024-05-27T11:00,29.3,74,35.1,0.10,51,97,8.6,182,698.0,1
2024-05-27T12:00,30.1,69,34.9,0.10,51,98,11.9,182,640.0,1
2024-05-27T13:00,29.8,70,34.5,0.10,51,100,17.4,186,780.0,1
2024-05-27T14:00,27.4,83,32.1,2.70,63,100,11.0,169,336.0,1
2024-05-27T15:00,27.8,81,31.9,0.40,51,100,15.1,183,445.0,1
2024-05-27T16:00,27.0,84,31.6,0.40,51,100,10.0,167,217.0,1
2024-05-27T17:00,26.6,86,31.6,0.10,51,100,8.0,153,123.0,1
2024-05-27T18:00,26.2,86,30.7,0.10,51,100,9.4,173,73.0,1
2024-05-27T19:00,25.5,87,30.1,0.10,51,100,6.6,167,15.0,0
2024-05-27T20:00,25.0,89,29.6,0.00,3,100,5.8,158,0.0,0
2024-05-27T21:00,24.9,94,30.4,0.00,3,100,3.4,148,0.0,0
2024-05-27T22:00,25.4,91,31.1,0.10,51,100,1.8,101,0.0,0
2024-05-27T23:00,25.3,91,31.1,0.70,53,100,1.0,135,0.0,0
2024-05-28T00:00,24.4,97,29.9,0.70,53,100,3.4,198,0.0,0
2024-05-28T01:00,24.8,94,30.4,0.20,51,91,2.2,180,0.0,0
2024-05-28T02:00,24.0,97,29.4,0.00,1,39,3.2,27,0.0,0
2024-05-28T03:00,24.0,96,29.3,0.00,3,100,3.4,328,0.0,0
2024-05-28T04:00,23.6,97,28.4,0.60,53,100,5.3,28,0.0,0
2024-05-28T05:00,23.1,98,28.1,1.10,55,100,2.7,113,0.0,0
2024-05-28T06:00,23.0,95,27.0,0.00,3,100,6.7,144,11.0,1
2024-05-28T07:00,22.8,90,26.1,0.00,3,100,7.3,147,108.0,1
2024-05-28T08:00,23.2,87,26.7,0.00,3,99,6.1,135,211.0,1
2024-05-28T09:00,24.3,85,27.5,0.20,51,100,11.0,113,299.0,1
2024-05-28T10:00,24.5,79,27.0,0.10,51,99,12.4,116,428.0,1
2024-05-28T11:00,24.9,71,26.2,0.00,3,89,15.4,106,572.0,1
2024-05-28T12:00,24.8,69,26.5,0.00,2,69,15.4,106,680.0,1
2024-05-28T13:00,25.0,69,27.0,0.00,1,34,14.0,102,693.0,1
2024-05-28T14:00,25.0,69,26.7,0.00,2,56,15.9,95,696.0,1
2024-05-28T15:00,24.0,63,24.3,0.00,2,78,16.9,102,638.0,1
2024-05-28T16:00,23.0,68,23.5,0.00,3,93,13.0,109,470.0,1
2024-05-28T17:00,22.6,72,23.0,0.00,1,43,15.1,89,299.0,1
2024-05-28T18:00,22.0,74,23.6,0.00,1,32,6.7,106,161.0,1
2024-05-28T19:00,20.3,81,21.8,0.00,0,11,6.3,77,26.0,0
2024-05-28T20:00,19.7,79,20.7,0.00,0,3,6.9,39,0.0,0
2024-05-28T21:00,20.1,74,21.1,0.00,0,0,5.6,105,0.0,0
2024-05-28T22:00,21.2,63,22.0,0.00,0,0,3.3,77,0.0,0
2024-05-28T23:00,21.1,62,21.8,0.00,0,1,2.8,50,0.0,0
2024-05-29T00:00,21.0,60,21.4,0.00,0,0,3.6,354,0.0,0
2024-05-29T01:00,17.8,77,18.1,0.00,0,0,5.4,323,0.0,0
2024-05-29T02:00,17.3,84,18.0,0.00,0,0,5.8,300,0.0,0
2024-05-29T03:00,17.0,88,17.9,0.00,0,0,6.0,287,0.0,0
2024-05-29T04:00,16.5,89,17.2,0.00,0,0,6.4,297,0.0,0
2024-05-29T05:00,16.4,89,17.1,0.00,0,0,5.5,302,0.0,0
2024-05-29T06:00,17.5,86,18.3,0.00,0,16,5.8,300,28.0,1
2024-05-29T07:00,19.4,78,20.3,0.00,1,25,6.0,287,185.0,1
2024-05-29T08:00,21.3,64,21.9,0.00,3,98,5.4,290,390.0,1
2024-05-29T09:00,22.8,52,22.7,0.00,2,57,7.2,53,592.0,1
2024-05-29T10:00,23.9,46,24.1,0.00,1,24,10.0,77,767.0,1
2024-05-29T11:00,24.5,45,25.5,0.00,0,0,10.5,84,902.0,1
2024-05-29T12:00,24.9,45,26.4,0.00,0,0,10.8,90,971.0,1
2024-05-29T13:00,25.0,46,26.6,0.00,0,0,11.4,101,971.0,1
2024-05-29T14:00,24.8,49,26.0,0.00,0,0,12.3,105,905.0,1
2024-05-29T15:00,24.2,55,25.0,0.00,0,0,13.0,104,779.0,1
2024-05-29T16:00,23.4,61,23.9,0.00,0,0,11.6,106,603.0,1
2024-05-29T17:00,22.6,67,23.4,0.00,0,0,9.4,94,396.0,1
2024-05-29T18:00,21.6,75,23.2,0.00,0,0,5.8,97,186.0,1
2024-05-29T19:00,19.7,85,21.4,0.00,0,1,5.4,82,28.0,0
2024-05-29T20:00,19.0,86,20.4,0.00,1,20,6.1,40,0.0,0
2024-05-29T21:00,20.0,87,22.1,0.00,0,14,4.5,61,0.0,0
2024-05-29T22:00,19.4,89,21.4,0.00,1,21,4.7,4,0.0,0
2024-05-29T23:00,19.2,88,21.1,0.00,0,7,4.3,318,0.0,0
2024-05-30T00:00,18.8,92,20.7,0.00,3,100,5.2,304,0.0,0
2024-05-30T01:00,18.4,94,20.3,0.00,3,100,5.2,304,0.0,0
2024-05-30T02:00,18.2,94,20.0,0.00,3,95,5.0,300,0.0,0
2024-05-30T03:00,17.8,95,19.5,0.00,3,87,5.5,302,0.0,0
2024-05-30T04:00,17.8,94,19.4,0.00,3,81,4.9,306,0.0,0
2024-05-30T05:00,17.7,94,19.3,0.00,2,76,5.5,293,0.0,0
2024-05-30T06:00,19.4,87,21.4,0.00,3,100,2.8,230,26.0,1
2024-05-30T07:00,20.1,83,22.4,0.00,3,91,1.8,270,97.0,1
2024-05-30T08:00,21.2,78,23.5,0.00,2,72,2.3,288,205.0,1
2024-05-30T09:00,22.7,70,24.9,0.00,3,100,1.8,191,298.0,1
2024-05-30T10:00,23.6,70,25.9,0.00,3,100,3.7,191,374.0,1
2024-05-30T11:00,24.0,72,26.2,0.00,3,100,6.1,183,334.0,1
2024-05-30T12:00,25.0,72,28.6,0.00,3,96,2.4,153,572.0,1
2024-05-30T13:00,26.0,73,30.6,0.00,3,99,2.5,188,668.0,1
2024-05-30T14:00,26.4,73,30.2,0.00,3,82,4.1,165,548.0,1
2024-05-30T15:00,27.0,73,30.8,0.00,3,97,5.6,135,488.0,1
2024-05-30T16:00,27.0,74,30.9,0.10,51,83,6.8,115,295.0,1
2024-05-30T17:00,26.9,76,30.7,0.00,3,91,8.0,117,265.0,1
2024-05-30T18:00,25.9,81,30.0,0.00,2,67,6.9,96,102.0,1
2024-05-30T19:00,24.6,84,28.6,0.00,1,28,5.8,97,18.0,0
2024-05-30T20:00,23.6,88,27.7,0.00,2,64,4.3,90,0.0,0
2024-05-30T21:00,23.0,94,27.6,1.40,61,83,1.8,53,0.0,0
2024-05-30T22:00,22.8,95,27.5,0.90,53,100,1.6,117,0.0,0
2024-05-30T23:00,22.7,95,27.2,0.00,3,100,2.5,135,0.0,0
2024-05-31T00:00,23.2,90,27.8,0.00,3,100,0.8,297,0.0,0
2024-05-31T01:00,23.3,90,27.9,0.00,3,100,0.8,297,0.0,0
2024-05-31T02:00,23.3,91,27.8,0.00,3,91,1.6,27,0.0,0
2024-05-31T03:00,22.7,93,27.0,0.00,1,28,2.9,7,0.0,0
2024-05-31T04:00,22.6,93,26.8,0.00,1,31,3.3,347,0.0,0
2024-05-31T05:00,22.1,95,26.2,0.00,1,47,3.5,336,0.0,0
2024-05-31T06:00,23.1,93,27.8,0.00,3,89,1.3,304,18.0,1
2024-05-31T07:00,23.8,93,28.6,0.00,1,21,3.0,14,112.0,1
2024-05-31T08:00,25.3,87,30.3,0.00,2,78,3.3,354,347.0,1
2024-05-31T09:00,26.3,87,32.2,0.00,3,86,1.3,124,484.0,1
2024-05-31T10:00,27.2,85,32.9,0.10,51,41,4.7,81,441.0,1
2024-05-31T11:00,28.7,82,36.0,0.20,51,44,4.3,85,701.0,1
2024-05-31T12:00,30.0,78,36.7,0.10,51,57,8.9,76,660.0,1
2024-05-31T13:00,31.1,74,39.1,0.90,53,71,5.4,132,759.0,1
2024-05-31T14:00,32.3,66,38.9,0.20,51,98,6.9,186,661.0,1
2024-05-31T15:00,30.5,73,36.1,0.70,53,100,7.4,151,445.0,1
2024-05-31T16:00,30.6,73,36.3,0.20,51,99,7.2,174,366.0,1
2024-05-31T17:00,30.2,75,36.2,0.00,3,97,6.5,161,244.0,1
2024-05-31T18:00,28.8,84,35.3,0.00,3,99,5.3,152,109.0,1
2024-05-31T19:00,27.2,89,33.5,0.00,3,89,4.3,132,16.0,0
2024-05-31T20:00,26.5,92,32.6,0.00,3,100,5.1,135,0.0,0
2024-05-31T21:00,25.8,97,32.3,0.00,3,99,2.6,326,0.0,0
2024-05-31T22:00,25.0,99,31.3,0.10,51,100,2.9,360,0.0,0
2024-05-31T23:00,25.0,99,31.0,5.40,63,100,3.1,36,0.0,0
2024-06-01T00:00,24.8,98,31.0,3.00,63,100,1.3,146,0.0,0
2024-06-01T01:00,24.3,98,29.1,1.00,55,100,8.7,120,0.0,0
2024-06-01T02:00,23.4,98,27.7,0.30,51,100,8.4,121,0.0,0
2024-06-01T03:00,22.6,98,26.8,1.20,55,100,6.9,137,0.0,0
2024-06-01T04:00,22.2,97,26.1,2.00,61,100,6.7,144,0.0,0
2024-06-01T05:00,22.2,96,26.1,1.10,55,100,4.8,132,0.0,0
2024-06-01T06:00,22.2,96,26.4,1.60,61,100,3.6,135,5.0,1
2024-06-01T07:00,22.2,95,26.3,0.90,53,100,4.0,153,20.0,1
2024-06-01T08:00,22.6,92,26.3,0.10,51,100,5.9,133,126.0,1
2024-06-01T09:00,23.1,90,26.8,0.90,53,100,6.0,107,132.0,1
2024-06-01T10:00,23.2,89,26.8,0.40,51,100,6.9,137,206.0,1
2024-06-01T11:00,23.5,89,26.9,0.40,51,100,7.9,120,324.0,1
2024-06-01T12:00,23.0,93,26.7,4.60,63,100,8.1,122,316.0,1
2024-06-01T13:00,22.5,93,26.0,2.00,61,100,7.4,133,139.0,1
2024-06-01T14:00,23.0,89,26.3,2.10,61,100,8.4,121,351.0,1
2024-06-01T15:00,22.5,92,25.6,0.80,53,100,8.6,123,207.0,1
2024-06-01T16:00,22.0,93,25.1,0.90,53,100,7.7,131,114.0,1
2024-06-01T17:00,21.5,94,24.6,0.60,53,100,7.7,139,73.0,1
2024-06-01T18:00,21.2,95,24.5,0.60,53,100,5.1,129,44.0,1
2024-06-01T19:00,20.8,94,23.8,0.70,53,100,4.6,129,7.0,0
2024-06-01T20:00,20.5,93,23.7,0.50,53,100,3.2,117,0.0,0
2024-06-01T21:00,20.6,93,24.0,1.70,61,100,1.6,117,0.0,0
2024-06-01T22:00,20.6,93,24.0,0.90,53,100,1.5,104,0.0,0
2024-06-01T23:00,20.5,92,23.5,0.70,53,100,2.4,117,0.0,0
2024-06-02T00:00,20.3,92,23.4,1.40,61,100,1.5,104,0.0,0
2024-06-02T01:00,20.1,92,23.2,2.20,61,100,1.3,124,0.0,0
2024-06-02T02:00,19.9,94,22.9,5.80,63,100,1.6,63,0.0,0
2024-06-02T03:00,19.9,92,22.7,10.00,65,100,2.0,315,0.0,0
2024-06-02T04:00,19.8,94,22.7,5.80,63,100,2.0,315,0.0,0
2024-06-02T05:00,20.0,91,22.9,1.50,61,100,1.5,104,0.0,0
2024-06-02T06:00,20.1,88,22.9,0.00,3,100,1.0,135,6.0,1
2024-06-02T07:00,20.2,88,22.9,0.00,3,100,2.3,321,39.0,1
2024-06-02T08:00,20.2,90,23.1,0.10,51,100,1.6,297,34.0,1
2024-06-02T09:00,20.1,91,22.9,4.40,63,100,2.8,310,72.0,1
2024-06-02T10:00,20.1,89,22.8,2.70,63,100,2.9,360,71.0,1
2024-06-02T11:00,20.2,90,22.8,1.90,61,100,4.4,325,142.0,1
2024-06-02T12:00,20.5,90,23.1,1.30,61,100,4.8,312,167.0,1
2024-06-02T13:00,20.6,89,23.2,0.90,53,100,4.4,351,159.0,1
2024-06-02T14:00,20.8,90,23.6,0.50,53,100,4.1,345,152.0,1
2024-06-02T15:00,21.0,88,24.0,0.30,51,100,2.6,16,115.0,1
2024-06-02T16:00,21.0,89,23.5,0.30,51,100,6.1,50,84.0,1
2024-06-02T17:00,20.8,86,22.9,0.10,51,100,5.7,55,52.0,1
2024-06-02T18:00,20.0,85,21.7,0.00,3,100,6.9,51,29.0,1
2024-06-02T19:00,19.5,88,21.6,0.00,3,100,3.4,32,15.0,0
2024-06-02T20:00,19.4,84,21.3,0.00,3,100,2.9,7,0.0,0
2024-06-02T21:00,18.6,80,19.8,0.00,3,100,3.6,6,0.0,0
2024-06-02T22:00,18.2,83,19.4,0.00,3,100,3.9,338,0.0,0
2024-06-02T23:00,18.0,77,18.8,0.00,3,97,3.8,319,0.0,0
2024-06-03T00:00,17.8,81,18.7,0.00,3,98,4.3,312,0.0,0
2024-06-03T01:00,17.2,81,17.8,0.00,3,100,4.9,287,0.0,0
2024-06-03T02:00,16.6,82,17.0,0.00,3,100,5.6,297,0.0,0
2024-06-03T03:00,16.5,84,16.9,0.00,3,98,5.9,308,0.0,0
2024-06-03T04:00,17.5,80,18.1,0.00,3,83,4.6,315,0.0,0
2024-06-03T05:00,16.8,86,17.5,0.00,2,63,5.4,318,0.0,0
2024-06-03T06:00,18.1,85,19.5,0.00,2,55,3.8,319,27.0,1
2024-06-03T07:00,19.0,83,20.4,0.00,2,69,4.6,309,164.0,1
2024-06-03T08:00,20.4,71,21.5,0.00,3,99,3.4,288,306.0,1
2024-06-03T09:00,20.4,73,21.4,0.00,3,99,5.2,282,180.0,1
2024-06-03T10:00,20.8,70,21.6,0.00,3,92,5.5,328,200.0,1
2024-06-03T11:00,21.5,65,22.5,0.00,3,100,4.7,4,428.0,1
2024-06-03T12:00,21.5,64,22.4,0.00,3,100,3.3,354,356.0,1
2024-06-03T13:00,22.3,62,23.2,0.00,3,100,4.2,31,501.0,1
2024-06-03T14:00,22.3,61,23.1,0.00,3,100,4.7,81,316.0,1
2024-06-03T15:00,22.8,57,23.3,0.00,3,100,4.7,81,306.0,1
2024-06-03T16:00,22.5,57,23.1,0.00,3,100,3.9,68,153.0,1
2024-06-03T17:00,21.6,73,23.3,0.00,3,100,3.8,73,94.0,1
2024-06-03T18:00,21.8,72,23.7,0.00,3,100,2.5,45,50.0,1
2024-06-03T19:00,22.5,48,22.3,0.00,3,100,2.8,310,13.0,0
2024-06-03T20:00,21.4,62,21.9,0.00,3,100,4.0,297,0.0,0
2024-06-03T21:00,21.6,47,21.1,0.00,0,7,3.3,257,0.0,0
2024-06-03T22:00,21.1,49,20.6,0.00,0,7,4.1,285,0.0,0
2024-06-03T23:00,20.1,55,19.6,0.00,0,5,5.6,297,0.0,0
2024-06-04T00:00,19.5,64,19.5,0.00,0,15,5.3,298,0.0,0
2024-06-04T01:00,17.0,79,17.0,0.00,0,16,6.6,292,0.0,0
2024-06-04T02:00,16.0,84,16.1,0.00,1,25,7.0,291,0.0,0
2024-06-04T03:00,15.2,87,15.0,0.00,1,45,8.1,302,0.0,0
2024-06-04T04:00,15.2,86,15.0,0.00,3,99,7.6,301,0.0,0
2024-06-04T05:00,14.9,87,14.6,0.00,0,11,7.7,281,0.0,0
2024-06-04T06:00,16.5,82,16.9,0.00,0,2,4.2,290,29.0,1
2024-06-04T07:00,18.7,76,19.3,0.00,0,2,5.5,302,189.0,1
2024-06-04T08:00,21.1,68,22.3,0.00,0,13,3.4,302,402.0,1
2024-06-04T09:00,22.5,57,22.9,0.00,3,89,5.2,254,360.0,1
2024-06-04T10:00,25.0,47,26.6,0.00,3,100,3.0,256,720.0,1
2024-06-04T11:00,25.9,49,27.5,0.00,3,99,4.2,110,658.0,1
2024-06-04T12:00,25.9,46,25.7,0.00,3,100,7.9,90,477.0,1
2024-06-04T13:00,24.9,56,26.2,0.00,3,100,3.4,108,227.0,1
2024-06-04T14:00,25.4,44,25.6,0.00,3,100,3.6,37,304.0,1
2024-06-04T15:00,22.9,58,22.7,0.30,51,100,10.4,2,188.0,1
2024-06-04T16:00,21.0,69,22.0,0.80,53,100,4.6,321,92.0,1
2024-06-04T17:00,21.1,68,21.8,0.10,51,100,6.4,254,187.0,1
2024-06-04T18:00,20.6,72,21.9,0.00,3,100,4.0,260,125.0,1
2024-06-04T19:00,19.5,75,20.4,0.00,3,91,5.3,242,19.0,0
2024-06-04T20:00,19.1,75,19.7,0.00,3,100,6.4,254,0.0,0
2024-06-04T21:00,19.5,81,20.9,0.00,3,94,5.1,278,0.0,0
2024-06-04T22:00,19.1,80,20.3,0.00,3,97,4.8,318,0.0,0
2024-06-04T23:00,19.2,80,20.4,0.00,3,100,5.2,286,0.0,0
2024-06-05T00:00,19.7,79,21.1,0.00,3,100,4.7,302,0.0,0
2024-06-05T01:00,20.0,77,21.0,0.00,3,100,6.4,322,0.0,0
2024-06-05T02:00,19.2,83,20.8,0.00,3,100,4.1,322,0.0,0
2024-06-05T03:00,19.0,85,20.7,0.00,3,100,4.1,315,0.0,0
2024-06-05T04:00,19.1,87,20.9,0.00,3,100,4.1,315,0.0,0
2024-06-05T05:00,19.1,88,21.2,0.00,3,100,3.1,306,0.0,0
2024-06-05T06:00,19.5,86,21.5,0.00,3,100,3.5,294,6.0,1
2024-06-05T07:00,20.0,83,22.0,0.00,3,100,4.0,297,41.0,1
2024-06-05T08:00,20.5,82,22.3,0.00,3,100,4.9,306,73.0,1
2024-06-05T09:00,19.8,87,21.9,2.90,63,100,4.8,312,106.0,1
2024-06-05T10:00,20.2,87,22.5,3.60,63,100,4.9,287,157.0,1
2024-06-05T11:00,20.5,88,23.1,0.70,53,100,3.2,243,109.0,1
2024-06-05T12:00,21.1,88,24.2,0.50,53,100,2.7,293,172.0,1
2024-06-05T13:00,22.0,86,25.2,0.10,51,100,3.8,343,225.0,1
2024-06-05T14:00,22.1,85,25.1,0.10,51,100,4.7,351,161.0,1
2024-06-05T15:00,22.4,83,25.4,1.40,61,100,3.1,339,189.0,1
2024-06-05T16:00,22.3,85,25.3,0.10,51,100,4.3,336,118.0,1
2024-06-05T17:00,22.2,86,25.5,0.00,3,100,3.4,328,90.0,1
2024-06-05T18:00,22.0,89,25.6,0.00,3,100,2.1,329,37.0,1
2024-06-05T19:00,21.2,91,24.5,0.10,51,100,3.5,336,6.0,0
2024-06-05T20:00,21.0,91,24.1,0.00,3,100,3.9,304,0.0,0
2024-06-05T21:00,21.0,86,23.8,0.00,3,99,2.9,277,0.0,0
2024-06-05T22:00,21.0,85,23.7,0.00,3,80,3.2,270,0.0,0
2024-06-05T23:00,20.5,88,23.2,0.00,3,99,3.8,287,0.0,0
2024-06-06T00:00,20.5,89,23.2,0.00,3,99,3.1,291,0.0,0
2024-06-06T01:00,20.2,91,22.9,0.00,3,100,3.4,238,0.0,0
2024-06-06T02:00,19.6,95,22.4,0.00,3,100,3.7,299,0.0,0
2024-06-06T03:00,20.1,95,23.1,0.00,3,100,3.1,291,0.0,0
2024-06-06T04:00,20.6,92,23.9,0.20,51,100,1.4,270,0.0,0
2024-06-06T05:00,20.4,94,23.5,0.10,51,100,2.6,286,0.0,0
2024-06-06T06:00,20.6,93,24.0,0.00,3,100,2.0,315,8.0,1
2024-06-06T07:00,21.1,92,24.4,0.00,3,100,2.5,270,42.0,1
2024-06-06T08:00,21.3,92,24.9,0.10,51,100,1.5,225,57.0,1
2024-06-06T09:00,22.0,89,25.6,0.10,51,100,2.8,130,215.0,1
2024-06-06T10:00,22.5,86,25.8,0.00,3,100,3.9,112,230.0,1
2024-06-06T11:00,22.6,85,25.7,0.00,3,100,5.0,90,233.0,1
2024-06-06T12:00,22.9,84,25.9,0.00,3,100,6.0,107,247.0,1
2024-06-06T13:00,23.0,83,26.0,0.10,51,93,6.4,117,300.0,1
2024-06-06T14:00,23.5,82,26.4,0.10,51,87,7.2,127,409.0,1
2024-06-06T15:00,23.9,79,26.5,0.00,3,100,8.4,140,363.0,1
2024-06-06T16:00,23.5,80,26.0,0.00,3,100,8.7,150,199.0,1
2024-06-06T17:00,23.3,80,25.6,0.00,3,100,9.4,137,172.0,1
2024-06-06T18:00,22.6,83,25.2,0.00,3,100,7.7,139,66.0,1
2024-06-06T19:00,22.0,85,24.9,0.00,3,100,5.4,160,8.0,0
2024-06-06T20:00,21.7,87,24.6,0.00,3,100,5.1,176,0.0,0
2024-06-06T21:00,21.2,92,24.6,0.00,1,26,3.6,186,0.0,0
2024-06-06T22:00,20.3,95,23.2,0.00,2,71,5.1,188,0.0,0
2024-06-06T23:00,20.2,95,23.1,0.00,3,98,4.9,197,0.0,0
2024-06-07T00:00,20.5,95,23.6,0.00,3,99,3.9,214,0.0,0
2024-06-07T01:00,20.6,92,23.7,0.00,3,97,3.4,198,0.0,0
2024-06-07T02:00,20.6,94,23.8,0.00,3,100,3.2,180,0.0,0
2024-06-07T03:00,20.4,95,23.5,0.00,3,100,3.7,169,0.0,0
2024-06-07T04:00,21.0,91,24.2,0.00,3,94,2.3,219,0.0,0
2024-06-07T05:00,20.9,91,23.9,0.00,3,85,2.9,263,0.0,0
2024-06-07T06:00,21.0,90,24.2,0.00,3,80,2.3,219,23.0,1
2024-06-07T07:00,21.7,88,24.9,0.00,3,98,3.3,186,138.0,1
2024-06-07T08:00,22.5,84,25.8,0.00,3,100,3.7,169,246.0,1
2024-06-07T09:00,23.6,79,27.3,0.00,3,100,0.5,45,308.0,1
2024-06-07T10:00,24.2,77,27.9,0.10,51,100,0.8,63,330.0,1
2024-06-07T11:00,24.6,76,28.2,0.00,3,100,2.0,135,333.0,1
2024-06-07T12:00,25.8,72,29.7,0.00,3,100,2.3,129,583.0,1
2024-06-07T13:00,26.3,70,30.0,0.00,3,100,1.8,143,522.0,1
2024-06-07T14:00,26.5,70,30.3,0.00,3,100,2.5,180,445.0,1
2024-06-07T15:00,26.4,71,30.0,0.00,2,66,3.8,163,320.0,1
2024-06-07T16:00,26.9,70,30.7,0.00,1,26,3.3,139,442.0,1
2024-06-07T17:00,26.4,72,29.6,0.00,2,56,7.9,120,290.0,1
2024-06-07T18:00,24.7,82,27.7,0.00,0,8,11.0,113,123.0,1
2024-06-07T19:00,22.9,89,26.4,0.00,1,33,6.1,130,31.0,0
2024-06-07T20:00,22.1,93,25.9,0.00,3,82,4.2,160,0.0,0
2024-06-07T21:00,21.8,94,25.4,0.00,3,95,4.2,149,0.0,0
2024-06-07T22:00,21.6,94,25.2,0.00,3,97,3.8,139,0.0,0
2024-06-07T23:00,21.5,93,25.0,0.00,2,76,4.0,170,0.0,0
2024-06-08T00:00,22.0,92,25.8,0.00,2,74,2.3,198,0.0,0
2024-06-08T01:00,21.8,93,25.7,0.00,2,55,2.0,315,0.0,0
2024-06-08T02:00,20.6,97,23.9,0.00,3,96,4.3,336,0.0,0
2024-06-08T03:00,21.5,96,25.3,0.00,3,100,3.0,284,0.0,0
2024-06-08T04:00,20.9,99,24.6,0.00,3,100,3.3,276,0.0,0
2024-06-08T05:00,21.1,99,25.0,0.00,3,100,3.1,324,0.0,0
2024-06-08T06:00,21.2,99,25.2,0.00,1,29,2.8,320,23.0,1
2024-06-08T07:00,22.7,92,27.0,0.00,1,21,1.8,307,169.0,1
2024-06-08T08:00,24.4,85,29.0,0.00,1,31,0.8,117,372.0,1
2024-06-08T09:00,25.8,80,30.4,0.00,2,67,2.4,153,538.0,1
2024-06-08T10:00,27.4,74,32.8,0.00,3,100,2.9,97,658.0,1
2024-06-08T11:00,28.3,71,33.6,0.00,3,81,5.4,86,688.0,1
2024-06-08T12:00,28.8,72,35.4,0.10,51,74,3.7,151,779.0,1
2024-06-08T13:00,29.5,69,35.7,0.00,2,76,4.5,151,739.0,1
2024-06-08T14:00,29.8,68,35.1,0.00,2,70,4.9,144,613.0,1
2024-06-08T15:00,29.4,71,34.4,0.20,51,87,5.4,127,519.0,1
2024-06-08T16:00,26.8,84,31.3,11.60,65,100,10.2,122,364.0,1
2024-06-08T17:00,25.8,92,31.6,2.70,63,100,4.0,85,57.0,1
2024-06-08T18:00,25.2,95,31.0,0.50,53,95,4.7,67,42.0,1
2024-06-08T19:00,24.5,96,29.9,0.10,51,69,4.0,85,14.0,0
2024-06-08T20:00,23.8,97,28.9,0.00,3,90,4.0,85,0.0,0
2024-06-08T21:00,24.1,95,29.4,0.20,51,100,3.3,96,0.0,0
2024-06-08T22:00,23.8,96,28.9,0.30,51,100,3.3,103,0.0,0
2024-06-08T23:00,23.4,96,28.2,0.30,51,100,3.5,114,0.0,0
2024-06-09T00:00,23.0,97,27.9,0.10,51,94,3.0,104,0.0,0
2024-06-09T01:00,22.8,98,27.6,0.10,51,72,1.9,112,0.0,0
2024-06-09T02:00,22.5,97,27.1,0.10,51,81,2.2,99,0.0,0
2024-06-09T03:00,22.7,96,27.4,0.10,51,65,1.3,124,0.0,0
2024-06-09T04:00,22.5,97,27.3,0.00,1,30,1.1,180,0.0,0
2024-06-09T05:00,22.4,97,27.1,0.00,1,46,1.1,198,0.0,0
2024-06-09T06:00,22.4,97,27.2,0.00,3,100,0.8,207,22.0,1
2024-06-09T07:00,23.1,95,27.8,0.40,51,100,2.3,141,96.0,1
2024-06-09T08:00,23.7,92,28.5,0.80,53,100,1.9,112,157.0,1
2024-06-09T09:00,25.5,85,30.3,0.10,51,100,3.1,111,329.0,1
2024-06-09T10:00,25.9,84,30.7,0.00,3,98,4.5,76,336.0,1
2024-06-09T11:00,27.2,80,32.9,0.10,51,67,4.1,38,623.0,1
2024-06-09T12:00,28.0,79,34.4,0.00,2,64,4.4,81,693.0,1
2024-06-09T13:00,29.0,76,35.1,0.10,51,95,7.9,87,694.0,1
2024-06-09T14:00,26.7,85,31.3,4.70,63,100,10.4,146,438.0,1
2024-06-09T15:00,26.2,91,31.8,0.50,53,100,5.8,120,145.0,1
2024-06-09T16:00,26.0,91,31.3,3.00,63,100,7.0,125,165.0,1
2024-06-09T17:00,25.5,94,31.0,2.40,61,100,6.6,112,78.0,1
2024-06-09T18:00,25.0,96,30.7,1.00,55,100,4.0,95,36.0,1
2024-06-09T19:00,24.3,98,29.8,0.70,53,100,3.6,53,6.0,0
2024-06-09T20:00,24.1,98,29.7,0.40,51,100,2.3,51,0.0,0
2024-06-09T21:00,24.1,97,29.9,6.80,63,100,1.3,34,0.0,0
2024-06-09T22:00,23.9,98,29.4,1.50,61,100,2.3,162,0.0,0
2024-06-09T23:00,23.8,97,29.0,0.60,53,100,2.5,188,0.0,0
2024-06-10T00:00,23.8,97,29.2,0.70,53,100,2.4,207,0.0,0
2024-06-10T01:00,23.7,97,29.0,0.30,51,100,2.3,198,0.0,0
2024-06-10T02:00,23.6,97,28.9,0.20,51,100,2.2,171,0.0,0
2024-06-10T03:00,23.4,98,28.4,0.40,51,100,2.7,157,0.0,0
2024-06-10T04:00,23.9,95,29.2,0.10,51,100,1.1,90,0.0,0
2024-06-10T05:00,23.9,95,29.1,0.00,3,100,1.6,27,0.0,0
2024-06-10T06:00,23.8,96,29.1,0.20,51,100,2.1,149,16.0,1
2024-06-10T07:00,23.8,97,29.1,0.90,53,100,2.3,141,32.0,1
2024-06-10T08:00,24.5,95,30.2,0.60,53,100,1.4,180,96.0,1
2024-06-10T09:00,26.1,89,31.8,0.30,51,100,3.3,167,216.0,1
2024-06-10T10:00,27.4,84,33.3,0.30,51,100,2.9,187,318.0,1
2024-06-10T11:00,27.0,88,33.5,1.00,55,100,0.7,180,149.0,1
2024-06-10T12:00,27.5,87,34.2,0.30,51,100,0.4,90,229.0,1
2024-06-10T13:00,27.8,87,34.5,0.00,3,100,1.8,101,272.0,1
2024-06-10T14:00,29.1,79,35.6,0.10,51,100,2.0,225,535.0,1
2024-06-10T15:00,30.1,74,36.8,0.10,51,100,0.0,270,470.0,1
2024-06-10T16:00,29.2,81,36.0,0.70,53,100,2.3,321,218.0,1
2024-06-10T17:00,28.2,88,35.2,0.40,51,100,3.6,6,97.0,1
2024-06-10T18:00,27.1,97,34.5,0.30,51,100,3.1,45,31.0,1
2024-06-10T19:00,26.6,93,33.2,0.70,53,100,3.6,143,12.0,0
2024-06-10T20:00,26.0,96,32.3,0.20,51,100,4.8,138,0.0,0
2024-06-10T21:00,26.9,92,33.6,1.00,55,100,2.4,63,0.0,0
2024-06-10T22:00,26.0,96,32.3,2.00,61,100,3.4,148,0.0,0
2024-06-10T23:00,26.0,98,32.9,0.00,3,98,1.8,101,0.0,0
2024-06-11T00:00,25.8,95,32.4,0.70,53,99,1.0,225,0.0,0
2024-06-11T01:00,24.2,100,29.9,0.00,3,100,4.2,211,0.0,0
2024-06-11T02:00,24.3,100,29.9,0.00,3,100,4.6,198,0.0,0
2024-06-11T03:00,24.5,100,30.5,0.00,3,100,2.7,247,0.0,0
2024-06-11T04:00,24.1,100,29.8,0.00,3,98,4.0,270,0.0,0
2024-06-11T05:00,24.9,99,31.2,0.00,3,100,1.5,194,0.0,0
2024-06-11T06:00,25.0,99,30.8,0.00,3,97,4.7,148,23.0,1
2024-06-11T07:00,26.0,93,32.2,0.00,3,84,3.3,186,139.0,1
2024-06-11T08:00,27.4,85,33.3,0.10,51,100,3.7,241,284.0,1
2024-06-11T09:00,27.7,88,34.3,1.50,61,100,2.8,220,240.0,1
2024-06-11T10:00,27.4,90,34.0,0.70,53,97,2.9,277,99.0,1
2024-06-11T11:00,28.4,83,35.1,2.50,63,99,0.8,63,336.0,1
2024-06-11T12:00,29.9,76,36.3,0.10,51,97,3.9,214,570.0,1
2024-06-11T13:00,30.2,74,36.3,0.10,51,92,5.1,188,418.0,1
2024-06-11T14:00,30.8,72,37.2,0.10,51,90,3.8,221,563.0,1
2024-06-11T15:00,31.4,70,37.0,0.10,51,85,8.8,192,509.0,1
2024-06-11T16:00,30.6,71,36.4,0.00,3,100,5.5,191,361.0,1
2024-06-11T17:00,29.0,80,35.8,1.30,61,99,0.4,90,184.0,1
2024-06-11T18:00,28.2,87,35.3,0.10,51,100,1.1,108,72.0,1
2024-06-11T19:00,26.8,95,33.4,0.10,51,100,4.2,121,11.0,0
2024-06-11T20:00,26.4,96,33.0,0.20,51,100,4.1,128,0.0,0
2024-06-11T21:00,26.1,98,33.0,0.10,51,97,2.9,240,0.0,0
2024-06-11T22:00,25.5,98,31.8,0.00,3,98,3.5,204,0.0,0
2024-06-11T23:00,25.5,98,31.8,0.00,3,89,2.9,180,0.0,0
2024-06-12T00:00,24.8,99,30.6,0.00,3,100,4.4,189,0.0,0
2024-06-12T01:00,25.2,100,31.9,0.00,3,100,1.1,270,0.0,0
2024-06-12T02:00,24.4,100,30.2,0.00,1,49,2.9,270,0.0,0
2024-06-12T03:00,24.0,100,29.6,0.00,2,53,3.4,252,0.0,0
2024-06-12T04:00,24.0,100,29.7,0.00,3,100,2.6,254,0.0,0
2024-06-12T05:00,24.0,99,29.5,0.00,1,39,2.6,286,0.0,0
2024-06-12T06:00,24.6,98,30.6,0.00,3,96,2.6,304,23.0,1
2024-06-12T07:00,25.6,96,32.1,0.00,2,65,2.1,329,122.0,1
2024-06-12T08:00,27.2,86,33.3,0.00,3,100,3.3,283,298.0,1
2024-06-12T09:00,29.8,78,36.1,0.10,51,100,5.5,203,438.0,1
2024-06-12T10:00,31.0,72,37.1,0.00,3,99,6.5,214,486.0,1
2024-06-12T11:00,32.0,68,39.0,0.10,51,100,5.5,203,664.0,1
2024-06-12T12:00,31.9,69,37.8,0.10,51,100,9.0,178,588.0,1
2024-06-12T13:00,29.9,78,36.7,1.50,61,100,1.8,259,323.0,1
2024-06-12T14:00,30.4,76,37.5,5.20,63,100,1.8,180,584.0,1
2024-06-12T15:00,28.5,84,35.2,3.10,63,100,2.5,172,269.0,1
2024-06-12T16:00,28.2,86,35.0,0.20,51,100,2.6,124,145.0,1
2024-06-12T17:00,27.5,90,34.0,3.90,63,100,4.5,241,153.0,1
2024-06-12T18:00,27.1,95,34.5,0.90,53,100,1.6,243,44.0,1
2024-06-12T19:00,27.5,88,34.2,0.40,51,100,0.7,270,10.0,0
2024-06-12T20:00,26.5,93,33.1,0.20,51,100,2.4,207,0.0,0
2024-06-12T21:00,25.7,98,32.3,3.40,63,100,2.6,146,0.0,0
2024-06-12T22:00,25.5,98,31.9,0.80,53,100,2.6,146,0.0,0
2024-06-12T23:00,25.4,97,31.7,0.20,51,99,2.6,164,0.0,0
2024-06-13T00:00,25.5,98,32.3,0.90,53,100,0.7,360,0.0,0
2024-06-13T01:00,25.4,99,32.1,0.10,51,100,0.8,153,0.0,0
2024-06-13T02:00,25.1,100,32.0,0.00,3,100,0.0,270,0.0,0
2024-06-13T03:00,24.8,100,31.2,0.00,3,100,1.5,256,0.0,0
2024-06-13T04:00,24.8,100,31.2,0.00,3,100,1.4,270,0.0,0
2024-06-13T05:00,24.0,100,29.6,0.00,3,100,3.6,307,0.0,0
2024-06-13T06:00,24.7,100,30.9,0.00,3,100,2.0,315,19.0,1
2024-06-13T07:00,25.4,97,31.8,0.00,3,100,2.0,135,124.0,1
2024-06-13T08:00,26.9,89,33.3,0.00,3,100,1.3,326,264.0,1
2024-06-13T09:00,28.0,84,34.7,0.10,51,100,0.8,207,265.0,1
2024-06-13T10:00,29.0,80,35.6,0.20,51,99,2.2,9,435.0,1
2024-06-13T11:00,28.8,81,35.1,0.80,53,100,3.3,139,524.0,1
2024-06-13T12:00,27.9,87,34.5,0.00,3,100,2.4,63,315.0,1
2024-06-13T13:00,28.5,85,35.3,0.40,51,100,2.1,149,454.0,1
2024-06-13T14:00,27.7,90,33.9,2.20,61,100,7.7,169,302.0,1
2024-06-13T15:00,28.0,88,34.9,0.50,53,100,2.6,326,259.0,1
2024-06-13T16:00,27.5,92,34.8,0.80,53,100,1.5,104,114.0,1
2024-06-13T17:00,27.6,91,34.5,0.60,53,100,3.5,114,172.0,1
2024-06-13T18:00,27.6,90,34.7,0.10,51,100,1.6,117,123.0,1
2024-06-13T19:00,26.4,94,32.7,0.00,3,100,4.0,153,23.0,0
2024-06-13T20:00,26.3,95,32.6,0.10,51,100,4.8,167,0.0,0
2024-06-13T21:00,25.6,98,32.0,1.10,55,100,3.6,90,0.0,0
2024-06-13T22:00,25.4,98,31.8,1.70,61,100,2.9,90,0.0,0
2024-06-13T23:00,25.2,99,31.6,1.50,61,100,2.6,34,0.0,0
2024-06-14T00:00,25.4,98,31.8,0.60,53,100,2.2,81,0.0,0
2024-06-14T01:00,25.5,97,31.9,0.10,51,100,2.2,99,0.0,0
2024-06-14T02:00,25.8,96,32.2,0.30,51,100,2.3,141,0.0,0
2024-06-14T03:00,25.2,98,31.4,0.40,51,100,3.3,96,0.0,0
2024-06-14T04:00,25.3,97,31.4,0.30,51,100,3.6,127,0.0,0
2024-06-14T05:00,24.6,99,30.3,0.40,51,100,4.7,99,0.0,0
2024-06-14T06:00,25.0,99,31.2,0.30,51,100,3.1,69,7.0,1
2024-06-14T07:00,25.8,97,32.6,0.40,51,100,0.7,90,55.0,1
2024-06-14T08:00,26.4,96,33.1,0.80,53,100,2.8,40,152.0,1
2024-06-14T09:00,27.8,86,34.3,0.00,3,93,2.9,83,398.0,1
2024-06-14T10:00,28.5,84,35.0,0.10,51,100,3.3,174,387.0,1
2024-06-14T11:00,29.0,84,35.7,0.00,3,91,4.5,151,388.0,1
2024-06-14T12:00,30.8,77,37.4,0.10,51,98,8.2,142,613.0,1
2024-06-14T13:00,28.4,84,34.3,10.50,65,100,7.9,231,513.0,1
2024-06-14T14:00,28.2,85,35.0,0.20,51,96,0.8,117,125.0,1
2024-06-14T15:00,29.3,79,35.1,0.30,51,100,8.2,218,525.0,1
2024-06-14T16:00,29.0,80,35.6,0.80,53,100,1.6,207,209.0,1
2024-06-14T17:00,28.2,89,35.2,0.90,53,100,4.0,170,92.0,1
2024-06-14T18:00,27.4,93,34.3,0.30,51,100,4.8,153,43.0,1
2024-06-14T19:00,26.6,95,33.3,0.40,51,100,3.6,143,8.0,0
2024-06-14T20:00,26.3,94,32.5,0.00,3,100,4.5,151,0.0,0
2024-06-14T21:00,25.4,98,31.7,2.10,61,100,2.3,309,0.0,0
2024-06-14T22:00,25.6,95,32.0,1.80,61,100,2.3,108,0.0,0
2024-06-14T23:00,25.8,96,32.3,0.20,51,100,2.1,211,0.0,0
2024-06-15T00:00,25.1,98,31.4,0.00,3,100,2.2,9,0.0,0
2024-06-15T01:00,25.0,99,31.2,0.10,51,100,3.1,339,0.0,0
2024-06-15T02:00,24.4,100,30.2,0.00,3,100,4.0,333,0.0,0
2024-06-15T03:00,25.2,98,31.8,0.10,51,100,0.8,207,0.0,0
2024-06-15T04:00,25.0,99,31.4,0.10,51,100,1.5,256,0.0,0
2024-06-15T05:00,24.4,99,30.3,0.00,3,100,2.5,270,0.0,0
2024-06-15T06:00,24.9,99,31.1,0.00,3,100,2.3,288,12.0,1
2024-06-15T07:00,25.4,98,31.9,0.10,51,100,1.8,281,57.0,1
2024-06-15T08:00,26.1,95,32.9,0.10,51,100,1.5,346,105.0,1
2024-06-15T09:00,27.4,90,34.3,0.30,51,100,1.4,90,211.0,1
2024-06-15T10:00,27.5,90,34.4,0.40,51,100,2.6,164,185.0,1
2024-06-15T11:00,28.4,85,35.1,0.60,53,100,2.5,172,273.0,1
2024-06-15T12:00,28.0,89,35.1,1.90,61,100,2.6,236,284.0,1
2024-06-15T13:00,27.8,88,34.8,4.30,63,100,0.8,27,159.0,1
2024-06-15T14:00,27.5,89,34.3,3.20,63,100,1.8,37,142.0,1
2024-06-15T15:00,27.2,92,34.1,1.30,61,100,3.0,14,90.0,1
2024-06-15T16:00,27.1,94,34.0,1.00,55,100,4.1,45,85.0,1
2024-06-15T17:00,26.9,93,33.7,0.80,53,100,2.7,113,74.0,1
2024-06-15T18:00,26.8,95,33.7,0.80,53,100,2.9,30,42.0,1
2024-06-15T19:00,27.0,90,33.5,1.30,61,100,1.8,127,4.0,0
2024-06-15T20:00,26.8,91,33.3,0.30,51,100,2.5,135,0.0,0
2024-06-15T21:00,27.0,92,34.1,0.00,3,100,0.5,135,0.0,0
2024-06-15T22:00,26.7,90,32.9,0.20,51,100,3.1,159,0.0,0
2024-06-15T23:00,25.7,92,31.5,6.60,63,100,2.9,187,0.0,0
2024-06-16T00:00,25.3,96,31.3,0.20,51,100,3.3,77,0.0,0
2024-06-16T01:00,24.9,98,30.7,0.80,53,100,4.3,114,0.0,0
2024-06-16T02:00,24.9,98,30.8,0.70,53,100,3.4,122,0.0,0
2024-06-16T03:00,24.8,99,30.8,0.30,51,100,3.4,108,0.0,0
2024-06-16T04:00,24.5,99,30.3,0.10,51,100,3.7,119,0.0,0
2024-06-16T05:00,24.5,99,30.4,0.10,51,100,3.4,72,0.0,0
2024-06-16T06:00,25.2,98,31.7,0.00,3,100,1.1,90,11.0,1
2024-06-16T07:00,25.5,96,31.7,0.00,3,100,3.7,79,30.0,1
2024-06-16T08:00,26.1,94,32.6,0.10,51,100,2.7,113,148.0,1
2024-06-16T09:00,27.7,89,34.4,0.20,51,95,3.9,112,406.0,1
2024-06-16T10:00,29.3,86,36.8,0.40,51,100,5.4,132,615.0,1
2024-06-16T11:00,29.8,79,35.6,0.60,53,100,11.2,186,581.0,1
2024-06-16T12:00,27.5,86,33.1,5.60,63,100,8.3,185,289.0,1
2024-06-16T13:00,27.1,92,33.3,2.10,61,100,7.1,150,140.0,1
2024-06-16T14:00,26.9,92,32.8,2.80,63,100,7.7,139,128.0,1
2024-06-16T15:00,26.6,93,32.5,1.90,61,100,8.1,122,136.0,1
2024-06-16T16:00,26.6,89,32.3,1.20,55,100,6.6,119,130.0,1
2024-06-16T17:00,26.4,94,32.4,0.60,53,100,6.8,87,97.0,1
2024-06-16T18:00,25.9,97,32.1,0.30,51,100,5.1,94,31.0,1
2024-06-16T19:00,25.5,97,31.4,0.60,53,100,6.2,100,9.0,0
2024-06-16T20:00,25.2,97,31.1,0.10,51,100,5.5,101,0.0,0
2024-06-16T21:00,25.1,98,31.1,0.20,51,100,4.7,122,0.0,0
2024-06-16T22:00,25.0,98,31.0,0.40,51,100,3.0,104,0.0,0
2024-06-16T23:00,24.8,99,30.7,4.70,63,100,3.8,131,0.0,0
2024-06-17T00:00,24.7,99,30.6,4.70,63,100,3.3,167,0.0,0
2024-06-17T01:00,24.5,99,30.2,7.80,65,100,3.8,131,0.0,0
2024-06-17T02:00,24.4,99,30.4,2.20,61,100,1.8,360,0.0,0
2024-06-17T03:00,24.4,99,30.4,0.10,51,100,2.2,360,0.0,0
2024-06-17T04:00,24.5,99,30.5,0.00,3,100,1.8,360,0.0,0
2024-06-17T05:00,24.5,99,30.6,0.00,3,100,1.8,11,0.0,0
2024-06-17T06:00,24.9,98,30.8,0.00,3,100,3.5,336,14.0,1
2024-06-17T07:00,26.0,96,32.6,0.00,3,100,1.9,112,106.0,1
2024-06-17T08:00,26.9,93,33.7,0.00,3,100,2.5,172,123.0,1
2024-06-17T09:00,26.5,90,32.7,0.00,3,100,2.1,329,155.0,1
2024-06-17T10:00,28.5,83,34.8,0.00,3,100,4.3,204,393.0,1
2024-06-17T11:00,30.1,77,36.3,0.10,51,100,6.6,202,516.0,1
2024-06-17T12:00,31.4,73,38.1,0.20,51,100,9.1,187,658.0,1
2024-06-17T13:00,29.5,79,36.0,2.80,63,100,6.0,237,597.0,1
2024-06-17T14:00,28.9,84,35.9,0.10,51,100,2.3,231,164.0,1
2024-06-17T15:00,28.0,92,35.2,1.30,61,100,3.5,336,138.0,1
2024-06-17T16:00,28.0,85,34.8,0.80,53,100,0.4,360,135.0,1
2024-06-17T17:00,27.8,88,34.8,0.10,51,100,1.1,162,100.0,1
2024-06-17T18:00,27.7,90,34.9,0.20,51,100,1.1,72,71.0,1
2024-06-17T19:00,26.6,97,33.4,0.10,51,100,4.1,52,20.0,0
2024-06-17T20:00,26.5,95,33.1,0.10,51,100,3.7,151,0.0,0
2024-06-17T21:00,26.8,92,33.4,1.90,61,100,2.4,63,0.0,0
2024-06-17T22:00,26.1,96,32.6,1.00,55,100,3.4,58,0.0,0
2024-06-17T23:00,25.5,99,31.8,0.30,51,100,4.0,117,0.0,0
2024-06-18T00:00,25.6,99,32.0,0.20,51,100,3.9,124,0.0,0
2024-06-18T01:00,25.4,99,31.3,0.50,53,100,5.9,101,0.0,0
2024-06-18T02:00,24.5,99,30.0,0.40,51,100,5.5,79,0.0,0
2024-06-18T03:00,24.2,97,29.5,0.20,51,100,4.4,81,0.0,0
2024-06-18T04:00,24.0,96,29.1,0.00,3,100,4.0,80,0.0,0
2024-06-18T05:00,23.8,96,28.7,0.00,3,100,4.7,90,0.0,0
2024-06-18T06:00,23.6,97,28.5,0.00,3,100,4.7,94,9.0,1
2024-06-18T07:00,23.7,96,28.5,0.00,3,100,4.7,81,41.0,1
2024-06-18T08:00,23.8,96,28.4,0.20,51,100,5.8,86,96.0,1
2024-06-18T09:00,23.9,95,28.7,0.40,51,100,4.3,90,92.0,1
2024-06-18T10:00,24.1,94,28.9,0.50,53,100,5.1,82,86.0,1
2024-06-18T11:00,24.4,94,29.3,0.90,53,100,5.6,105,126.0,1
2024-06-18T12:00,25.0,91,29.8,0.50,53,100,6.6,119,239.0,1
2024-06-18T13:00,25.4,91,30.4,0.30,51,100,5.8,112,287.0,1
2024-06-18T14:00,25.9,92,31.2,0.80,53,100,7.4,119,343.0,1
2024-06-18T15:00,25.6,93,31.0,2.90,63,100,6.6,103,171.0,1
2024-06-18T16:00,25.5,95,31.0,1.10,55,100,6.2,97,71.0,1
2024-06-18T17:00,25.1,96,30.7,0.70,53,100,5.5,79,42.0,1
2024-06-18T18:00,24.8,96,30.3,0.50,53,100,5.2,102,31.0,1
2024-06-18T19:00,24.4,97,29.8,0.20,51,100,4.7,94,12.0,0
2024-06-18T20:00,24.0,98,29.3,0.10,51,100,4.3,90,0.0,0
2024-06-18T21:00,23.8,98,28.9,0.50,53,100,4.3,114,0.0,0
2024-06-18T22:00,23.7,98,28.8,0.30,51,100,3.8,131,0.0,0
2024-06-18T23:00,23.6,98,28.9,0.60,53,100,2.6,124,0.0,0
2024-06-19T00:00,23.4,98,28.7,0.60,53,100,2.1,121,0.0,0
2024-06-19T01:00,23.4,99,28.6,0.20,51,100,1.9,112,0.0,0
2024-06-19T02:00,23.4,99,28.6,0.00,3,100,1.8,101,0.0,0
2024-06-19T03:00,23.5,98,28.8,0.00,3,100,1.9,112,0.0,0
2024-06-19T04:00,23.5,98,28.9,0.00,3,100,1.6,117,0.0,0
2024-06-19T05:00,23.5,98,28.8,0.00,3,100,2.4,117,0.0,0
2024-06-19T06:00,23.8,98,29.0,0.00,3,100,3.2,90,10.0,1
2024-06-19T07:00,24.1,97,29.7,0.00,3,100,2.6,106,50.0,1
2024-06-19T08:00,25.0,94,30.7,0.00,3,100,3.1,144,122.0,1
2024-06-19T09:00,26.5,88,32.1,0.10,51,100,4.8,138,236.0,1
2024-06-19T10:00,28.6,82,35.0,0.20,51,42,5.0,90,585.0,1
2024-06-19T11:00,30.1,78,37.9,0.30,51,100,5.6,130,754.0,1
2024-06-19T12:00,30.6,74,36.6,0.40,51,100,7.6,177,486.0,1
2024-06-19T13:00,30.1,74,35.8,0.10,51,100,7.0,159,238.0,1
2024-06-19T14:00,29.4,77,35.1,1.30,61,100,7.1,156,285.0,1
2024-06-19T15:00,29.5,78,35.7,0.00,3,100,5.3,152,312.0,1
2024-06-19T16:00,30.0,76,36.1,0.00,3,80,5.5,169,323.0,1
2024-06-19T17:00,30.2,75,36.1,0.00,3,86,7.0,159,305.0,1
2024-06-19T18:00,29.3,81,35.6,0.00,3,100,6.1,135,160.0,1
2024-06-19T19:00,27.7,87,33.8,0.00,3,100,6.1,140,25.0,0
2024-06-19T20:00,26.9,90,32.8,0.00,3,100,6.1,135,0.0,0
2024-06-19T21:00,27.0,92,33.3,0.00,3,100,5.9,137,0.0,0
2024-06-19T22:00,26.3,95,32.6,0.00,3,100,4.6,141,0.0,0
2024-06-19T23:00,25.5,97,31.5,0.00,3,98,5.1,135,0.0,0
2024-06-20T00:00,25.2,99,31.2,0.00,3,99,4.9,144,0.0,0
2024-06-20T01:00,24.8,100,30.6,0.00,3,100,5.1,172,0.0,0
2024-06-20T02:00,24.5,100,30.2,0.00,3,100,5.1,188,0.0,0
2024-06-20T03:00,25.6,100,32.4,0.00,3,100,2.6,236,0.0,0
2024-06-20T04:00,24.7,99,30.6,0.00,3,100,3.5,204,0.0,0
2024-06-20T05:00,24.4,99,30.0,0.00,3,100,3.9,214,0.0,0
2024-06-20T06:00,25.2,98,31.5,0.00,3,97,3.2,207,20.0,1
2024-06-20T07:00,26.2,95,33.0,0.00,3,98,1.1,198,142.0,1
2024-06-20T08:00,27.5,88,34.2,0.00,3,100,2.2,351,278.0,1
2024-06-20T09:00,29.1,81,35.9,0.00,3,100,1.8,180,394.0,1
2024-06-20T10:00,31.1,73,37.9,0.00,3,100,6.6,221,643.0,1
2024-06-20T11:00,33.0,63,40.2,0.00,3,92,6.6,229,769.0,1
2024-06-20T12:00,34.0,58,41.5,0.00,3,97,7.7,221,884.0,1
2024-06-20T13:00,34.8,56,42.4,0.10,51,100,8.4,223,913.0,1
2024-06-20T14:00,35.0,55,41.9,0.10,51,100,8.1,225,815.0,1
2024-06-20T15:00,34.8,56,41.0,0.10,51,100,8.7,204,692.0,1
2024-06-20T16:00,34.1,60,39.7,0.10,51,100,8.7,173,538.0,1
2024-06-20T17:00,31.9,72,37.6,0.00,3,100,12.2,152,286.0,1
2024-06-20T18:00,30.1,80,36.2,0.00,3,100,11.1,151,151.0,1
2024-06-20T19:00,28.6,85,34.9,0.00,3,100,7.3,147,28.0,0
2024-06-20T20:00,27.8,88,34.1,0.00,3,100,5.7,145,0.0,0
2024-06-20T21:00,28.0,89,34.8,0.10,51,100,4.2,149,0.0,0
2024-06-20T22:00,27.2,92,33.9,0.00,3,100,4.3,138,0.0,0
2024-06-20T23:00,26.8,93,33.2,0.00,3,100,4.3,156,0.0,0
2024-06-21T00:00,26.2,95,32.5,0.00,3,100,4.5,166,0.0,0
2024-06-21T01:00,26.0,94,32.3,0.00,3,98,3.7,169,0.0,0
2024-06-21T02:00,26.1,94,32.4,0.00,3,93,2.7,203,0.0,0
2024-06-21T03:00,25.1,97,30.9,0.00,0,7,4.5,209,0.0,0
2024-06-21T04:00,25.0,96,30.8,0.00,3,96,4.1,225,0.0,0
2024-06-21T05:00,25.0,96,30.7,0.00,3,100,3.4,212,0.0,0
2024-06-21T06:00,25.5,95,31.6,0.00,3,100,2.7,203,26.0,1
2024-06-21T07:00,26.8,92,33.6,0.00,3,100,1.3,124,166.0,1
2024-06-21T08:00,28.4,86,35.2,0.00,3,100,2.6,124,362.0,1
2024-06-21T09:00,30.6,78,37.9,0.00,2,64,3.1,144,557.0,1
2024-06-21T10:00,32.2,72,40.3,0.00,1,23,4.3,156,728.0,1
2024-06-21T11:00,33.5,62,41.3,0.00,2,56,5.6,165,806.0,1
2024-06-21T12:00,34.8,55,42.2,0.00,3,92,7.2,183,894.0,1
2024-06-21T13:00,35.4,52,42.0,0.00,2,78,10.2,190,883.0,1
2024-06-21T14:00,35.4,53,41.7,0.00,2,72,11.8,192,862.0,1
2024-06-21T15:00,35.1,56,41.1,0.00,3,95,11.6,185,740.0,1
2024-06-21T16:00,34.2,63,40.1,0.00,3,100,11.3,173,544.0,1
2024-06-21T17:00,32.7,69,38.4,0.00,3,100,12.9,157,376.0,1
2024-06-21T18:00,30.5,79,36.2,0.00,3,100,14.2,153,181.0,1
2024-06-21T19:00,29.0,83,34.7,0.00,3,100,9.7,158,39.0,0
2024-06-21T20:00,27.6,89,34.0,0.00,3,100,4.7,148,0.0,0
2024-06-21T21:00,27.6,91,34.5,0.00,3,100,4.1,142,0.0,0
2024-06-21T22:00,26.9,94,33.4,0.00,3,100,4.9,144,0.0,0
2024-06-21T23:00,27.4,89,33.8,0.00,3,100,3.5,156,0.0,0
2024-06-22T00:00,27.1,90,33.9,0.00,3,100,1.3,146,0.0,0
2024-06-22T01:00,25.6,96,31.8,0.00,3,100,4.0,153,0.0,0
2024-06-22T02:00,25.4,97,31.5,0.00,3,100,3.7,169,0.0,0
2024-06-22T03:00,25.8,95,32.4,0.00,3,97,0.4,360,0.0,0
2024-06-22T04:00,25.6,96,32.2,0.00,3,91,1.1,252,0.0,0
2024-06-22T05:00,25.3,98,31.8,0.00,3,82,1.5,194,0.0,0
2024-06-22T06:00,25.4,98,31.9,0.00,1,20,1.8,233,25.0,1
2024-06-22T07:00,26.9,92,33.7,0.00,0,16,2.3,141,166.0,1
2024-06-22T08:00,28.7,85,36.0,0.00,0,13,0.8,27,365.0,1
2024-06-22T09:00,30.7,80,38.3,0.00,2,62,3.3,131,570.0,1
2024-06-22T10:00,32.5,70,40.8,0.00,0,16,4.7,189,738.0,1
2024-06-22T11:00,34.1,59,41.0,0.00,3,96,10.4,194,853.0,1
2024-06-22T12:00,35.0,55,41.8,0.00,3,94,11.5,200,924.0,1
2024-06-22T13:00,35.5,54,42.1,0.00,3,94,14.1,199,943.0,1
2024-06-22T14:00,35.5,54,41.7,0.00,3,100,14.8,209,879.0,1
2024-06-22T15:00,35.3,56,41.4,0.00,3,100,12.4,206,738.0,1
2024-06-22T16:00,34.8,58,40.1,0.00,3,100,11.9,180,546.0,1
2024-06-22T17:00,32.6,69,38.1,0.00,3,100,14.0,157,353.0,1
2024-06-22T18:00,30.9,77,36.4,0.00,3,100,14.1,167,158.0,1
2024-06-22T19:00,29.5,80,35.6,0.00,3,100,7.9,177,34.0,0
2024-06-22T20:00,28.6,84,34.9,0.00,3,100,5.8,176,0.0,0
2024-06-22T21:00,28.3,89,35.3,0.00,3,99,4.7,148,0.0,0
2024-06-22T22:00,27.8,90,34.5,0.00,3,100,4.7,148,0.0,0
2024-06-22T23:00,27.1,93,33.8,0.00,3,100,4.5,151,0.0,0
2024-06-23T00:00,27.7,88,34.3,0.00,3,100,3.4,148,0.0,0
2024-06-23T01:00,27.3,90,34.0,0.00,3,100,2.5,172,0.0,0
2024-06-23T02:00,26.6,93,33.1,0.00,3,95,3.3,186,0.0,0
2024-06-23T03:00,26.5,93,33.1,0.00,3,99,2.5,188,0.0,0
2024-06-23T04:00,26.2,95,33.0,0.00,3,100,1.3,236,0.0,0
2024-06-23T05:00,25.6,97,31.9,0.00,3,100,3.3,193,0.0,0
2024-06-23T06:00,25.9,97,32.5,0.00,3,100,2.2,171,25.0,1
2024-06-23T07:00,27.3,92,34.6,0.00,3,100,0.4,90,163.0,1
2024-06-23T08:00,29.0,86,36.4,0.00,3,100,1.9,112,362.0,1
2024-06-23T09:00,31.2,76,38.5,0.00,3,100,3.8,163,563.0,1
2024-06-23T10:00,33.0,64,40.0,0.00,3,99,7.3,200,727.0,1
2024-06-23T11:00,34.3,57,40.7,0.00,3,100,11.3,211,838.0,1
2024-06-23T12:00,35.0,55,41.5,0.00,3,100,13.5,214,915.0,1
2024-06-23T13:00,35.4,55,42.0,0.00,3,99,14.3,205,915.0,1
2024-06-23T14:00,34.5,58,40.2,0.40,51,100,17.0,197,858.0,1
2024-06-23T15:00,34.3,59,40.0,0.00,3,100,14.2,187,713.0,1
2024-06-23T16:00,33.1,66,38.5,0.00,3,100,13.4,172,493.0,1
2024-06-23T17:00,32.2,70,38.1,0.00,3,100,10.1,176,319.0,1
2024-06-23T18:00,31.1,77,38.3,0.00,3,100,4.3,204,142.0,1
2024-06-23T19:00,29.6,79,35.9,0.00,3,97,5.9,191,29.0,0
2024-06-23T20:00,28.4,85,34.9,0.00,3,100,4.8,167,0.0,0
2024-06-23T21:00,28.5,84,34.6,0.00,3,99,7.1,156,0.0,0
2024-06-23T22:00,28.0,87,34.3,0.00,3,100,5.8,158,0.0,0
2024-06-23T23:00,27.2,91,33.8,0.00,3,100,4.5,151,0.0,0
2024-06-24T00:00,26.7,94,33.2,0.00,3,100,4.2,149,0.0,0
2024-06-24T01:00,26.2,96,32.6,0.00,3,100,4.6,162,0.0,0
2024-06-24T02:00,25.9,97,32.2,0.00,3,100,4.7,176,0.0,0
2024-06-24T03:00,25.8,97,32.1,0.00,3,100,3.8,163,0.0,0
2024-06-24T04:00,26.4,95,33.0,0.00,3,98,2.9,210,0.0,0
2024-06-24T05:00,25.6,96,31.9,0.00,3,100,3.3,221,0.0,0
2024-06-24T06:00,26.1,96,32.5,0.00,3,100,4.4,171,24.0,1
2024-06-24T07:00,27.2,91,34.2,0.00,3,100,1.5,166,145.0,1
2024-06-24T08:00,28.8,84,35.7,0.00,3,100,1.6,207,314.0,1
2024-06-24T09:00,31.0,75,37.7,0.00,3,100,5.5,212,552.0,1
2024-06-24T10:00,32.5,65,38.6,0.00,2,59,9.3,216,664.0,1
2024-06-24T11:00,33.8,61,40.7,0.00,0,8,10.9,214,832.0,1
2024-06-24T12:00,34.6,58,41.3,0.00,0,10,13.0,208,886.0,1
2024-06-24T13:00,34.7,57,40.9,0.00,3,95,15.1,198,866.0,1
2024-06-24T14:00,34.3,57,39.9,0.50,53,100,11.6,206,687.0,1
2024-06-24T15:00,33.9,59,39.0,0.00,3,100,12.9,198,613.0,1
2024-06-24T16:00,32.3,67,37.7,0.50,53,100,11.0,199,432.0,1
2024-06-24T17:00,31.6,72,38.2,0.00,3,100,5.4,188,180.0,1
2024-06-24T18:00,31.0,79,38.5,0.00,3,100,3.3,174,133.0,1
2024-06-24T19:00,29.3,85,36.2,0.00,3,100,5.6,140,23.0,0
2024-06-24T20:00,28.6,89,35.7,0.00,3,82,5.1,94,0.0,0
2024-06-24T21:00,28.3,92,35.7,0.00,3,100,4.2,121,0.0,0
2024-06-24T22:00,27.8,90,34.6,0.00,3,100,4.1,142,0.0,0
2024-06-24T23:00,27.0,93,33.9,2.10,61,100,3.0,14,0.0,0
2024-06-25T00:00,25.9,93,31.2,1.10,55,100,8.4,7,0.0,0
2024-06-25T01:00,25.7,93,31.4,1.80,61,100,4.8,222,0.0,0
2024-06-25T02:00,25.8,94,32.0,0.20,51,100,2.3,39,0.0,0
2024-06-25T03:00,25.5,95,31.5,0.30,51,100,2.9,270,0.0,0
2024-06-25T04:00,26.0,90,31.7,0.10,51,99,2.5,135,0.0,0
2024-06-25T05:00,25.0,94,30.8,0.00,3,88,2.6,164,0.0,0
2024-06-25T06:00,25.7,92,31.7,0.00,3,100,2.3,129,22.0,1
2024-06-25T07:00,26.3,90,32.6,0.00,3,100,1.3,146,137.0,1
2024-06-25T08:00,27.2,86,33.4,0.00,3,99,2.8,140,265.0,1
2024-06-25T09:00,29.7,79,36.5,0.10,51,45,1.9,158,479.0,1
2024-06-25T10:00,31.3,72,38.8,0.20,51,44,3.9,202,693.0,1
2024-06-25T11:00,33.0,64,40.2,0.00,2,68,8.5,192,799.0,1
2024-06-25T12:00,34.0,60,41.1,0.00,2,76,12.1,190,916.0,1
2024-06-25T13:00,34.2,58,41.1,0.00,2,63,11.5,184,896.0,1
2024-06-25T14:00,33.8,60,40.4,0.00,2,69,11.3,202,837.0,1
2024-06-25T15:00,34.2,57,40.6,0.00,3,91,5.4,217,658.0,1
2024-06-25T16:00,32.8,61,38.9,0.20,51,100,1.8,143,448.0,1
2024-06-25T17:00,31.3,71,37.7,0.50,53,100,4.0,350,247.0,1
2024-06-25T18:00,27.0,84,31.2,0.70,53,93,14.0,342,124.0,1
2024-06-25T19:00,26.5,84,31.8,0.10,51,100,3.7,151,27.0,0
2024-06-25T20:00,25.9,91,31.7,0.00,3,100,3.4,198,0.0,0
2024-06-25T21:00,25.9,88,29.7,1.60,61,100,14.3,288,0.0,0
2024-06-25T22:00,25.0,94,30.4,0.10,51,100,4.6,342,0.0,0
2024-06-25T23:00,24.9,92,30.3,0.00,3,100,2.5,270,0.0,0
2024-06-26T00:00,25.4,88,30.5,0.00,3,100,2.7,203,0.0,0
2024-06-26T01:00,25.5,89,31.1,0.00,3,100,1.3,304,0.0,0
2024-06-26T02:00,25.5,89,31.4,0.00,1,28,0.0,270,0.0,0
2024-06-26T03:00,25.4,90,30.9,0.00,3,90,2.4,117,0.0,0
2024-06-26T04:00,25.5,90,31.0,0.00,3,93,2.5,188,0.0,0
2024-06-26T05:00,25.5,91,31.1,0.00,3,96,2.5,188,0.0,0
2024-06-26T06:00,25.2,95,31.3,0.00,3,100,1.4,270,16.0,1
2024-06-26T07:00,25.7,90,31.7,0.00,3,100,0.4,180,49.0,1
2024-06-26T08:00,26.2,89,32.4,0.00,3,100,0.7,90,136.0,1
2024-06-26T09:00,27.3,87,33.5,0.00,3,100,3.3,96,169.0,1
2024-06-26T10:00,28.0,84,34.5,0.10,51,96,1.5,135,232.0,1
2024-06-26T11:00,29.0,79,35.4,0.10,51,88,2.7,113,458.0,1
2024-06-26T12:00,30.1,74,37.0,0.10,51,70,4.2,121,657.0,1
2024-06-26T13:00,31.4,68,38.4,0.00,2,79,5.5,122,741.0,1
2024-06-26T14:00,32.1,65,38.0,0.00,3,83,8.4,121,661.0,1
2024-06-26T15:00,31.5,64,35.8,0.50,53,55,12.4,150,567.0,1
2024-06-26T16:00,30.7,70,35.8,0.00,1,25,9.6,146,381.0,1
2024-06-26T17:00,30.9,72,36.8,0.00,3,98,6.0,123,336.0,1
2024-06-26T18:00,30.0,80,36.9,0.00,3,100,4.0,95,141.0,1
2024-06-26T19:00,28.5,88,35.3,0.00,3,99,5.4,82,27.0,0
2024-06-26T20:00,28.0,89,34.8,0.00,3,86,5.0,69,0.0,0
2024-06-26T21:00,27.7,87,34.3,0.20,51,100,2.3,321,0.0,0
2024-06-26T22:00,26.9,94,33.6,0.10,51,100,3.9,326,0.0,0
2024-06-26T23:00,26.7,94,33.4,0.10,51,100,3.3,311,0.0,0
2024-06-27T00:00,26.4,95,32.9,0.10,51,100,4.1,315,0.0,0
2024-06-27T01:00,26.1,95,32.5,0.20,51,100,3.8,319,0.0,0
2024-06-27T02:00,25.8,95,31.8,0.00,3,99,4.4,325,0.0,0
2024-06-27T03:00,25.5,95,31.4,0.00,3,91,4.8,347,0.0,0
2024-06-27T04:00,26.6,92,33.3,0.00,2,60,1.4,270,0.0,0
2024-06-27T05:00,26.4,93,32.8,0.00,3,97,2.6,286,0.0,0
2024-06-27T06:00,26.2,95,32.7,0.00,1,41,2.9,300,24.0,1
2024-06-27T07:00,27.0,93,34.0,0.00,1,29,0.8,333,163.0,1
2024-06-27T08:00,28.1,85,35.0,0.00,3,100,1.3,124,347.0,1
2024-06-27T09:00,29.5,81,36.6,0.00,0,8,2.2,9,564.0,1
2024-06-27T10:00,30.9,74,38.9,0.00,3,88,1.3,236,692.0,1
2024-06-27T11:00,32.7,64,39.2,0.00,2,70,9.1,189,759.0,1
2024-06-27T12:00,31.9,64,37.5,0.00,3,87,11.0,232,723.0,1
2024-06-27T13:00,32.7,63,39.3,0.00,3,88,8.9,238,782.0,1
2024-06-27T14:00,33.2,61,39.9,0.00,3,83,7.3,250,741.0,1
2024-06-27T15:00,34.2,57,40.9,0.00,3,100,5.8,240,742.0,1
2024-06-27T16:00,33.0,61,38.3,0.00,3,100,6.4,196,462.0,1
2024-06-27T17:00,32.1,66,38.6,0.10,51,100,1.4,270,159.0,1
2024-06-27T18:00,29.2,82,35.6,1.30,61,100,6.7,16,122.0,1
2024-06-27T19:00,28.0,92,35.2,0.00,3,100,3.6,6,21.0,0
2024-06-27T20:00,27.5,94,34.7,0.00,3,100,3.6,360,0.0,0
2024-06-27T21:00,27.5,87,33.5,0.80,53,99,5.1,321,0.0,0
2024-06-27T22:00,27.0,88,33.1,0.00,3,97,3.8,319,0.0,0
2024-06-27T23:00,27.5,84,34.0,0.00,3,100,0.8,333,0.0,0
2024-06-28T00:00,27.3,87,33.8,0.00,3,100,1.1,342,0.0,0
2024-06-28T01:00,27.0,90,33.6,0.00,3,100,2.1,329,0.0,0
2024-06-28T02:00,26.2,95,32.8,0.00,3,99,2.2,279,0.0,0
2024-06-28T03:00,26.5,97,33.6,0.00,3,100,1.8,281,0.0,0
2024-06-28T04:00,25.5,99,32.3,0.00,3,99,2.3,252,0.0,0
2024-06-28T05:00,25.1,100,31.6,0.00,3,100,2.3,219,0.0,0
2024-06-28T06:00,26.0,99,33.1,0.00,3,100,1.1,252,20.0,1
2024-06-28T07:00,26.9,94,33.9,0.00,3,100,1.8,360,137.0,1
2024-06-28T08:00,28.0,88,35.0,0.10,51,100,1.1,162,283.0,1
2024-06-28T09:00,29.6,80,36.2,0.30,51,100,4.8,193,527.0,1
2024-06-28T10:00,31.2,69,36.6,0.10,51,100,9.5,191,570.0,1
2024-06-28T11:00,31.5,66,36.3,0.10,51,100,11.3,187,510.0,1
2024-06-28T12:00,32.0,65,36.7,0.00,3,100,11.2,186,539.0,1
2024-06-28T13:00,32.0,66,37.5,0.00,3,100,12.0,187,667.0,1
2024-06-28T14:00,32.2,65,37.6,0.00,3,100,11.9,180,655.0,1
2024-06-28T15:00,32.0,66,37.2,0.10,51,100,13.0,182,617.0,1
2024-06-28T16:00,31.3,70,36.4,0.00,3,100,11.7,169,463.0,1
2024-06-28T17:00,30.9,73,36.1,0.00,3,100,12.0,164,316.0,1
2024-06-28T18:00,29.8,78,35.6,0.00,3,100,8.1,167,153.0,1
2024-06-28T19:00,28.5,81,34.3,0.00,3,100,6.3,156,34.0,0
2024-06-28T20:00,27.6,86,33.6,0.00,3,100,5.5,157,0.0,0
2024-06-28T21:00,27.5,88,33.8,0.00,3,100,5.3,152,0.0,0
2024-06-28T22:00,27.2,91,33.6,0.00,3,100,5.2,155,0.0,0
2024-06-28T23:00,26.6,93,33.1,0.00,3,100,4.2,149,0.0,0
2024-06-29T00:00,26.1,95,32.2,0.00,3,100,5.5,148,0.0,0
2024-06-29T01:00,26.6,92,32.9,0.00,3,100,3.9,146,0.0,0
2024-06-29T02:00,25.7,95,31.6,0.00,3,100,5.0,150,0.0,0
2024-06-29T03:00,26.9,92,33.6,0.00,3,100,1.5,76,0.0,0
2024-06-29T04:00,26.5,95,33.2,0.00,3,96,2.3,39,0.0,0
2024-06-29T05:00,26.0,99,33.1,0.00,3,83,0.5,315,0.0,0
2024-06-29T06:00,25.8,100,32.8,0.00,3,100,1.6,117,23.0,1
2024-06-29T07:00,27.1,94,34.1,0.00,3,87,3.1,69,154.0,1
2024-06-29T08:00,29.0,83,35.6,0.10,51,98,4.3,175,334.0,1
2024-06-29T09:00,30.6,68,34.9,0.10,51,39,13.4,194,450.0,1
2024-06-29T10:00,31.6,65,35.9,0.00,2,70,16.3,198,631.0,1
2024-06-29T11:00,32.3,63,37.3,0.10,51,73,16.7,199,762.0,1
2024-06-29T12:00,31.9,66,37.2,0.30,51,99,15.2,185,738.0,1
2024-06-29T13:00,32.0,65,37.0,0.00,3,99,17.0,185,775.0,1
2024-06-29T14:00,31.5,69,36.8,0.10,51,92,16.9,182,739.0,1
2024-06-29T15:00,31.2,69,36.0,0.10,51,97,16.2,181,646.0,1
2024-06-29T16:00,30.0,75,34.7,1.10,55,100,14.5,186,393.0,1
2024-06-29T17:00,29.2,80,34.7,0.00,3,100,10.5,164,164.0,1
2024-06-29T18:00,28.5,83,34.2,0.00,3,100,8.9,153,103.0,1
2024-06-29T19:00,27.7,86,33.4,0.00,3,100,7.0,145,28.0,0
2024-06-29T20:00,27.1,88,33.0,0.00,3,100,6.0,147,0.0,0
2024-06-29T21:00,27.2,90,33.2,0.00,3,100,7.9,141,0.0,0
2024-06-29T22:00,26.8,94,33.3,0.00,3,100,4.2,149,0.0,0
2024-06-29T23:00,26.9,93,33.5,0.00,3,100,3.9,146,0.0,0
2024-06-30T00:00,27.1,92,33.5,0.00,3,100,5.0,150,0.0,0
2024-06-30T01:00,26.2,95,32.5,0.00,3,100,5.2,164,0.0,0
2024-06-30T02:00,26.4,94,32.7,0.00,3,100,4.2,149,0.0,0
2024-06-30T03:00,26.2,93,32.4,0.00,3,100,4.5,166,0.0,0
2024-06-30T04:00,26.2,92,32.3,0.00,3,100,4.0,153,0.0,0
2024-06-30T05:00,25.3,95,31.0,0.00,3,100,5.2,155,0.0,0
2024-06-30T06:00,26.5,92,32.8,0.00,3,100,3.8,163,22.0,1
2024-06-30T07:00,27.6,85,33.7,0.00,3,100,4.7,184,134.0,1
2024-06-30T08:00,28.8,79,34.5,0.00,3,100,6.2,201,295.0,1
2024-06-30T09:00,30.2,73,35.4,0.00,3,100,9.7,202,494.0,1
2024-06-30T10:00,31.6,65,36.3,0.00,3,94,13.6,212,635.0,1
2024-06-30T11:00,32.8,60,37.9,0.00,1,43,14.5,215,761.0,1
2024-06-30T12:00,33.7,58,39.6,0.10,51,97,14.2,204,873.0,1
2024-06-30T13:00,33.8,59,39.5,0.00,3,100,17.2,190,888.0,1
2024-06-30T14:00,33.0,64,38.4,0.10,51,96,17.1,187,757.0,1
2024-06-30T15:00,33.0,66,38.8,0.70,53,96,15.9,198,716.0,1
2024-06-30T16:00,32.6,64,37.3,0.00,3,99,14.1,199,547.0,1
2024-06-30T17:00,31.5,73,37.5,0.00,3,100,9.4,180,288.0,1
2024-06-30T18:00,30.6,75,36.9,0.20,51,100,6.9,171,158.0,1
2024-06-30T19:00,29.5,76,34.5,0.00,3,100,11.6,158,37.0,0
2024-06-30T20:00,28.3,81,33.6,0.00,3,100,8.7,173,0.0,0
2024-06-30T21:00,28.0,85,34.0,0.00,3,100,6.5,174,0.0,0
2024-06-30T22:00,27.4,89,33.7,0.00,3,100,4.7,176,0.0,0
2024-06-30T23:00,27.1,90,33.4,0.00,3,100,5.1,172,0.0,0
2024-07-01T00:00,26.8,92,33.1,0.00,3,94,4.4,171,0.0,0
2024-07-01T01:00,26.5,93,32.8,0.00,3,100,4.5,166,0.0,0
2024-07-01T02:00,26.2,94,32.3,0.00,3,100,4.8,153,0.0,0
2024-07-01T03:00,26.0,94,32.0,0.00,3,100,4.9,144,0.0,0
2024-07-01T04:00,25.9,94,31.9,0.00,3,100,4.5,151,0.0,0
2024-07-01T05:00,25.5,95,31.3,0.00,3,99,5.2,155,0.0,0
2024-07-01T06:00,26.9,92,33.6,0.00,3,100,2.3,162,20.0,1
2024-07-01T07:00,28.0,85,34.3,0.00,3,100,3.6,174,140.0,1
2024-07-01T08:00,29.3,77,34.7,0.00,3,87,8.4,211,313.0,1
2024-07-01T09:00,31.0,71,36.2,0.20,51,100,10.6,198,510.0,1
2024-07-01T10:00,31.4,69,36.5,0.00,3,100,15.3,195,656.0,1
2024-07-01T11:00,31.4,69,36.2,0.50,53,96,14.7,191,584.0,1
2024-07-01T12:00,32.8,64,38.4,0.00,3,94,15.4,196,758.0,1
2024-07-01T13:00,33.8,61,40.0,0.00,2,53,15.7,191,866.0,1
2024-07-01T14:00,34.2,59,40.0,0.00,1,23,17.3,192,859.0,1
2024-07-01T15:00,33.6,61,38.7,0.00,0,12,17.6,191,712.0,1
2024-07-01T16:00,32.9,65,37.7,0.00,3,80,16.2,183,580.0,1
2024-07-01T17:00,32.0,69,36.9,0.00,3,100,15.1,181,392.0,1
2024-07-01T18:00,31.0,72,36.2,0.00,3,100,11.5,176,176.0,1
2024-07-01T19:00,29.6,76,34.8,0.00,3,100,10.8,159,33.0,0
2024-07-01T20:00,28.9,79,34.3,0.00,3,100,9.0,164,0.0,0
2024-07-01T21:00,28.3,83,34.2,0.00,3,100,6.5,161,0.0,0
2024-07-01T22:00,27.8,86,33.8,0.00,3,100,6.5,161,0.0,0
2024-07-01T23:00,27.5,88,33.3,0.00,3,100,7.8,167,0.0,0
2024-07-02T00:00,27.2,89,33.3,0.00,3,99,5.8,158,0.0,0
2024-07-02T01:00,27.1,89,33.3,0.00,3,88,5.1,141,0.0,0
2024-07-02T02:00,27.0,91,33.1,0.00,3,93,5.4,138,0.0,0
2024-07-02T03:00,26.2,94,32.5,0.00,3,99,4.3,138,0.0,0
2024-07-02T04:00,25.6,95,31.5,0.00,3,98,5.5,148,0.0,0
2024-07-02T05:00,25.9,94,31.9,0.00,3,99,4.7,148,0.0,0
2024-07-02T06:00,26.8,92,33.0,0.00,3,99,5.0,150,20.0,1
2024-07-02T07:00,28.5,81,34.3,0.00,3,100,6.1,177,156.0,1
2024-07-02T08:00,29.6,76,34.9,0.00,3,99,9.8,197,344.0,1
2024-07-02T09:00,31.1,67,35.4,0.00,3,95,14.2,201,537.0,1
2024-07-02T10:00,32.0,62,36.3,0.00,3,95,17.2,206,699.0,1
2024-07-02T11:00,32.7,60,37.6,0.00,2,77,17.9,202,832.0,1
2024-07-02T12:00,33.7,58,39.6,0.00,1,44,16.1,200,920.0,1
2024-07-02T13:00,34.3,56,40.2,0.00,3,100,16.5,196,928.0,1
2024-07-02T14:00,34.7,56,40.2,0.00,3,100,16.9,192,860.0,1
2024-07-02T15:00,34.6,55,39.5,0.00,3,100,16.5,196,737.0,1
2024-07-02T16:00,33.9,60,38.8,0.00,3,92,14.9,188,595.0,1
2024-07-02T17:00,33.3,62,38.4,0.00,2,66,11.6,185,406.0,1
2024-07-02T18:00,32.0,67,37.2,0.00,1,49,10.4,178,204.0,1
2024-07-02T19:00,30.4,73,35.4,0.00,0,2,11.2,159,43.0,0
2024-07-02T20:00,29.3,77,34.5,0.00,0,5,10.0,165,0.0,0
2024-07-02T21:00,29.0,82,35.0,0.00,1,32,7.7,169,0.0,0
2024-07-02T22:00,28.6,83,34.6,0.00,0,8,7.2,180,0.0,0
2024-07-02T23:00,28.0,85,34.0,0.00,0,3,6.1,183,0.0,0
2024-07-03T00:00,27.3,88,33.4,0.00,0,3,5.1,172,0.0,0
2024-07-03T01:00,26.6,91,32.9,0.00,0,19,4.3,175,0.0,0
2024-07-03T02:00,26.2,94,32.3,0.00,0,2,5.4,176,0.0,0
2024-07-03T03:00,27.5,87,34.0,0.00,0,2,2.2,189,0.0,0
2024-07-03T04:00,27.2,89,33.8,0.00,0,0,2.5,172,0.0,0
2024-07-03T05:00,26.9,92,33.7,0.00,0,0,1.8,191,0.0,0
2024-07-03T06:00,26.5,95,33.6,0.00,0,0,1.1,252,20.0,1
2024-07-03T07:00,27.5,93,35.1,0.00,0,0,0.4,180,155.0,1
2024-07-03T08:00,28.9,84,36.1,0.00,0,16,1.0,135,349.0,1
2024-07-03T09:00,30.9,75,37.9,0.00,0,3,2.5,135,564.0,1
2024-07-03T10:00,32.3,68,40.6,0.00,0,6,1.6,117,726.0,1
2024-07-03T11:00,33.9,61,42.4,0.00,0,4,2.2,99,846.0,1
2024-07-03T12:00,35.3,53,43.2,0.00,0,1,5.0,120,932.0,1
2024-07-03T13:00,36.2,46,42.7,0.00,0,10,8.1,148,943.0,1
2024-07-03T14:00,36.0,47,41.3,0.00,0,14,11.8,168,834.0,1
2024-07-03T15:00,35.5,49,40.1,0.00,1,20,14.5,174,740.0,1
2024-07-03T16:00,34.7,54,38.9,0.00,0,3,14.1,176,599.0,1
2024-07-03T17:00,33.5,60,38.2,0.00,0,5,12.6,177,414.0,1
2024-07-03T18:00,32.1,68,37.6,0.00,0,12,10.2,170,214.0,1
2024-07-03T19:00,30.5,73,36.3,0.00,1,24,7.6,161,46.0,0
2024-07-03T20:00,29.5,79,35.5,0.00,1,40,7.6,155,0.0,0
2024-07-03T21:00,29.6,78,35.5,0.00,0,15,7.6,155,0.0,0
2024-07-03T22:00,28.4,85,34.9,0.00,0,17,4.7,157,0.0,0
2024-07-03T23:00,27.5,92,34.2,0.00,0,13,4.9,163,0.0,0
2024-07-04T00:00,26.9,94,33.5,0.00,0,7,4.7,176,0.0,0
2024-07-04T01:00,26.5,97,33.3,0.00,0,2,4.0,185,0.0,0
2024-07-04T02:00,26.0,99,32.5,0.00,0,0,4.7,189,0.0,0
2024-07-04T03:00,25.6,100,32.0,0.00,0,0,4.7,180,0.0,0
2024-07-04T04:00,25.4,100,31.6,0.00,0,11,4.7,171,0.0,0
2024-07-04T05:00,25.0,100,31.1,0.00,0,4,4.7,184,0.0,0
2024-07-04T06:00,26.3,100,33.5,0.00,0,3,2.4,207,21.0,1
2024-07-04T07:00,27.5,93,34.8,0.00,0,0,1.8,180,153.0,1
2024-07-04T08:00,29.0,84,36.4,0.00,0,0,0.8,153,363.0,1
2024-07-04T09:00,30.8,75,38.1,0.00,0,0,1.0,315,564.0,1
2024-07-04T10:00,32.8,62,39.8,0.00,0,0,4.3,265,742.0,1
2024-07-04T11:00,34.7,50,41.4,0.00,0,0,5.1,266,874.0,1
2024-07-04T12:00,36.1,45,43.2,0.00,0,0,3.6,264,946.0,1
2024-07-04T13:00,37.0,43,44.8,0.00,0,1,0.4,360,952.0,1
2024-07-04T14:00,37.6,42,44.4,0.00,0,7,4.3,85,895.0,1
2024-07-04T15:00,37.7,43,43.6,0.00,1,46,7.2,108,770.0,1
2024-07-04T16:00,37.0,47,41.9,0.00,1,37,7.7,131,552.0,1
2024-07-04T17:00,36.0,52,41.4,0.00,0,10,6.5,146,396.0,1
2024-07-04T18:00,34.1,60,39.5,0.00,0,2,9.6,146,207.0,1
2024-07-04T19:00,32.4,65,37.7,0.00,0,2,10.0,142,46.0,0
2024-07-04T20:00,31.0,74,37.1,0.00,0,1,7.7,139,0.0,0
2024-07-04T21:00,30.8,77,37.3,0.00,0,0,7.1,139,0.0,0
2024-07-04T22:00,29.9,82,36.8,0.00,0,0,6.0,147,0.0,0
2024-07-04T23:00,29.1,86,36.3,0.00,0,0,4.3,156,0.0,0
2024-07-05T00:00,28.4,90,35.5,0.00,0,0,4.4,171,0.0,0
2024-07-05T01:00,28.2,91,35.5,0.00,0,0,3.7,169,0.0,0
2024-07-05T02:00,28.8,89,36.4,0.00,0,2,2.6,196,0.0,0
2024-07-05T03:00,27.9,93,35.1,0.00,0,0,3.4,198,0.0,0
2024-07-05T04:00,28.1,93,35.8,0.00,0,0,2.8,220,0.0,0
2024-07-05T05:00,27.0,96,34.2,0.00,0,1,3.5,246,0.0,0
2024-07-05T06:00,27.6,96,35.5,0.00,0,3,1.6,243,22.0,1
2024-07-05T07:00,29.0,89,36.9,0.00,0,2,0.5,225,167.0,1
2024-07-05T08:00,30.2,84,38.3,0.00,0,1,0.4,90,370.0,1
2024-07-05T09:00,32.0,75,40.0,0.00,0,0,1.5,76,573.0,1
2024-07-05T10:00,33.5,67,42.2,0.00,0,9,2.2,81,740.0,1
2024-07-05T11:00,34.5,59,42.8,0.00,0,11,3.6,84,812.0,1
2024-07-05T12:00,35.3,55,43.3,0.00,0,8,5.6,75,893.0,1
2024-07-05T13:00,35.9,52,43.4,0.00,0,12,7.8,77,907.0,1
2024-07-05T14:00,36.4,51,43.4,0.00,0,11,8.3,85,846.0,1
2024-07-05T15:00,37.0,48,43.1,0.00,0,11,8.5,102,739.0,1
2024-07-05T16:00,36.8,48,41.7,0.00,0,10,10.1,125,581.0,1
2024-07-05T17:00,35.6,54,40.5,0.00,0,1,11.5,136,415.0,1
2024-07-05T18:00,33.7,61,38.7,0.00,0,1,12.7,133,216.0,1
2024-07-05T19:00,31.9,67,37.2,0.00,0,0,9.9,136,47.0,0
2024-07-05T20:00,30.3,75,36.4,0.00,0,0,5.9,128,0.0,0
2024-07-05T21:00,30.1,80,37.0,0.00,1,20,4.8,103,0.0,0
2024-07-05T22:00,29.5,85,36.6,0.00,1,23,5.4,110,0.0,0
2024-07-05T23:00,29.0,86,35.9,0.00,0,9,5.1,141,0.0,0
2024-07-06T00:00,29.2,84,36.1,0.00,0,2,4.0,180,0.0,0
2024-07-06T01:00,28.1,89,35.1,0.00,0,3,4.0,190,0.0,0
2024-07-06T02:00,27.3,93,34.1,0.00,0,0,4.0,190,0.0,0
2024-07-06T03:00,27.1,95,34.3,0.00,0,0,3.2,207,0.0,0
2024-07-06T04:00,26.4,98,33.2,0.00,0,0,3.3,229,0.0,0
2024-07-06T05:00,26.1,99,32.9,0.00,0,0,3.4,212,0.0,0
2024-07-06T06:00,26.5,99,33.9,0.00,0,0,2.3,219,21.0,1
2024-07-06T07:00,28.2,89,35.6,0.00,0,0,0.8,297,164.0,1
2024-07-06T08:00,30.0,80,37.2,0.00,0,0,1.8,11,370.0,1
2024-07-06T09:00,32.2,68,39.2,0.00,0,0,1.5,166,572.0,1
2024-07-06T10:00,34.2,54,40.4,0.00,0,0,5.6,225,742.0,1
2024-07-06T11:00,35.7,47,41.5,0.00,1,24,9.7,222,867.0,1
2024-07-06T12:00,36.6,45,42.2,0.00,0,18,10.5,207,871.0,1
2024-07-06T13:00,36.8,45,42.4,0.00,1,22,12.2,199,901.0,1
2024-07-06T14:00,36.8,47,42.5,0.00,0,13,13.2,197,872.0,1
2024-07-06T15:00,36.1,48,40.7,0.00,0,8,14.2,196,738.0,1
2024-07-06T16:00,35.3,52,39.6,0.00,0,4,14.1,183,574.0,1
2024-07-06T17:00,34.2,57,38.3,0.00,0,11,14.9,172,401.0,1
2024-07-06T18:00,32.5,62,36.9,0.00,0,10,13.5,171,211.0,1
2024-07-06T19:00,31.1,66,35.6,0.00,0,2,11.4,162,46.0,0
2024-07-06T20:00,29.9,73,34.7,0.00,0,1,10.9,163,0.0,0
2024-07-06T21:00,29.5,77,35.0,0.00,0,1,8.8,171,0.0,0
2024-07-06T22:00,28.6,82,34.7,0.00,0,2,5.9,169,0.0,0
2024-07-06T23:00,27.8,87,34.2,0.00,0,0,4.3,156,0.0,0
2024-07-07T00:00,27.1,91,33.5,0.00,0,0,4.5,151,0.0,0
2024-07-07T01:00,26.4,94,32.6,0.00,0,1,4.9,163,0.0,0
2024-07-07T02:00,25.9,95,31.8,0.00,0,0,5.5,169,0.0,0
2024-07-07T03:00,26.1,95,32.4,0.00,0,0,4.0,180,0.0,0
2024-07-07T04:00,26.1,97,33.1,0.00,0,0,1.5,225,0.0,0
2024-07-07T05:00,25.0,100,31.3,0.00,3,98,3.4,288,0.0,0
2024-07-07T06:00,25.5,100,32.0,0.00,3,98,4.0,297,21.0,1
2024-07-07T07:00,27.3,90,34.2,0.00,0,15,1.6,333,160.0,1
2024-07-07T08:00,28.9,82,35.7,0.00,0,4,1.8,360,367.0,1
2024-07-07T09:00,30.8,74,38.0,0.00,0,0,0.8,63,570.0,1
2024-07-07T10:00,32.7,65,40.5,0.00,0,5,2.6,164,733.0,1
2024-07-07T11:00,34.7,53,41.6,0.00,0,8,5.4,180,841.0,1
2024-07-07T12:00,36.1,48,42.8,0.00,0,19,8.0,172,916.0,1
2024-07-07T13:00,35.8,47,40.3,0.00,0,19,16.8,170,886.0,1
2024-07-07T14:00,35.1,51,40.2,0.00,1,20,13.2,202,776.0,1
2024-07-07T15:00,35.5,51,40.5,0.00,1,35,13.4,188,752.0,1
2024-07-07T16:00,34.7,54,39.2,0.00,1,24,12.4,188,570.0,1
2024-07-07T17:00,33.5,60,38.5,0.40,51,40,11.6,173,373.0,1
2024-07-07T18:00,32.5,63,37.6,0.00,0,17,9.7,178,190.0,1
2024-07-07T19:00,31.3,66,36.2,0.00,0,6,9.1,171,41.0,0
2024-07-07T20:00,29.8,74,35.4,0.00,0,4,6.3,167,0.0,0
2024-07-07T21:00,30.0,77,35.9,0.00,0,10,8.6,158,0.0,0
2024-07-07T22:00,29.2,81,35.6,0.00,0,3,5.6,165,0.0,0
2024-07-07T23:00,28.5,85,35.0,0.00,0,0,5.0,159,0.0,0
2024-07-08T00:00,27.9,88,34.4,0.00,0,0,4.8,153,0.0,0
2024-07-08T01:00,27.2,90,33.6,0.00,0,0,4.5,166,0.0,0
2024-07-08T02:00,26.6,92,32.8,0.00,0,0,4.7,176,0.0,0
2024-07-08T03:00,26.1,93,32.1,0.00,0,0,4.7,184,0.0,0
2024-07-08T04:00,26.1,93,32.3,0.00,0,0,3.6,174,0.0,0
2024-07-08T05:00,25.7,95,31.9,0.00,0,0,3.2,207,0.0,0
2024-07-08T06:00,26.2,94,32.8,0.00,0,0,2.5,270,19.0,1
2024-07-08T07:00,27.5,89,34.5,0.00,0,0,0.4,270,154.0,1
2024-07-08T08:00,29.1,80,36.0,0.00,0,0,0.8,243,361.0,1
2024-07-08T09:00,31.3,71,38.3,0.00,0,12,0.8,153,564.0,1
2024-07-08T10:00,33.0,60,40.1,0.00,0,16,1.5,194,711.0,1
2024-07-08T11:00,34.8,52,42.2,0.00,0,13,1.1,180,839.0,1
2024-07-08T12:00,36.0,46,42.8,0.00,1,22,4.4,171,890.0,1
2024-07-08T13:00,35.9,46,41.0,0.00,1,22,12.6,182,879.0,1
2024-07-08T14:00,34.7,49,39.1,0.00,0,13,16.1,214,847.0,1
2024-07-08T15:00,36.0,48,41.3,0.00,1,22,10.3,209,742.0,1
2024-07-08T16:00,35.0,49,38.0,0.00,1,29,14.6,189,532.0,1
2024-07-08T17:00,33.4,55,37.2,0.00,1,27,12.3,185,353.0,1
2024-07-08T18:00,32.3,61,36.7,0.00,1,22,10.9,174,176.0,1
2024-07-08T19:00,31.4,65,36.0,0.00,3,90,10.2,162,39.0,0
2024-07-08T20:00,30.2,71,35.0,0.00,3,92,10.2,162,0.0,0
2024-07-08T21:00,29.0,80,35.6,0.00,0,3,1.8,323,0.0,0
2024-07-08T22:00,28.5,85,35.4,0.00,0,6,2.3,129,0.0,0
2024-07-08T23:00,28.1,85,34.4,0.00,0,5,5.6,153,0.0,0
2024-07-09T00:00,27.6,87,33.8,0.00,0,0,4.4,171,0.0,0
2024-07-09T01:00,26.6,91,32.7,0.00,0,0,5.1,176,0.0,0
2024-07-09T02:00,26.1,93,32.0,0.00,0,0,5.1,176,0.0,0
2024-07-09T03:00,25.9,94,31.8,0.00,0,0,4.7,176,0.0,0
2024-07-09T04:00,25.3,96,31.1,0.00,0,0,4.3,180,0.0,0
2024-07-09T05:00,25.0,98,30.8,0.00,0,0,4.2,200,0.0,0
2024-07-09T06:00,26.0,97,32.6,0.00,0,1,3.1,216,19.0,1
2024-07-09T07:00,27.1,91,33.9,0.00,0,0,2.1,239,147.0,1
2024-07-09T08:00,28.6,81,35.2,0.00,0,5,1.4,270,360.0,1
2024-07-09T09:00,30.4,72,36.5,0.00,0,12,2.7,157,558.0,1
2024-07-09T10:00,32.0,64,39.1,0.00,0,5,3.3,167,736.0,1
2024-07-09T11:00,33.8,57,41.3,0.00,3,96,3.6,217,849.0,1
2024-07-09T12:00,35.3,47,41.6,0.00,2,78,6.1,230,889.0,1
2024-07-09T13:00,36.2,44,41.9,0.00,3,99,8.1,212,910.0,1
2024-07-09T14:00,36.5,43,41.5,0.00,3,100,10.0,201,848.0,1
2024-07-09T15:00,36.5,42,40.8,0.00,3,100,11.2,201,768.0,1
2024-07-09T16:00,36.4,44,40.0,0.00,3,98,11.4,167,602.0,1
2024-07-09T17:00,33.9,53,37.4,0.00,3,99,13.4,188,367.0,1
2024-07-09T18:00,33.0,58,37.5,0.00,3,100,9.7,165,198.0,1
2024-07-09T19:00,31.5,64,35.6,0.00,3,100,13.4,160,44.0,0
2024-07-09T20:00,30.4,69,34.7,0.00,3,100,11.8,168,0.0,0
2024-07-09T21:00,29.7,73,34.8,0.00,3,98,8.3,180,0.0,0
2024-07-09T22:00,28.9,77,34.6,0.00,3,98,4.3,180,0.0,0
2024-07-09T23:00,28.1,81,34.1,0.00,3,91,4.0,170,0.0,0
2024-07-10T00:00,27.8,84,33.7,0.00,3,100,4.4,171,0.0,0
2024-07-10T01:00,27.4,87,33.5,0.00,3,100,4.4,171,0.0,0
2024-07-10T02:00,26.6,93,32.9,0.00,3,100,4.4,171,0.0,0
2024-07-10T03:00,26.1,93,32.1,0.00,3,100,4.2,200,0.0,0
2024-07-10T04:00,25.8,93,31.5,0.00,3,100,4.2,211,0.0,0
2024-07-10T05:00,25.1,94,30.4,0.00,3,100,5.3,208,0.0,0
2024-07-10T06:00,26.2,92,32.5,0.00,2,56,2.6,214,19.0,1
2024-07-10T07:00,27.9,83,33.9,0.00,1,38,3.0,194,161.0,1
2024-07-10T08:00,29.5,73,35.5,0.00,1,37,1.8,180,368.0,1
2024-07-10T09:00,31.4,67,37.7,0.00,0,14,1.8,169,572.0,1
2024-07-10T10:00,33.6,54,39.6,0.00,1,42,5.0,210,744.0,1
2024-07-10T11:00,35.5,45,41.1,0.00,2,58,6.9,208,862.0,1
2024-07-10T12:00,36.6,42,42.2,0.00,1,26,8.9,201,909.0,1
2024-07-10T13:00,37.1,42,42.8,0.00,1,42,9.2,191,917.0,1
2024-07-10T14:00,37.0,42,42.3,0.00,2,60,10.0,193,850.0,1
2024-07-10T15:00,36.5,44,41.0,0.00,2,64,11.9,177,735.0,1
2024-07-10T16:00,35.1,51,38.5,0.00,2,53,16.0,172,548.0,1
2024-07-10T17:00,33.8,57,37.7,0.00,2,69,16.2,180,404.0,1
2024-07-10T18:00,32.4,64,36.8,0.00,3,100,15.1,179,199.0,1
2024-07-10T19:00,31.0,68,35.9,0.00,2,53,11.0,169,43.0,0
2024-07-10T20:00,29.9,73,35.2,0.00,3,99,7.9,164,0.0,0
2024-07-10T21:00,29.6,74,35.0,0.00,3,100,7.9,156,0.0,0
2024-07-10T22:00,28.8,78,34.4,0.00,3,100,6.3,156,0.0,0
2024-07-10T23:00,28.1,82,34.1,0.00,3,100,4.2,160,0.0,0
2024-07-11T00:00,27.2,87,33.3,0.00,3,100,4.2,160,0.0,0
2024-07-11T01:00,26.8,89,32.9,0.00,3,100,4.2,160,0.0,0
2024-07-11T02:00,26.3,92,32.3,0.00,1,28,4.7,171,0.0,0
2024-07-11T03:00,27.0,88,33.3,0.00,3,91,2.0,225,0.0,0
2024-07-11T04:00,26.6,90,32.8,0.00,2,70,2.6,254,0.0,0
2024-07-11T05:00,25.1,96,30.7,0.00,1,25,4.7,184,0.0,0
2024-07-11T06:00,26.0,93,32.1,0.00,2,73,3.4,198,18.0,1
2024-07-11T07:00,27.8,85,34.4,0.00,2,53,1.1,198,155.0,1
2024-07-11T08:00,29.5,77,36.2,0.00,1,26,1.3,56,360.0,1
2024-07-11T09:00,31.5,70,38.3,0.00,1,23,1.3,124,563.0,1
2024-07-11T10:00,33.0,63,40.4,0.00,1,25,2.3,231,677.0,1
2024-07-11T11:00,34.8,53,41.5,0.10,51,13,5.4,274,789.0,1
2024-07-11T12:00,36.2,46,42.7,0.00,0,18,5.8,270,856.0,1
2024-07-11T13:00,37.3,43,43.9,0.00,1,31,6.3,246,921.0,1
2024-07-11T14:00,38.2,40,43.6,0.00,1,43,9.5,209,852.0,1
2024-07-11T15:00,35.5,49,39.5,0.20,51,91,16.1,196,732.0,1
2024-07-11T16:00,35.7,48,39.3,0.10,51,99,13.7,177,545.0,1
2024-07-11T17:00,34.1,57,38.1,0.00,2,71,15.9,183,359.0,1
2024-07-11T18:00,33.3,58,38.1,0.00,3,100,9.1,198,167.0,1
2024-07-11T19:00,32.2,61,37.0,0.00,3,100,6.8,180,43.0,0
2024-07-11T20:00,31.3,65,36.4,0.00,3,100,6.2,170,0.0,0
2024-07-11T21:00,31.1,70,36.9,0.00,3,100,6.2,170,0.0,0
2024-07-11T22:00,30.2,74,36.2,0.00,3,100,5.9,169,0.0,0
2024-07-11T23:00,29.3,80,35.7,0.00,3,98,4.2,160,0.0,0
2024-07-12T00:00,28.9,84,35.4,0.00,3,97,4.7,157,0.0,0
2024-07-12T01:00,28.1,89,35.0,0.00,3,100,4.0,170,0.0,0
2024-07-12T02:00,27.6,91,34.5,0.00,3,99,3.6,186,0.0,0
2024-07-12T03:00,27.0,93,33.6,0.00,2,68,4.7,184,0.0,0
2024-07-12T04:00,26.6,94,33.1,0.00,2,72,4.7,184,0.0,0
2024-07-12T05:00,26.5,94,32.8,0.00,2,78,4.3,204,0.0,0
2024-07-12T06:00,27.5,91,34.5,0.00,3,100,2.1,211,18.0,1
2024-07-12T07:00,28.9,84,35.9,0.00,3,100,1.8,180,145.0,1
2024-07-12T08:00,30.5,75,37.2,0.00,3,100,2.4,153,326.0,1
2024-07-12T09:00,32.1,66,38.3,0.00,3,100,3.3,167,517.0,1
2024-07-12T10:00,33.7,59,40.4,0.00,3,100,3.8,197,659.0,1
2024-07-12T11:00,35.2,51,41.6,0.00,3,100,5.4,222,764.0,1
2024-07-12T12:00,36.4,45,42.1,0.00,3,94,7.7,217,815.0,1
2024-07-12T13:00,37.2,43,42.8,0.00,3,95,7.4,209,808.0,1
2024-07-12T14:00,38.2,39,44.0,0.00,3,96,6.6,189,849.0,1
2024-07-12T15:00,38.3,38,42.3,0.00,3,100,11.3,171,733.0,1
2024-07-12T16:00,35.2,48,38.3,0.00,3,100,15.1,181,408.0,1
2024-07-12T17:00,34.2,55,38.2,0.00,3,100,13.8,174,268.0,1
2024-07-12T18:00,32.8,62,37.5,0.00,3,100,12.7,173,101.0,1
2024-07-12T19:00,32.1,63,37.1,0.00,3,100,8.7,175,21.0,0
2024-07-12T20:00,31.2,67,36.5,0.00,3,100,7.4,151,0.0,0
2024-07-12T21:00,30.5,74,36.2,0.00,3,100,8.2,157,0.0,0
2024-07-12T22:00,29.9,77,36.1,0.10,51,85,5.2,155,0.0,0
2024-07-12T23:00,29.0,82,35.5,0.00,3,100,3.9,158,0.0,0
2024-07-13T00:00,28.5,85,35.1,0.00,3,100,3.9,158,0.0,0
2024-07-13T01:00,28.5,84,34.8,0.00,3,100,4.5,151,0.0,0
2024-07-13T02:00,27.6,89,34.2,0.00,3,100,4.4,145,0.0,0
2024-07-13T03:00,27.4,90,34.0,0.00,3,96,3.9,146,0.0,0
2024-07-13T04:00,27.0,92,33.6,0.00,2,56,4.2,160,0.0,0
2024-07-13T05:00,26.7,93,33.1,0.00,2,52,4.4,171,0.0,0
2024-07-13T06:00,27.8,89,34.8,0.00,3,100,1.3,146,15.0,1
2024-07-13T07:00,28.9,83,35.9,0.00,3,99,1.9,158,144.0,1
2024-07-13T08:00,30.5,76,37.4,0.00,3,90,2.4,153,338.0,1
2024-07-13T09:00,32.5,67,39.3,0.00,3,85,2.2,171,542.0,1
2024-07-13T10:00,34.5,55,41.3,0.00,1,33,3.3,193,727.0,1
2024-07-13T11:00,36.2,45,42.9,0.00,1,34,2.6,214,847.0,1
2024-07-13T12:00,37.6,40,43.8,0.00,2,63,6.3,204,918.0,1
2024-07-13T13:00,38.3,38,43.5,0.00,3,100,10.2,198,920.0,1
2024-07-13T14:00,38.5,37,42.6,0.00,3,100,13.4,194,833.0,1
2024-07-13T15:00,38.2,39,41.5,0.00,3,97,14.6,190,700.0,1
2024-07-13T16:00,37.0,42,39.8,0.00,3,100,15.5,175,528.0,1
2024-07-13T17:00,34.5,57,38.9,0.00,3,100,14.6,170,252.0,1
2024-07-13T18:00,34.1,58,39.3,0.00,3,100,9.2,159,151.0,1
2024-07-13T19:00,32.7,62,37.4,0.00,3,100,10.8,154,31.0,0
2024-07-13T20:00,31.2,69,36.6,0.00,3,100,9.0,143,0.0,0
2024-07-13T21:00,27.4,88,32.5,0.60,53,100,12.2,161,0.0,0
2024-07-13T22:00,26.4,86,31.7,0.10,51,100,5.2,236,0.0,0
2024-07-13T23:00,26.0,89,31.9,0.00,3,100,2.1,239,0.0,0
2024-07-14T00:00,26.5,86,32.3,0.00,3,99,1.1,270,0.0,0
2024-07-14T01:00,26.0,91,32.0,0.00,3,100,2.4,297,0.0,0
2024-07-14T02:00,26.5,89,32.7,0.00,3,98,1.1,288,0.0,0
2024-07-14T03:00,26.5,90,32.9,0.00,3,100,1.6,243,0.0,0
2024-07-14T04:00,26.6,91,33.1,0.00,3,100,1.9,292,0.0,0
2024-07-14T05:00,26.6,92,33.5,0.00,3,99,0.4,270,0.0,0
2024-07-14T06:00,26.5,95,33.5,0.00,3,100,0.8,243,16.0,1
2024-07-14T07:00,27.6,89,34.7,0.00,3,100,1.1,360,141.0,1
2024-07-14T08:00,29.1,81,36.1,0.00,1,37,1.5,166,333.0,1
2024-07-14T09:00,31.8,74,39.4,0.00,3,96,2.1,31,555.0,1
2024-07-14T10:00,33.2,68,41.4,0.00,1,31,3.9,22,705.0,1
2024-07-14T11:00,34.3,61,42.6,0.00,3,99,4.5,29,817.0,1
2024-07-14T12:00,35.2,56,43.3,0.00,3,92,4.9,54,872.0,1
2024-07-14T13:00,35.9,51,43.2,0.00,0,9,4.8,63,847.0,1
2024-07-14T14:00,37.0,46,43.8,0.00,3,89,5.0,60,856.0,1
2024-07-14T15:00,37.9,44,43.4,0.00,3,93,10.2,138,771.0,1
2024-07-14T16:00,36.0,50,40.3,0.10,51,98,11.7,124,481.0,1
2024-07-14T17:00,35.5,51,39.9,0.00,3,99,10.8,150,331.0,1
2024-07-14T18:00,34.5,55,38.9,0.00,3,94,11.0,131,205.0,1
2024-07-14T19:00,32.8,58,37.2,0.00,3,99,9.4,130,41.0,0
2024-07-14T20:00,31.6,61,36.1,0.00,3,99,7.9,129,0.0,0
2024-07-14T21:00,29.5,77,35.8,0.10,51,99,2.4,63,0.0,0
2024-07-14T22:00,29.5,76,36.0,0.00,3,100,1.1,18,0.0,0
2024-07-14T23:00,28.1,87,34.7,0.00,3,100,4.4,9,0.0,0
2024-07-15T00:00,27.5,90,34.1,0.00,3,100,4.4,35,0.0,0
2024-07-15T01:00,27.2,92,33.9,0.00,3,100,3.7,61,0.0,0
2024-07-15T02:00,27.5,90,34.2,0.00,3,99,3.2,63,0.0,0
2024-07-15T03:00,27.6,89,34.4,0.00,3,98,2.7,23,0.0,0
2024-07-15T04:00,25.8,97,31.9,0.00,3,100,5.1,352,0.0,0
2024-07-15T05:00,26.9,94,33.8,0.00,3,100,2.5,352,0.0,0
2024-07-15T06:00,26.5,98,33.8,0.00,2,76,1.5,315,16.0,1
2024-07-15T07:00,27.9,89,34.9,0.00,2,68,2.7,293,149.0,1
2024-07-15T08:00,29.4,77,35.6,0.00,2,73,2.8,310,349.0,1
2024-07-15T09:00,30.9,68,37.2,0.00,1,44,0.0,270,565.0,1
2024-07-15T10:00,32.3,59,39.0,0.00,2,57,1.5,45,740.0,1
2024-07-15T11:00,33.6,54,40.9,0.00,3,100,2.3,108,875.0,1
2024-07-15T12:00,34.6,51,41.9,0.00,3,100,4.4,189,927.0,1
2024-07-15T13:00,35.8,48,42.5,0.00,3,100,6.3,204,890.0,1
2024-07-15T14:00,36.2,47,41.9,0.00,2,59,7.4,133,774.0,1
2024-07-15T15:00,35.2,53,40.2,0.00,1,27,15.3,109,733.0,1
2024-07-15T16:00,33.5,64,38.4,0.00,1,42,15.3,120,519.0,1
2024-07-15T17:00,32.8,65,37.7,0.00,3,97,14.6,110,394.0,1
2024-07-15T18:00,31.4,69,36.3,0.00,3,100,12.0,99,191.0,1
2024-07-15T19:00,30.1,72,35.5,0.00,3,100,7.9,90,38.0,0
2024-07-15T20:00,29.4,75,35.2,0.00,3,100,4.5,76,0.0,0
2024-07-15T21:00,29.3,77,35.3,0.00,3,100,4.3,66,0.0,0
2024-07-15T22:00,28.5,83,35.0,0.00,3,100,3.1,54,0.0,0
2024-07-15T23:00,28.7,79,34.9,0.00,3,100,2.2,360,0.0,0
2024-07-16T00:00,27.0,90,33.2,0.00,3,99,4.3,312,0.0,0
2024-07-16T01:00,26.6,91,32.8,0.00,3,100,4.1,285,0.0,0
2024-07-16T02:00,26.7,91,33.0,0.00,3,100,3.7,299,0.0,0
2024-07-16T03:00,26.2,93,32.3,0.00,3,97,3.9,304,0.0,0
2024-07-16T04:00,25.7,95,31.7,0.00,3,84,4.3,275,0.0,0
2024-07-16T05:00,26.5,91,32.7,0.00,2,76,2.9,277,0.0,0
2024-07-16T06:00,26.6,91,33.1,0.00,1,36,2.7,337,15.0,1
2024-07-16T07:00,28.2,81,34.4,0.00,2,52,2.2,360,147.0,1
2024-07-16T08:00,29.7,72,35.7,0.00,1,41,1.8,323,340.0,1
2024-07-16T09:00,30.7,69,36.5,0.00,3,100,3.3,354,454.0,1
2024-07-16T10:00,32.1,63,39.1,0.00,3,95,1.4,360,697.0,1
2024-07-16T11:00,33.7,55,41.1,0.00,0,4,0.8,153,808.0,1
2024-07-16T12:00,34.7,51,42.4,0.00,0,2,1.8,143,913.0,1
2024-07-16T13:00,35.5,49,42.6,0.00,2,56,4.3,90,901.0,1
2024-07-16T14:00,36.2,47,42.6,0.00,2,74,1.3,56,709.0,1
2024-07-16T15:00,33.5,57,37.5,0.50,53,86,14.6,123,517.0,1
2024-07-16T16:00,31.1,67,35.6,0.10,51,35,11.9,183,307.0,1
2024-07-16T17:00,32.3,61,37.9,0.00,0,19,2.5,172,329.0,1
2024-07-16T18:00,32.0,63,37.5,0.00,1,21,5.8,120,191.0,1
2024-07-16T19:00,31.2,66,36.5,0.00,2,51,6.1,130,41.0,0
2024-07-16T20:00,30.2,74,36.4,0.40,51,29,4.7,99,0.0,0
2024-07-16T21:00,27.3,83,32.9,0.20,51,78,4.2,59,0.0,0
2024-07-16T22:00,26.8,86,32.7,0.10,51,44,2.6,196,0.0,0
2024-07-16T23:00,26.1,91,32.1,0.00,0,18,3.3,264,0.0,0
2024-07-17T00:00,25.8,93,31.7,0.00,0,9,3.7,281,0.0,0
2024-07-17T01:00,26.8,88,32.8,0.00,0,4,2.7,247,0.0,0
2024-07-17T02:00,26.9,87,32.9,0.00,0,7,2.6,286,0.0,0
2024-07-17T03:00,26.9,87,33.0,0.00,0,4,1.8,281,0.0,0
2024-07-17T04:00,26.7,89,33.1,0.00,0,5,0.7,180,0.0,0
2024-07-17T05:00,26.5,90,33.1,0.00,1,23,0.7,270,0.0,0
2024-07-17T06:00,26.5,91,32.9,0.00,1,30,1.1,288,16.0,1
2024-07-17T07:00,27.2,88,33.7,0.00,1,47,2.3,288,152.0,1
2024-07-17T08:00,28.5,84,35.4,0.00,0,2,1.1,270,358.0,1
2024-07-17T09:00,30.6,74,37.3,0.00,0,5,2.7,113,561.0,1
2024-07-17T10:00,32.7,60,39.2,0.10,51,12,4.4,145,721.0,1
2024-07-17T11:00,34.8,50,41.3,0.00,0,13,4.6,129,819.0,1
2024-07-17T12:00,36.3,46,42.7,0.00,0,16,5.5,122,847.0,1
2024-07-17T13:00,37.3,43,43.8,0.00,1,22,6.7,126,903.0,1
2024-07-17T14:00,37.8,41,43.0,0.00,1,25,10.5,142,840.0,1
2024-07-17T15:00,37.3,42,41.7,0.00,1,29,9.8,144,683.0,1
2024-07-17T16:00,35.2,49,38.2,0.10,51,13,15.7,171,482.0,1
2024-07-17T17:00,35.2,49,38.5,0.00,0,17,14.2,171,394.0,1
2024-07-17T18:00,33.8,54,37.4,0.10,51,13,13.0,177,201.0,1
2024-07-17T19:00,32.5,57,36.2,0.00,0,7,11.4,169,40.0,0
2024-07-17T20:00,31.2,62,35.4,0.00,0,4,9.0,164,0.0,0
2024-07-17T21:00,31.3,61,35.6,0.00,0,4,7.9,180,0.0,0
2024-07-17T22:00,30.3,66,35.1,0.00,0,0,5.2,168,0.0,0
2024-07-17T23:00,28.9,75,34.3,0.00,0,0,4.7,157,0.0,0
2024-07-18T00:00,28.0,79,33.4,0.00,0,0,4.9,163,0.0,0
2024-07-18T01:00,27.1,85,32.7,0.00,0,0,5.1,176,0.0,0
2024-07-18T02:00,26.5,87,32.2,0.00,0,0,4.4,215,0.0,0
2024-07-18T03:00,26.3,89,32.1,0.00,0,0,3.6,264,0.0,0
2024-07-18T04:00,25.5,92,31.2,0.00,0,0,4.0,275,0.0,0
2024-07-18T05:00,25.6,90,31.3,0.00,0,1,3.1,249,0.0,0
2024-07-18T06:00,25.8,95,32.1,0.00,0,0,1.5,256,15.0,1
2024-07-18T07:00,27.9,80,34.0,0.00,0,1,0.7,270,150.0,1
2024-07-18T08:00,30.0,70,36.0,0.00,0,0,0.4,180,357.0,1
2024-07-18T09:00,32.2,61,38.1,0.00,0,5,1.3,146,563.0,1
2024-07-18T10:00,34.7,48,40.4,0.00,0,1,2.8,230,740.0,1
2024-07-18T11:00,36.7,38,42.0,0.00,0,0,3.9,236,874.0,1
2024-07-18T12:00,38.1,33,43.3,0.00,0,0,5.2,205,949.0,1
2024-07-18T13:00,39.2,30,43.8,0.00,0,0,7.2,186,961.0,1
2024-07-18T14:00,39.7,30,43.4,0.00,0,1,10.1,180,905.0,1
2024-07-18T15:00,39.7,29,42.0,0.00,0,4,14.1,184,787.0,1
2024-07-18T16:00,39.0,31,40.3,0.00,0,7,15.6,188,611.0,1
2024-07-18T17:00,37.4,38,39.3,0.00,0,9,15.9,183,405.0,1
2024-07-18T18:00,35.3,49,38.5,0.00,0,8,15.3,171,202.0,1
2024-07-18T19:00,33.3,57,37.2,0.00,0,6,13.7,166,41.0,0
2024-07-18T20:00,32.0,62,36.8,0.00,0,6,8.2,157,0.0,0
2024-07-18T21:00,31.8,65,37.0,0.00,0,8,7.1,165,0.0,0
2024-07-18T22:00,30.6,69,36.2,0.00,0,1,4.6,162,0.0,0
2024-07-18T23:00,29.6,74,35.2,0.00,0,0,5.2,155,0.0,0
2024-07-19T00:00,28.8,78,34.4,0.00,0,0,5.6,165,0.0,0
2024-07-19T01:00,27.9,82,33.5,0.00,0,0,5.5,191,0.0,0
2024-07-19T02:00,27.5,82,33.0,0.00,0,0,4.5,209,0.0,0
2024-07-19T03:00,27.1,83,32.7,0.00,0,0,4.1,218,0.0,0
2024-07-19T04:00,26.9,85,32.5,0.00,0,0,3.8,229,0.0,0
2024-07-19T05:00,27.1,84,33.0,0.00,0,0,2.7,247,0.0,0
2024-07-19T06:00,26.4,94,33.0,0.00,0,0,2.3,252,15.0,1
2024-07-19T07:00,28.7,79,35.2,0.00,0,0,0.5,225,152.0,1
2024-07-19T08:00,30.6,71,37.0,0.00,0,0,1.4,90,356.0,1
2024-07-19T09:00,32.8,63,39.0,0.00,0,0,2.6,106,560.0,1
2024-07-19T10:00,34.8,53,41.7,0.00,0,0,2.4,117,736.0,1
2024-07-19T11:00,36.9,44,43.7,0.00,0,0,3.3,131,866.0,1
2024-07-19T12:00,38.6,37,45.0,0.00,0,0,4.0,175,936.0,1
2024-07-19T13:00,39.2,34,44.4,0.00,0,18,8.3,214,945.0,1
2024-07-19T14:00,38.2,36,41.7,0.00,1,41,14.6,200,856.0,1
2024-07-19T15:00,38.1,36,41.8,0.00,1,21,8.7,197,690.0,1
2024-07-19T16:00,38.3,37,41.3,0.00,1,30,9.9,190,578.0,1
2024-07-19T17:00,37.2,41,40.3,0.00,1,22,10.9,186,391.0,1
2024-07-19T18:00,36.2,46,40.5,0.00,0,6,6.6,167,203.0,1
2024-07-19T19:00,34.3,53,38.2,0.00,0,6,12.6,156,42.0,0
2024-07-19T20:00,32.5,63,37.8,0.00,0,4,7.3,160,0.0,0
2024-07-19T21:00,31.8,65,37.4,0.00,0,7,5.2,124,0.0,0
2024-07-19T22:00,30.6,74,36.8,0.00,0,2,5.2,146,0.0,0
2024-07-19T23:00,30.0,78,36.5,0.00,0,14,4.8,167,0.0,0
2024-07-20T00:00,30.4,72,36.8,0.00,1,28,1.3,214,0.0,0
2024-07-20T01:00,28.9,81,35.4,0.00,0,11,3.6,217,0.0,0
2024-07-20T02:00,28.0,87,34.6,0.00,0,10,3.9,214,0.0,0
2024-07-20T03:00,28.0,88,34.7,0.00,2,50,3.3,221,0.0,0
2024-07-20T04:00,26.9,93,33.4,0.00,1,39,4.2,211,0.0,0
2024-07-20T05:00,27.1,93,34.1,0.00,1,32,3.0,256,0.0,0
2024-07-20T06:00,26.5,97,33.7,0.00,3,91,2.5,270,15.0,1
2024-07-20T07:00,29.1,80,35.8,0.00,0,15,1.6,207,152.0,1
2024-07-20T08:00,30.9,69,36.9,0.00,1,24,3.1,135,357.0,1
2024-07-20T09:00,32.5,64,38.5,0.00,1,37,4.3,132,551.0,1
2024-07-20T10:00,34.0,57,40.9,0.00,0,15,4.0,117,722.0,1
2024-07-20T11:00,35.3,52,42.7,0.00,0,9,4.3,85,847.0,1
2024-07-20T12:00,36.4,48,43.2,0.00,0,18,6.9,62,879.0,1
2024-07-20T13:00,37.6,44,44.1,0.00,0,19,8.3,72,907.0,1
2024-07-20T14:00,38.5,40,43.8,0.00,1,38,11.0,79,823.0,1
2024-07-20T15:00,39.0,40,43.5,0.00,1,35,12.6,92,732.0,1
2024-07-20T16:00,38.2,39,42.4,0.00,1,43,4.9,126,535.0,1
2024-07-20T17:00,38.8,39,43.3,0.00,1,32,4.3,95,361.0,1
2024-07-20T18:00,36.3,46,40.5,0.00,1,23,9.2,154,174.0,1
2024-07-20T19:00,34.8,52,39.3,0.00,0,12,8.7,107,36.0,0
2024-07-20T20:00,33.3,58,38.4,0.00,0,7,7.0,102,0.0,0
2024-07-20T21:00,31.8,66,37.6,0.00,0,5,4.7,86,0.0,0
2024-07-20T22:00,31.0,71,37.1,0.00,0,5,4.1,75,0.0,0
2024-07-20T23:00,30.0,77,36.5,0.00,0,0,4.8,48,0.0,0
2024-07-21T00:00,29.4,79,35.6,0.00,0,17,4.8,42,0.0,0
2024-07-21T01:00,28.6,84,35.1,0.00,0,2,4.6,39,0.0,0
2024-07-21T02:00,28.1,87,34.7,0.00,0,0,4.7,23,0.0,0
2024-07-21T03:00,27.6,90,34.3,0.00,0,3,4.7,360,0.0,0
2024-07-21T04:00,27.2,93,34.0,0.00,1,25,4.9,343,0.0,0
2024-07-21T05:00,27.5,90,34.2,0.00,0,4,4.0,360,0.0,0
2024-07-21T06:00,27.9,93,35.5,0.00,0,9,1.6,27,14.0,1
2024-07-21T07:00,29.2,82,36.2,0.00,0,15,2.2,360,141.0,1
2024-07-21T08:00,30.6,75,37.2,0.00,0,3,4.7,360,329.0,1
2024-07-21T09:00,32.3,67,39.0,0.00,0,10,1.8,11,519.0,1
2024-07-21T10:00,34.0,60,41.6,0.00,0,9,1.1,90,695.0,1
2024-07-21T11:00,35.3,55,43.1,0.00,0,11,3.9,112,819.0,1
2024-07-21T12:00,36.3,50,43.3,0.00,0,10,8.4,121,877.0,1
2024-07-21T13:00,36.5,49,42.4,0.00,0,10,13.0,114,855.0,1
2024-07-21T14:00,36.1,50,41.2,0.00,0,7,15.9,108,802.0,1
2024-07-21T15:00,35.7,50,39.8,0.00,0,6,18.8,107,758.0,1
2024-07-21T16:00,34.2,54,37.8,0.00,0,14,17.0,107,576.0,1
2024-07-21T17:00,33.9,53,37.2,0.00,1,21,15.0,111,418.0,1
2024-07-21T18:00,32.6,55,35.7,0.00,0,18,13.7,117,213.0,1
2024-07-21T19:00,31.3,59,35.6,0.00,0,11,5.4,98,42.0,0
2024-07-21T20:00,30.1,67,35.1,0.00,0,13,4.1,105,0.0,0
2024-07-21T21:00,30.1,71,35.8,0.00,0,3,3.3,103,0.0,0
2024-07-21T22:00,29.1,79,35.3,0.00,0,3,4.4,81,0.0,0
2024-07-21T23:00,29.0,78,35.0,0.00,0,8,4.0,100,0.0,0
2024-07-22T00:00,29.0,77,35.3,0.00,2,60,1.6,27,0.0,0
2024-07-22T01:00,28.4,80,34.6,0.00,1,47,2.3,252,0.0,0
2024-07-22T02:00,28.0,82,34.2,0.00,1,35,2.2,279,0.0,0
2024-07-22T03:00,27.6,84,33.9,0.00,1,29,2.1,301,0.0,0
2024-07-22T04:00,27.3,87,33.7,0.00,0,1,1.8,281,0.0,0
2024-07-22T05:00,26.0,92,32.1,0.00,0,0,3.7,299,0.0,0
2024-07-22T06:00,26.1,95,32.7,0.00,0,1,2.4,297,14.0,1
2024-07-22T07:00,28.1,83,34.5,0.00,2,61,2.1,329,144.0,1
2024-07-22T08:00,29.8,76,36.1,0.00,2,57,2.5,352,352.0,1
2024-07-22T09:00,31.8,64,37.7,0.00,2,52,2.1,59,551.0,1
2024-07-22T10:00,33.2,58,39.2,0.00,1,29,2.3,129,597.0,1
2024-07-22T11:00,34.5,54,40.8,0.00,2,58,3.3,139,690.0,1
2024-07-22T12:00,35.3,51,41.6,0.00,0,19,3.9,124,708.0,1
2024-07-22T13:00,35.8,49,41.6,0.00,1,24,6.1,93,695.0,1
2024-07-22T14:00,36.0,50,42.0,0.00,1,25,11.4,101,812.0,1
2024-07-22T15:00,34.7,56,39.7,0.20,51,38,14.3,108,663.0,1
2024-07-22T16:00,34.2,55,37.6,0.00,0,15,16.9,102,527.0,1
2024-07-22T17:00,33.2,56,36.5,0.00,0,9,15.7,101,380.0,1
2024-07-22T18:00,32.0,61,35.7,0.00,0,3,14.3,102,205.0,1
2024-07-22T19:00,30.7,69,35.4,0.00,0,11,10.6,108,40.0,0
2024-07-22T20:00,30.2,72,35.6,0.00,1,39,7.2,96,0.0,0
2024-07-22T21:00,29.8,75,35.2,0.00,1,22,8.6,92,0.0,0
2024-07-22T22:00,29.5,77,35.3,0.00,2,73,5.8,86,0.0,0
2024-07-22T23:00,29.1,77,34.9,0.20,51,59,5.0,69,0.0,0
2024-07-23T00:00,28.6,79,34.6,0.20,51,75,3.8,41,0.0,0
2024-07-23T01:00,28.0,84,34.2,0.00,3,88,3.6,6,0.0,0
2024-07-23T02:00,27.4,88,33.6,0.00,2,70,4.3,336,0.0,0
2024-07-23T03:00,26.5,93,32.7,0.00,1,22,4.9,343,0.0,0
2024-07-23T04:00,26.1,93,32.1,0.00,1,34,4.8,347,0.0,0
2024-07-23T05:00,25.9,95,31.9,0.00,1,27,4.5,331,0.0,0
2024-07-23T06:00,26.5,93,32.9,0.00,0,11,3.6,315,13.0,1
2024-07-23T07:00,28.0,83,34.0,0.00,0,11,4.8,318,145.0,1
2024-07-23T08:00,29.8,73,35.4,0.00,2,70,5.5,11,339.0,1
2024-07-23T09:00,32.2,61,36.9,0.00,2,71,8.1,45,521.0,1
2024-07-23T10:00,33.8,55,39.1,0.00,3,94,6.9,51,640.0,1
2024-07-23T11:00,35.2,49,40.5,0.00,1,49,9.8,66,792.0,1
2024-07-23T12:00,35.5,49,40.5,0.10,51,46,13.6,68,822.0,1
2024-07-23T13:00,35.9,48,41.0,0.10,51,22,15.1,72,864.0,1
2024-07-23T14:00,36.0,49,40.9,0.00,0,16,16.2,77,837.0,1
2024-07-23T15:00,34.4,55,38.4,0.20,51,22,19.1,79,683.0,1
2024-07-23T16:00,33.5,57,37.0,0.10,51,52,18.4,79,565.0,1
2024-07-23T17:00,32.2,64,36.0,0.00,2,57,17.8,83,352.0,1
2024-07-23T18:00,31.2,67,35.8,0.00,3,91,12.9,77,179.0,1
2024-07-23T19:00,30.4,71,35.3,0.00,3,90,10.0,75,38.0,0
2024-07-23T20:00,29.8,73,35.2,0.00,3,93,6.6,61,0.0,0
2024-07-23T21:00,28.0,80,34.0,0.10,51,99,1.6,333,0.0,0
2024-07-23T22:00,27.9,82,33.6,0.10,51,100,4.6,321,0.0,0
2024-07-23T23:00,27.9,82,33.6,0.20,51,80,4.1,322,0.0,0
2024-07-24T00:00,27.5,84,33.2,0.10,51,70,5.1,321,0.0,0
2024-07-24T01:00,26.9,88,32.6,0.00,3,84,5.9,317,0.0,0
2024-07-24T02:00,27.0,86,32.4,0.00,3,100,7.2,323,0.0,0
2024-07-24T03:00,27.0,85,32.3,0.00,3,100,6.4,322,0.0,0
2024-07-24T04:00,26.6,86,32.0,0.00,3,100,5.9,317,0.0,0
2024-07-24T05:00,26.8,84,32.0,0.00,3,100,5.4,323,0.0,0
2024-07-24T06:00,27.2,81,32.2,0.30,51,100,6.1,315,6.0,1
2024-07-24T07:00,27.5,81,32.3,1.40,61,99,8.4,310,35.0,1
2024-07-24T08:00,28.4,79,33.1,0.00,3,95,11.2,339,132.0,1
2024-07-24T09:00,31.4,63,34.5,0.10,51,90,17.9,15,433.0,1
2024-07-24T10:00,32.3,59,34.9,0.00,1,47,20.7,20,425.0,1
2024-07-24T11:00,33.9,54,37.7,0.20,51,64,19.3,24,751.0,1
2024-07-24T12:00,34.7,51,38.2,0.20,51,49,20.2,35,722.0,1
2024-07-24T13:00,32.4,63,37.0,1.60,61,87,14.4,37,621.0,1
2024-07-24T14:00,33.2,58,36.2,0.20,51,100,20.0,34,512.0,1
2024-07-24T15:00,32.0,63,34.8,0.80,53,100,24.6,51,622.0,1
2024-07-24T16:00,30.2,72,34.3,0.30,51,100,16.1,27,210.0,1
2024-07-24T17:00,29.2,78,34.0,0.80,53,100,13.9,350,150.0,1
2024-07-24T18:00,28.8,79,33.7,0.30,51,100,11.6,353,67.0,1
2024-07-24T19:00,28.2,81,33.1,0.10,51,100,11.4,347,19.0,0
2024-07-24T20:00,27.6,83,32.3,0.50,53,100,12.0,344,0.0,0
2024-07-24T21:00,26.9,91,32.1,2.50,63,100,12.4,330,0.0,0
2024-07-24T22:00,26.6,90,31.5,1.00,55,100,12.6,336,0.0,0
2024-07-24T23:00,26.5,89,30.6,0.40,51,100,16.6,342,0.0,0
2024-07-25T00:00,26.2,90,30.3,1.10,55,100,15.9,354,0.0,0
2024-07-25T01:00,26.0,91,30.1,0.70,53,100,15.9,354,0.0,0
2024-07-25T02:00,26.0,90,29.6,0.30,51,100,18.1,339,0.0,0
2024-07-25T03:00,26.0,90,28.8,2.30,61,100,23.5,337,0.0,0
2024-07-25T04:00,26.0,91,28.8,9.20,65,100,23.5,356,0.0,0
2024-07-25T05:00,26.0,92,29.5,4.00,63,100,20.4,9,0.0,0
2024-07-25T06:00,26.1,93,30.3,3.00,63,100,16.3,354,3.0,1
2024-07-25T07:00,26.3,92,30.0,2.10,61,100,20.2,3,20.0,1
2024-07-25T08:00,26.5,92,30.3,1.50,61,100,20.9,2,87.0,1
2024-07-25T09:00,26.3,91,28.5,11.30,65,100,30.0,350,116.0,1
2024-07-25T10:00,26.3,92,29.2,3.80,63,100,25.9,358,135.0,1
2024-07-25T11:00,26.7,93,30.1,9.30,65,100,25.2,31,151.0,1
2024-07-25T12:00,27.0,94,30.3,17.50,65,100,28.5,32,297.0,1
2024-07-25T13:00,26.8,92,29.4,5.90,63,100,29.6,21,86.0,1
2024-07-25T14:00,26.5,93,29.9,8.30,65,100,24.5,20,83.0,1
2024-07-25T15:00,27.0,93,31.3,3.80,63,100,20.6,33,144.0,1
2024-07-25T16:00,26.9,93,31.0,1.10,55,100,20.3,30,94.0,1
2024-07-25T17:00,26.5,94,30.1,2.50,63,100,23.7,41,32.0,1
2024-07-25T18:00,26.5,93,30.6,1.60,61,100,19.4,47,53.0,1
2024-07-25T19:00,26.5,94,31.4,0.60,53,100,14.0,48,5.0,0
2024-07-25T20:00,26.4,95,31.8,2.30,61,100,11.3,59,0.0,0
2024-07-25T21:00,25.8,95,31.2,12.70,65,100,8.1,32,0.0,0
2024-07-25T22:00,25.8,96,31.9,6.00,63,100,5.0,21,0.0,0
2024-07-25T23:00,26.0,96,30.9,3.80,63,100,13.6,68,0.0,0
2024-07-26T00:00,25.9,97,31.2,7.20,63,100,11.1,77,0.0,0
2024-07-26T01:00,25.6,96,30.9,2.20,61,100,10.2,80,0.0,0
2024-07-26T02:00,25.6,96,30.7,2.20,61,100,11.7,81,0.0,0
2024-07-26T03:00,25.8,97,31.4,0.40,51,100,9.3,77,0.0,0
2024-07-26T04:00,25.9,98,31.7,0.10,51,100,7.9,74,0.0,0
2024-07-26T05:00,25.7,97,30.9,0.90,53,100,11.4,125,0.0,0
2024-07-26T06:00,25.9,96,30.9,1.80,61,100,12.4,126,4.0,1
2024-07-26T07:00,26.0,96,31.3,2.80,63,100,11.0,113,17.0,1
2024-07-26T08:00,26.3,95,31.6,1.10,55,100,11.4,125,64.0,1
2024-07-26T09:00,26.8,95,32.1,1.70,61,100,14.5,150,75.0,1
2024-07-26T10:00,27.0,94,32.2,0.60,53,100,14.5,153,96.0,1
2024-07-26T11:00,27.8,89,32.9,0.50,53,100,15.3,156,258.0,1
2024-07-26T12:00,28.4,89,34.2,0.70,53,100,13.0,141,349.0,1
2024-07-26T13:00,27.8,90,33.2,2.90,63,100,14.0,154,233.0,1
2024-07-26T14:00,27.3,92,32.6,1.40,61,100,14.0,157,144.0,1
2024-07-26T15:00,27.2,92,32.5,3.60,63,100,13.9,159,87.0,1
2024-07-26T16:00,27.1,93,32.2,4.70,63,100,14.7,158,43.0,1
2024-07-26T17:00,26.9,93,31.9,4.50,63,100,15.0,153,51.0,1
2024-07-26T18:00,26.9,93,32.1,2.30,61,100,13.5,146,37.0,1
2024-07-26T19:00,26.6,93,31.6,4.20,63,100,14.0,168,4.0,0
2024-07-26T20:00,26.6,93,31.8,4.90,63,100,12.7,155,0.0,0
2024-07-26T21:00,26.4,93,30.9,2.70,63,100,15.8,153,0.0,0
2024-07-26T22:00,26.1,94,30.4,1.20,55,100,16.5,157,0.0,0
2024-07-26T23:00,25.9,93,30.4,2.50,63,100,13.7,162,0.0,0
2024-07-27T00:00,25.6,95,30.7,5.10,63,100,10.9,136,0.0,0
2024-07-27T01:00,25.9,94,30.5,10.50,65,100,14.0,162,0.0,0
2024-07-27T02:00,25.7,93,30.8,3.20,63,100,9.2,159,0.0,0
2024-07-27T03:00,25.5,94,30.5,2.60,63,100,9.5,143,0.0,0
2024-07-27T04:00,25.7,94,30.7,1.70,61,100,10.7,140,0.0,0
2024-07-27T05:00,26.0,93,30.6,0.20,51,100,13.6,158,0.0,0
2024-07-27T06:00,26.0,93,30.9,0.20,51,100,12.6,153,4.0,1
2024-07-27T07:00,26.5,93,31.7,0.50,53,100,11.3,153,30.0,1
2024-07-27T08:00,26.6,94,31.8,0.60,53,100,12.6,143,110.0,1
2024-07-27T09:00,26.9,94,32.5,0.50,53,100,11.3,149,79.0,1
2024-07-27T10:00,27.1,93,32.6,1.40,61,99,12.8,169,156.0,1
2024-07-27T11:00,28.7,85,33.8,0.70,53,100,15.0,163,493.0,1
2024-07-27T12:00,28.4,84,33.1,0.90,53,100,15.7,164,421.0,1
2024-07-27T13:00,28.4,84,33.4,0.90,53,100,13.5,164,339.0,1
2024-07-27T14:00,28.2,85,33.2,0.60,53,100,14.3,168,359.0,1
2024-07-27T15:00,27.8,91,33.6,1.00,55,100,12.0,159,255.0,1
2024-07-27T16:00,27.6,88,32.9,0.10,51,100,11.6,158,154.0,1
2024-07-27T17:00,27.6,89,33.1,0.30,51,100,10.7,140,127.0,1
2024-07-27T18:00,27.0,92,32.9,0.80,53,100,8.2,131,113.0,1
2024-07-27T19:00,26.5,93,32.3,0.10,51,100,6.7,126,23.0,0
2024-07-27T20:00,26.5,92,32.4,0.00,3,99,6.8,122,0.0,0
2024-07-27T21:00,26.0,94,31.7,0.20,51,100,6.6,119,0.0,0
2024-07-27T22:00,25.9,95,31.9,0.10,51,100,5.6,105,0.0,0
2024-07-27T23:00,25.9,95,31.7,0.00,3,100,6.3,103,0.0,0
2024-07-28T00:00,26.0,95,32.0,0.00,3,100,5.6,105,0.0,0
2024-07-28T01:00,26.0,96,31.8,0.00,3,100,7.2,87,0.0,0
2024-07-28T02:00,26.0,96,32.1,0.10,51,100,5.9,101,0.0,0
2024-07-28T03:00,25.8,97,32.1,0.40,51,100,4.9,107,0.0,0
2024-07-28T04:00,25.9,97,32.1,0.10,51,100,5.5,79,0.0,0
2024-07-28T05:00,25.6,98,31.8,0.00,3,82,5.4,86,0.0,0
2024-07-28T06:00,25.8,97,31.9,0.00,3,97,5.4,82,7.0,1
2024-07-28T07:00,26.4,94,32.6,0.00,3,100,5.4,94,67.0,1
2024-07-28T08:00,27.1,89,33.0,0.40,51,79,6.2,126,171.0,1
2024-07-28T09:00,27.5,91,33.9,0.00,2,51,6.8,108,341.0,1
2024-07-28T10:00,28.9,85,35.4,0.20,51,100,9.3,126,597.0,1
2024-07-28T11:00,28.4,83,33.7,4.10,63,70,10.5,164,380.0,1
2024-07-28T12:00,29.1,83,35.6,0.30,51,52,6.1,118,522.0,1
2024-07-28T13:00,29.4,81,36.0,2.00,61,79,10.3,102,718.0,1
2024-07-28T14:00,29.2,83,35.8,0.70,53,68,6.5,93,586.0,1
2024-07-28T15:00,30.4,78,37.3,0.20,51,26,6.3,121,633.0,1
2024-07-28T16:00,29.7,79,35.4,0.40,51,62,9.5,101,543.0,1
2024-07-28T17:00,28.6,83,34.7,0.10,51,48,6.3,114,238.0,1
2024-07-28T18:00,28.1,86,34.4,0.40,51,58,5.2,155,162.0,1
2024-07-28T19:00,26.5,93,33.0,1.20,55,61,3.3,13,28.0,0
2024-07-28T20:00,26.4,92,32.1,0.10,51,19,6.3,347,0.0,0
2024-07-28T21:00,25.4,94,31.2,0.00,1,28,3.5,336,0.0,0
2024-07-28T22:00,25.1,95,31.0,0.00,0,3,3.3,319,0.0,0
2024-07-28T23:00,24.9,96,30.6,0.00,0,13,3.9,292,0.0,0
2024-07-29T00:00,25.1,95,30.8,0.00,1,21,3.8,287,0.0,0
2024-07-29T01:00,25.0,94,30.4,0.00,0,13,4.2,301,0.0,0
2024-07-29T02:00,25.0,93,30.4,0.00,0,13,4.4,305,0.0,0
2024-07-29T03:00,25.2,94,30.7,0.00,1,33,4.8,297,0.0,0
2024-07-29T04:00,25.5,95,31.3,0.00,3,100,5.0,300,0.0,0
2024-07-29T05:00,26.0,93,31.7,0.00,3,86,6.3,301,0.0,0
2024-07-29T06:00,26.2,94,32.2,0.00,3,100,6.4,313,5.0,1
2024-07-29T07:00,26.9,90,32.6,0.10,51,100,7.1,319,43.0,1
2024-07-29T08:00,27.6,86,33.4,0.20,51,26,7.0,348,155.0,1
2024-07-29T09:00,28.6,85,35.4,0.00,1,47,4.0,10,477.0,1
2024-07-29T10:00,29.4,83,36.4,0.00,3,81,6.4,47,606.0,1
2024-07-29T11:00,30.5,75,36.9,0.20,51,99,11.6,85,738.0,1
2024-07-29T12:00,30.1,72,34.9,0.00,3,84,11.6,95,480.0,1
2024-07-29T13:00,31.1,69,37.6,0.00,1,32,10.8,90,823.0,1
2024-07-29T14:00,31.1,68,37.1,0.00,2,70,13.0,96,800.0,1
2024-07-29T15:00,30.8,70,36.1,0.00,3,100,13.7,90,714.0,1
2024-07-29T16:00,30.1,72,34.9,0.10,51,92,11.9,88,539.0,1
2024-07-29T17:00,29.1,77,34.1,0.40,51,93,10.9,99,286.0,1
2024-07-29T18:00,27.9,83,33.2,0.40,51,97,8.3,95,125.0,1
2024-07-29T19:00,26.5,91,32.8,0.50,53,99,3.1,111,26.0,0
2024-07-29T20:00,26.2,92,32.5,1.60,61,94,2.4,207,0.0,0
2024-07-29T21:00,26.0,95,32.0,0.10,51,99,5.0,249,0.0,0
2024-07-29T22:00,25.6,97,32.0,0.30,51,92,3.3,264,0.0,0
2024-07-29T23:00,26.0,97,32.8,0.30,51,96,1.4,270,0.0,0
2024-07-30T00:00,26.1,95,32.7,0.00,3,91,2.3,321,0.0,0
2024-07-30T01:00,26.0,95,32.5,0.10,51,100,2.4,333,0.0,0
2024-07-30T02:00,26.0,95,32.3,0.30,51,100,2.9,353,0.0,0
2024-07-30T03:00,26.0,95,32.3,0.10,51,100,3.0,346,0.0,0
2024-07-30T04:00,26.0,95,32.5,0.20,51,100,2.2,351,0.0,0
2024-07-30T05:00,26.0,95,32.5,0.30,51,100,2.2,351,0.0,0
2024-07-30T06:00,26.3,91,32.5,0.10,51,96,2.5,315,4.0,1
2024-07-30T07:00,26.6,89,32.6,0.00,3,98,4.3,312,44.0,1
2024-07-30T08:00,27.1,88,33.2,0.10,51,33,4.3,312,168.0,1
2024-07-30T09:00,28.0,83,34.1,0.20,51,38,3.3,354,317.0,1
2024-07-30T10:00,29.1,78,35.5,0.30,51,53,1.8,79,526.0,1
2024-07-30T11:00,30.0,75,37.1,0.40,51,53,4.1,135,684.0,1
2024-07-30T12:00,30.8,76,38.9,0.10,51,11,4.4,145,745.0,1
2024-07-30T13:00,31.4,75,40.0,0.20,51,25,6.3,156,845.0,1
2024-07-30T14:00,31.5,74,39.9,0.50,53,76,4.2,121,740.0,1
2024-07-30T15:00,28.2,86,34.5,2.60,63,46,5.9,128,439.0,1
2024-07-30T16:00,29.0,84,35.9,0.20,51,40,3.6,174,490.0,1
2024-07-30T17:00,29.6,82,36.3,0.20,51,87,5.9,142,362.0,1
2024-07-30T18:00,28.5,85,34.9,1.00,55,46,6.0,123,164.0,1
2024-07-30T19:00,27.5,92,34.4,0.00,3,92,4.0,95,28.0,0
2024-07-30T20:00,27.1,92,33.6,0.10,51,87,4.3,132,0.0,0
2024-07-30T21:00,27.3,93,34.3,0.00,3,98,3.2,117,0.0,0
2024-07-30T22:00,27.1,93,33.9,0.20,51,55,4.2,160,0.0,0
2024-07-30T23:00,27.1,95,33.9,0.10,51,55,5.0,159,0.0,0
2024-07-31T00:00,27.0,91,33.3,0.00,1,43,4.5,166,0.0,0
2024-07-31T01:00,26.8,92,33.1,0.00,1,46,4.2,160,0.0,0
2024-07-31T02:00,26.0,93,32.1,0.10,51,66,3.8,139,0.0,0
2024-07-31T03:00,25.7,93,31.5,0.00,2,77,4.1,142,0.0,0
2024-07-31T04:00,25.2,96,30.9,0.00,1,36,5.3,152,0.0,0
2024-07-31T05:00,25.3,98,31.2,0.00,0,13,5.0,150,0.0,0
2024-07-31T06:00,26.0,99,32.9,0.00,1,26,3.2,153,9.0,1
2024-07-31T07:00,26.9,94,33.6,0.10,51,12,4.4,145,118.0,1
2024-07-31T08:00,27.8,87,33.9,0.10,51,24,5.8,173,307.0,1
2024-07-31T09:00,28.6,86,35.5,0.10,51,30,3.6,135,428.0,1
2024-07-31T10:00,29.9,83,37.9,0.10,51,69,4.1,128,663.0,1
2024-07-31T11:00,30.9,76,38.9,0.10,51,86,7.2,162,790.0,1
2024-07-31T12:00,31.5,70,38.2,0.30,51,78,9.8,172,752.0,1
2024-07-31T13:00,32.3,65,38.5,0.20,51,54,12.3,175,801.0,1
2024-07-31T14:00,32.5,64,38.7,0.10,51,32,13.8,174,828.0,1
2024-07-31T15:00,32.5,64,37.9,0.10,51,28,14.2,171,705.0,1
2024-07-31T16:00,32.2,66,36.9,0.00,1,27,14.1,167,564.0,1
2024-07-31T17:00,31.2,73,36.7,0.00,0,4,12.2,166,368.0,1
2024-07-31T18:00,30.1,77,35.9,0.00,2,53,9.5,171,187.0,1
2024-07-31T19:00,28.8,81,34.6,0.00,3,86,7.2,153,32.0,0
2024-07-31T20:00,28.0,85,33.8,0.00,3,84,7.2,153,0.0,0
2024-07-31T21:00,27.8,88,34.0,0.00,2,69,6.9,152,0.0,0
2024-07-31T22:00,27.3,90,33.6,0.00,1,42,5.8,150,0.0,0
2024-07-31T23:00,26.9,92,33.3,0.00,0,15,4.8,153,0.0,0
2024-08-01T00:00,26.3,95,32.7,0.00,1,47,4.9,163,0.0,0
2024-08-01T01:00,26.5,93,32.9,0.00,0,13,4.0,185,0.0,0
2024-08-01T02:00,26.5,94,32.9,0.00,0,12,3.3,186,0.0,0
2024-08-01T03:00,26.6,93,33.3,0.00,0,6,2.6,214,0.0,0
2024-08-01T04:00,26.6,93,33.3,0.00,0,3,2.3,231,0.0,0
2024-08-01T05:00,26.0,95,32.5,0.00,0,2,2.6,214,0.0,0
2024-08-01T06:00,26.0,97,32.8,0.00,0,3,1.3,214,9.0,1
2024-08-01T07:00,26.9,94,34.0,0.00,0,3,0.7,270,120.0,1
2024-08-01T08:00,28.5,86,35.6,0.00,0,17,1.8,127,324.0,1
2024-08-01T09:00,30.3,78,37.3,0.00,0,19,3.1,144,536.0,1
2024-08-01T10:00,31.6,72,39.7,0.10,51,16,2.2,189,717.0,1
2024-08-01T11:00,33.2,65,41.9,0.10,51,10,1.5,194,818.0,1
2024-08-01T12:00,34.3,60,43.3,0.00,0,12,2.1,149,883.0,1
2024-08-01T13:00,35.0,56,43.5,0.00,0,16,2.6,146,882.0,1
2024-08-01T14:00,35.2,54,42.9,0.10,51,15,3.9,146,835.0,1
2024-08-01T15:00,35.2,55,42.0,0.00,1,20,6.0,147,728.0,1
2024-08-01T16:00,33.8,61,39.3,0.10,51,28,10.1,174,535.0,1
2024-08-01T17:00,32.7,69,38.7,0.00,0,6,10.6,162,359.0,1
2024-08-01T18:00,31.4,77,37.9,0.00,0,3,9.8,152,186.0,1
2024-08-01T19:00,30.0,83,36.9,0.00,0,1,7.3,147,31.0,0
2024-08-01T20:00,29.1,88,36.5,0.00,0,1,5.4,138,0.0,0
2024-08-01T21:00,29.0,87,36.4,0.00,0,3,4.1,135,0.0,0
2024-08-01T22:00,28.5,91,35.8,0.00,0,2,3.9,146,0.0,0
2024-08-01T23:00,28.0,93,35.4,0.00,0,1,3.9,158,0.0,0
2024-08-02T00:00,27.7,95,35.1,0.00,0,1,3.6,174,0.0,0
2024-08-02T01:00,28.4,93,36.4,0.00,0,0,1.8,191,0.0,0
2024-08-02T02:00,28.1,94,36.0,0.00,0,0,2.6,196,0.0,0
2024-08-02T03:00,27.0,98,34.3,0.00,0,0,3.3,193,0.0,0
2024-08-02T04:00,27.5,97,35.3,0.00,0,0,2.3,198,0.0,0
2024-08-02T05:00,27.3,98,35.2,0.00,1,20,1.6,207,0.0,0
2024-08-02T06:00,26.9,99,34.6,0.00,2,79,1.3,214,9.0,1
2024-08-02T07:00,28.0,93,36.0,0.00,2,77,0.4,180,124.0,1
2024-08-02T08:00,29.6,85,37.5,0.00,2,51,0.5,135,327.0,1
2024-08-02T09:00,31.1,81,39.4,0.00,0,11,1.1,90,540.0,1
2024-08-02T10:00,32.2,77,41.8,0.00,0,18,0.8,63,714.0,1
2024-08-02T11:00,33.2,70,42.9,0.00,0,14,1.5,45,799.0,1
2024-08-02T12:00,34.0,66,43.9,0.00,0,18,2.1,59,875.0,1
2024-08-02T13:00,34.6,64,44.1,0.00,0,10,3.2,90,861.0,1
2024-08-02T14:00,35.0,63,43.8,0.00,0,18,5.1,94,818.0,1
2024-08-02T15:00,35.0,62,42.8,0.00,1,22,5.8,94,682.0,1
2024-08-02T16:00,34.6,63,41.7,0.00,1,22,5.2,102,525.0,1
2024-08-02T17:00,34.2,66,41.5,0.00,0,10,5.2,115,362.0,1
2024-08-02T18:00,33.0,75,41.2,0.00,0,7,4.7,113,177.0,1
2024-08-02T19:00,31.3,83,39.5,0.00,0,4,5.3,118,30.0,0
2024-08-02T20:00,30.4,88,38.8,0.00,0,3,4.5,119,0.0,0
2024-08-02T21:00,30.1,90,38.8,0.00,0,7,3.2,117,0.0,0
2024-08-02T22:00,29.5,92,37.8,0.00,0,4,4.0,117,0.0,0
2024-08-02T23:00,29.3,92,37.5,0.00,0,3,3.8,107,0.0,0
2024-08-03T00:00,29.4,91,37.5,0.00,0,10,3.2,117,0.0,0
2024-08-03T01:00,29.6,89,37.8,0.00,1,26,2.6,106,0.0,0
2024-08-03T02:00,29.4,91,37.8,0.00,1,32,1.5,166,0.0,0
2024-08-03T03:00,29.1,92,37.4,0.00,1,29,2.3,342,0.0,0
2024-08-03T04:00,29.0,94,37.5,0.00,1,20,1.1,288,0.0,0
2024-08-03T05:00,28.8,96,37.3,0.00,0,11,1.8,281,0.0,0
2024-08-03T06:00,28.2,99,36.9,0.00,0,16,1.1,270,8.0,1
2024-08-03T07:00,29.4,92,38.1,0.00,1,48,1.6,297,120.0,1
2024-08-03T08:00,30.6,87,39.4,0.00,1,37,2.1,329,324.0,1
2024-08-03T09:00,32.2,78,40.8,0.00,0,0,1.5,315,545.0,1
2024-08-03T10:00,33.7,70,43.1,0.00,0,0,1.1,18,725.0,1
2024-08-03T11:00,34.7,63,44.2,0.00,0,0,2.1,59,843.0,1
2024-08-03T12:00,35.4,58,44.8,0.00,0,0,2.5,90,914.0,1
2024-08-03T13:00,35.9,54,44.6,0.00,0,1,2.6,124,890.0,1
2024-08-03T14:00,36.4,51,44.5,0.00,0,4,2.1,149,830.0,1
2024-08-03T15:00,37.2,49,43.8,0.00,1,33,5.9,79,708.0,1
2024-08-03T16:00,35.3,60,41.7,0.00,2,62,8.6,92,510.0,1
2024-08-03T17:00,34.5,67,42.1,0.00,1,37,5.4,98,337.0,1
2024-08-03T18:00,28.1,85,33.7,5.10,63,100,9.6,13,120.0,1
2024-08-03T19:00,27.9,88,34.4,0.20,51,50,5.4,356,11.0,0
2024-08-03T20:00,27.6,90,34.4,0.00,0,1,3.3,347,0.0,0
2024-08-03T21:00,27.6,89,34.0,0.10,51,100,4.8,333,0.0,0
2024-08-03T22:00,27.5,91,34.5,0.00,3,100,3.1,306,0.0,0
2024-08-03T23:00,28.1,88,35.1,0.00,3,100,2.6,254,0.0,0
2024-08-04T00:00,28.5,86,35.6,0.00,3,100,1.9,292,0.0,0
2024-08-04T01:00,27.0,93,33.7,0.00,0,7,4.1,218,0.0,0
2024-08-04T02:00,27.0,93,33.5,0.00,0,6,4.0,333,0.0,0
2024-08-04T03:00,28.1,88,35.1,0.00,0,8,2.9,30,0.0,0
2024-08-04T04:00,26.5,95,32.9,0.00,0,6,4.8,193,0.0,0
2024-08-04T05:00,27.5,91,34.5,0.00,1,20,2.8,220,0.0,0
2024-08-04T06:00,27.1,93,34.3,0.00,0,11,1.6,243,8.0,1
2024-08-04T07:00,28.0,93,35.5,0.00,1,23,2.1,301,124.0,1
2024-08-04T08:00,29.0,86,36.2,0.00,1,41,3.1,339,323.0,1
2024-08-04T09:00,30.6,80,38.4,0.00,0,0,1.0,315,544.0,1
2024-08-04T10:00,31.9,75,40.9,0.00,0,0,1.5,76,725.0,1
2024-08-04T11:00,32.8,72,42.5,0.00,0,2,3.7,101,859.0,1
2024-08-04T12:00,33.6,67,43.4,0.00,0,11,3.5,114,924.0,1
2024-08-04T13:00,34.2,65,43.4,0.00,1,20,5.9,133,902.0,1
2024-08-04T14:00,34.7,63,43.4,0.00,0,11,6.1,140,833.0,1
2024-08-04T15:00,35.0,63,42.9,0.00,1,25,5.9,142,685.0,1
2024-08-04T16:00,34.2,66,40.8,0.00,0,9,10.3,126,508.0,1
2024-08-04T17:00,33.2,71,39.9,0.00,0,8,10.7,110,379.0,1
2024-08-04T18:00,32.2,77,39.6,0.00,0,5,7.3,110,183.0,1
2024-08-04T19:00,31.5,78,39.1,0.00,0,1,4.7,86,29.0,0
2024-08-04T20:00,29.1,87,36.4,0.30,51,13,4.0,297,0.0,0
2024-08-04T21:00,26.5,86,31.2,0.00,1,36,9.8,294,0.0,0
2024-08-04T22:00,26.9,83,32.4,0.00,0,10,2.6,286,0.0,0
2024-08-04T23:00,26.2,85,31.6,0.00,2,66,3.8,287,0.0,0
2024-08-05T00:00,25.8,89,31.1,0.00,3,98,4.1,285,0.0,0
2024-08-05T01:00,25.4,93,30.9,0.00,3,100,4.0,297,0.0,0
2024-08-05T02:00,25.2,94,30.8,0.00,3,100,4.2,301,0.0,0
2024-08-05T03:00,24.9,95,30.4,0.00,3,100,4.5,284,0.0,0
2024-08-05T04:00,25.0,94,30.6,0.00,3,100,4.0,275,0.0,0
2024-08-05T05:00,25.5,92,31.3,0.00,3,99,3.0,284,0.0,0
2024-08-05T06:00,25.1,96,31.2,0.00,3,100,2.2,279,8.0,1
2024-08-05T07:00,26.4,91,32.8,0.00,3,100,1.3,326,119.0,1
2024-08-05T08:00,27.9,85,34.7,0.00,3,100,0.0,270,321.0,1
2024-08-05T09:00,29.2,81,36.3,0.00,3,89,1.1,72,529.0,1
2024-08-05T10:00,30.7,75,38.6,0.00,0,19,3.0,76,712.0,1
2024-08-05T11:00,31.5,73,40.1,0.00,1,27,5.4,82,849.0,1
2024-08-05T12:00,32.5,66,41.3,0.00,2,56,3.0,76,908.0,1
2024-08-05T13:00,33.3,60,41.8,0.00,0,7,2.7,113,917.0,1
2024-08-05T14:00,33.8,59,41.5,0.00,0,9,5.2,115,860.0,1
2024-08-05T15:00,34.0,61,40.9,0.00,0,15,7.7,127,740.0,1
2024-08-05T16:00,32.5,70,38.9,0.00,1,33,9.1,108,538.0,1
2024-08-05T17:00,31.9,74,38.4,0.00,0,12,9.4,108,370.0,1
2024-08-05T18:00,30.8,80,37.9,0.00,0,10,6.4,106,183.0,1
2024-08-05T19:00,29.1,89,36.8,0.00,0,2,4.0,95,27.0,0
2024-08-05T20:00,28.2,92,35.6,0.00,0,1,4.7,94,0.0,0
2024-08-05T21:00,28.5,93,36.1,0.00,0,0,4.2,70,0.0,0
2024-08-05T22:00,28.0,93,35.4,0.00,0,0,4.1,105,0.0,0
2024-08-05T23:00,27.6,96,35.0,0.00,0,3,4.2,121,0.0,0
2024-08-06T00:00,27.1,97,34.4,0.00,0,5,3.8,131,0.0,0
2024-08-06T01:00,26.6,98,33.7,0.00,0,16,3.9,124,0.0,0
2024-08-06T02:00,27.1,98,34.7,0.00,3,100,2.1,59,0.0,0
2024-08-06T03:00,26.0,99,33.0,0.20,51,98,2.9,7,0.0,0
2024-08-06T04:00,26.0,100,33.0,0.10,51,100,2.3,342,0.0,0
2024-08-06T05:00,26.1,99,33.3,0.00,3,100,2.0,315,0.0,0
2024-08-06T06:00,26.5,98,33.6,0.00,3,97,2.3,321,5.0,1
2024-08-06T07:00,26.9,95,34.0,0.00,1,41,2.2,351,78.0,1
2024-08-06T08:00,28.4,87,35.5,0.00,1,27,1.6,297,312.0,1
2024-08-06T09:00,29.8,79,36.7,0.10,51,23,1.3,146,501.0,1
2024-08-06T10:00,30.5,75,38.0,0.10,51,14,4.3,132,690.0,1
2024-08-06T11:00,31.3,72,39.5,0.00,0,15,4.3,132,808.0,1
2024-08-06T12:00,32.0,68,40.5,0.00,1,20,3.5,114,881.0,1
2024-08-06T13:00,32.5,64,40.8,0.00,0,3,4.0,117,910.0,1
2024-08-06T14:00,33.0,61,40.6,0.00,0,2,6.6,135,894.0,1
2024-08-06T15:00,33.3,59,39.6,0.00,0,4,8.8,125,770.0,1
2024-08-06T16:00,32.2,66,37.1,0.00,0,1,13.9,115,603.0,1
2024-08-06T17:00,30.6,72,35.5,0.00,0,0,13.0,118,400.0,1
2024-08-06T18:00,29.7,75,35.3,0.00,0,0,6.9,118,190.0,1
2024-08-06T19:00,28.0,82,33.8,0.00,0,0,5.0,111,28.0,0
2024-08-06T20:00,27.2,86,33.0,0.00,0,0,4.7,81,0.0,0
2024-08-06T21:00,28.1,83,34.2,0.00,0,5,4.5,104,0.0,0
2024-08-06T22:00,27.1,90,33.3,0.00,0,3,5.1,98,0.0,0
2024-08-06T23:00,28.4,82,34.6,0.00,0,0,3.1,45,0.0,0
2024-08-07T00:00,27.2,88,33.4,0.00,0,1,3.5,24,0.0,0
2024-08-07T01:00,26.8,90,33.1,0.00,1,33,2.7,337,0.0,0
2024-08-07T02:00,25.4,98,31.5,0.00,0,2,4.2,301,0.0,0
2024-08-07T03:00,25.5,100,32.0,0.00,3,99,3.1,306,0.0,0
2024-08-07T04:00,25.5,100,31.8,0.00,3,99,5.2,304,0.0,0
2024-08-07T05:00,24.9,100,31.2,0.00,3,100,2.4,297,0.0,0
2024-08-07T06:00,25.0,100,31.0,0.00,3,100,4.8,318,7.0,1
2024-08-07T07:00,26.0,94,32.2,0.00,3,85,4.2,329,111.0,1
2024-08-07T08:00,27.7,88,34.4,0.00,1,48,2.2,360,306.0,1
2024-08-07T09:00,29.8,76,35.9,0.00,1,27,3.9,338,544.0,1
2024-08-07T10:00,31.1,68,38.2,0.00,0,14,3.4,32,722.0,1
2024-08-07T11:00,32.2,64,39.9,0.00,0,6,4.4,81,854.0,1
2024-08-07T12:00,32.8,63,40.6,0.00,0,8,6.0,107,906.0,1
2024-08-07T13:00,33.7,59,41.3,0.00,0,13,5.7,108,892.0,1
2024-08-07T14:00,34.2,54,41.2,0.00,3,80,4.0,85,832.0,1
2024-08-07T15:00,34.8,49,40.5,0.00,3,80,4.9,107,734.0,1
2024-08-07T16:00,34.0,56,38.6,0.00,3,83,10.0,116,507.0,1
2024-08-07T17:00,32.8,67,38.2,0.00,3,88,12.6,114,346.0,1
2024-08-07T18:00,31.5,73,37.3,0.00,1,41,10.3,126,174.0,1
2024-08-07T19:00,30.0,77,36.2,0.00,2,61,6.3,149,23.0,0
2024-08-07T20:00,29.0,81,35.3,0.00,3,92,5.6,135,0.0,0
2024-08-07T21:00,29.0,83,35.7,0.00,3,100,4.2,110,0.0,0
2024-08-07T22:00,28.2,86,34.7,0.00,3,96,4.6,108,0.0,0
2024-08-07T23:00,28.4,83,34.8,0.00,3,97,3.9,112,0.0,0
2024-08-08T00:00,28.6,81,35.1,0.00,3,99,2.2,90,0.0,0
2024-08-08T01:00,28.0,87,35.0,0.00,3,95,1.1,360,0.0,0
2024-08-08T02:00,27.5,92,34.9,0.00,3,88,0.8,297,0.0,0
2024-08-08T03:00,27.0,97,34.5,0.00,1,47,2.3,321,0.0,0
2024-08-08T04:00,26.1,99,33.1,0.00,1,41,2.8,320,0.0,0
2024-08-08T05:00,25.7,100,32.5,0.00,3,100,2.8,310,0.0,0
2024-08-08T06:00,26.1,100,33.1,0.00,3,100,3.3,311,7.0,1
2024-08-08T07:00,27.0,95,34.2,0.00,1,37,2.6,326,110.0,1
2024-08-08T08:00,28.8,85,35.9,0.00,3,98,2.6,304,298.0,1
2024-08-08T09:00,30.5,76,37.5,0.00,2,64,1.1,180,496.0,1
2024-08-08T10:00,31.6,72,39.4,0.10,51,94,3.9,112,691.0,1
2024-08-08T11:00,32.5,70,41.0,0.00,3,99,5.2,102,811.0,1
2024-08-08T12:00,33.5,65,42.2,0.00,3,93,4.3,90,853.0,1
2024-08-08T13:00,34.2,61,42.5,0.00,3,99,6.9,96,892.0,1
2024-08-08T14:00,34.1,59,41.8,0.00,3,97,5.6,130,842.0,1
2024-08-08T15:00,35.3,54,41.6,0.00,3,99,5.0,111,648.0,1
2024-08-08T16:00,31.6,69,38.2,0.80,53,99,2.3,141,490.0,1
2024-08-08T17:00,31.6,70,38.2,0.00,3,97,3.1,135,264.0,1
2024-08-08T18:00,31.2,76,38.6,0.00,3,80,2.4,153,133.0,1
2024-08-08T19:00,31.1,71,37.9,0.00,2,64,1.0,45,21.0,0
2024-08-08T20:00,30.8,74,37.4,0.00,1,27,3.1,69,0.0,0
2024-08-08T21:00,27.9,88,34.5,0.30,51,100,3.7,349,0.0,0
2024-08-08T22:00,27.5,93,34.7,0.20,51,100,2.6,304,0.0,0
2024-08-08T23:00,27.3,91,34.1,0.20,51,100,3.1,315,0.0,0
2024-08-09T00:00,27.1,91,33.7,0.00,3,83,3.4,328,0.0,0
2024-08-09T01:00,27.5,87,33.8,0.00,0,5,3.2,297,0.0,0
2024-08-09T02:00,27.5,86,33.6,0.00,0,16,3.3,283,0.0,0
2024-08-09T03:00,27.5,86,33.8,0.00,1,22,2.3,288,0.0,0
2024-08-09T04:00,27.0,88,33.4,0.00,0,12,2.3,252,0.0,0
2024-08-09T05:00,25.5,96,31.6,0.00,0,9,4.0,297,0.0,0
2024-08-09T06:00,25.6,98,32.1,0.00,0,12,3.4,288,6.0,1
2024-08-09T07:00,27.0,94,34.1,0.00,0,14,1.6,297,119.0,1
2024-08-09T08:00,28.2,85,34.9,0.00,0,7,2.3,342,328.0,1
2024-08-09T09:00,29.8,75,36.1,0.00,1,33,2.3,51,524.0,1
2024-08-09T10:00,31.1,71,38.6,0.00,3,81,3.2,90,713.0,1
2024-08-09T11:00,32.4,67,40.7,0.00,3,82,4.1,52,840.0,1
2024-08-09T12:00,33.3,64,41.9,0.00,2,67,3.9,68,856.0,1
2024-08-09T13:00,34.2,61,42.8,0.00,0,17,5.4,94,913.0,1
2024-08-09T14:00,34.5,58,42.3,0.00,2,76,5.5,122,862.0,1
2024-08-09T15:00,35.3,52,41.4,0.00,1,23,7.6,85,747.0,1
2024-08-09T16:00,34.2,56,38.8,0.00,1,33,10.9,136,535.0,1
2024-08-09T17:00,32.4,69,38.5,0.00,1,46,9.7,138,300.0,1
2024-08-09T18:00,31.4,77,38.3,0.00,2,59,7.6,115,133.0,1
2024-08-09T19:00,30.0,82,37.2,0.00,0,19,4.3,95,20.0,0
2024-08-09T20:00,29.0,91,36.6,0.00,0,15,4.7,67,0.0,0
2024-08-09T21:00,29.0,88,36.2,0.00,3,81,4.7,94,0.0,0
2024-08-09T22:00,28.6,88,35.8,0.00,3,100,4.0,95,0.0,0
2024-08-09T23:00,28.0,92,35.0,0.00,3,100,4.7,113,0.0,0
2024-08-10T00:00,28.2,89,35.3,0.00,3,99,3.4,122,0.0,0
2024-08-10T01:00,27.1,96,34.3,0.00,3,100,4.0,117,0.0,0
2024-08-10T02:00,27.4,98,35.2,0.00,3,100,2.4,117,0.0,0
2024-08-10T03:00,27.1,100,35.1,0.00,3,100,1.3,146,0.0,0
2024-08-10T04:00,27.0,100,34.8,0.00,3,100,1.3,34,0.0,0
2024-08-10T05:00,26.9,100,34.6,0.00,3,100,1.5,346,0.0,0
2024-08-10T06:00,26.7,100,34.4,0.00,3,100,1.3,304,5.0,1
2024-08-10T07:00,27.9,93,35.6,0.00,3,100,0.8,27,82.0,1
2024-08-10T08:00,29.1,85,36.5,0.10,51,100,2.5,90,252.0,1
2024-08-10T09:00,30.1,80,37.4,0.10,51,100,1.8,79,313.0,1
2024-08-10T10:00,31.4,74,38.4,0.00,3,100,3.1,126,499.0,1
2024-08-10T11:00,32.4,70,40.3,0.00,3,100,3.8,107,681.0,1
2024-08-10T12:00,33.1,67,41.5,0.00,3,100,4.1,105,768.0,1
2024-08-10T13:00,33.2,65,41.0,0.00,3,100,5.5,101,773.0,1
2024-08-10T14:00,34.0,60,41.4,0.00,3,98,3.5,156,738.0,1
2024-08-10T15:00,32.8,64,38.3,0.20,51,88,9.9,147,569.0,1
2024-08-10T16:00,32.4,69,38.7,0.00,3,83,8.0,162,410.0,1
2024-08-10T17:00,31.5,72,37.7,2.20,61,100,7.9,156,316.0,1
2024-08-10T18:00,30.4,76,37.7,0.20,51,5,0.0,270,113.0,1
2024-08-10T19:00,29.3,84,36.3,0.00,0,2,4.0,85,21.0,0
2024-08-10T20:00,30.0,78,36.8,0.00,0,1,2.8,130,0.0,0
2024-08-10T21:00,29.8,86,37.8,0.00,0,3,2.1,31,0.0,0
2024-08-10T22:00,29.2,89,37.0,0.00,0,4,3.0,14,0.0,0
2024-08-10T23:00,29.1,89,37.1,0.00,0,5,1.6,63,0.0,0
2024-08-11T00:00,28.9,91,36.9,0.00,0,13,1.3,146,0.0,0
2024-08-11T01:00,28.5,91,36.3,0.10,51,38,2.6,146,0.0,0
2024-08-11T02:00,28.0,94,35.8,0.00,1,34,2.6,146,0.0,0
2024-08-11T03:00,27.6,96,35.3,0.40,51,100,2.1,211,0.0,0
2024-08-11T04:00,27.1,100,35.0,0.00,2,51,2.2,279,0.0,0
2024-08-11T05:00,26.8,100,34.3,0.00,3,100,2.2,279,0.0,0
2024-08-11T06:00,26.5,100,34.1,0.00,3,100,1.3,304,5.0,1
2024-08-11T07:00,27.5,97,35.2,0.00,3,100,1.5,315,100.0,1
2024-08-11T08:00,29.1,88,37.0,0.10,51,99,0.5,315,301.0,1
2024-08-11T09:00,29.9,79,36.9,0.00,0,5,2.4,27,512.0,1
2024-08-11T10:00,31.4,75,39.4,0.00,1,25,3.6,37,699.0,1
2024-08-11T11:00,32.8,70,41.9,0.00,0,19,2.9,83,838.0,1
2024-08-11T12:00,34.2,61,43.1,0.00,0,13,3.6,96,892.0,1
2024-08-11T13:00,34.2,59,41.9,0.00,1,30,5.8,184,859.0,1
2024-08-11T14:00,34.7,57,41.7,0.00,0,19,6.0,155,745.0,1
2024-08-11T15:00,34.5,57,40.7,0.20,51,31,6.6,151,653.0,1
2024-08-11T16:00,33.8,57,38.6,0.10,51,46,9.9,161,485.0,1
2024-08-11T17:00,33.2,63,38.5,0.00,1,34,9.6,167,329.0,1
2024-08-11T18:00,32.0,71,38.3,0.00,2,50,7.4,157,156.0,1
2024-08-11T19:00,30.4,79,37.1,0.00,0,12,5.2,146,21.0,0
2024-08-11T20:00,29.5,84,36.4,0.00,0,4,5.4,143,0.0,0
2024-08-11T21:00,28.1,93,35.9,0.00,0,6,1.9,292,0.0,0
2024-08-11T22:00,28.3,91,35.9,0.00,0,6,2.1,329,0.0,0
2024-08-11T23:00,28.2,90,35.8,0.00,0,7,1.1,270,0.0,0
2024-08-12T00:00,28.0,90,35.4,0.00,0,6,1.6,243,0.0,0
2024-08-12T01:00,27.2,92,34.2,0.00,0,5,2.3,198,0.0,0
2024-08-12T02:00,26.1,96,32.7,0.00,0,2,3.1,216,0.0,0
2024-08-12T03:00,26.9,93,33.8,0.00,0,1,1.3,236,0.0,0
2024-08-12T04:00,26.7,93,33.6,0.00,0,3,1.0,225,0.0,0
2024-08-12T05:00,26.5,93,33.3,0.00,0,6,1.5,225,0.0,0
2024-08-12T06:00,25.7,98,32.5,0.00,0,18,1.1,252,6.0,1
2024-08-12T07:00,27.1,92,34.0,0.00,0,11,1.8,323,111.0,1
2024-08-12T08:00,28.8,83,35.8,0.00,1,29,0.8,333,318.0,1
2024-08-12T09:00,30.0,78,36.8,0.00,0,1,1.8,79,537.0,1
2024-08-12T10:00,31.8,69,39.6,0.00,0,2,2.3,72,724.0,1
2024-08-12T11:00,33.3,62,41.4,0.00,0,8,3.4,72,821.0,1
2024-08-12T12:00,34.2,58,42.3,0.00,1,26,4.2,110,869.0,1
2024-08-12T13:00,34.8,55,42.0,0.00,1,20,6.9,99,834.0,1
2024-08-12T14:00,35.4,52,42.3,0.00,2,61,6.3,103,832.0,1
2024-08-12T15:00,34.7,51,38.4,0.10,51,90,15.4,169,640.0,1
2024-08-12T16:00,33.0,65,38.4,0.60,53,99,11.6,185,444.0,1
2024-08-12T17:00,32.8,66,39.1,0.00,3,100,5.8,184,257.0,1
2024-08-12T18:00,31.6,77,39.3,0.00,3,100,3.1,159,101.0,1
2024-08-12T19:00,30.1,85,37.8,0.00,3,100,4.6,141,13.0,0
2024-08-12T20:00,29.4,88,36.9,0.00,3,100,4.6,135,0.0,0
2024-08-12T21:00,30.0,85,37.8,0.00,3,100,3.4,148,0.0,0
2024-08-12T22:00,29.5,89,37.3,0.00,3,90,3.7,151,0.0,0
2024-08-12T23:00,28.9,90,36.5,0.00,3,100,3.9,158,0.0,0
2024-08-13T00:00,28.1,94,35.7,0.00,3,100,4.3,138,0.0,0
2024-08-13T01:00,27.8,95,35.2,0.00,3,100,4.1,142,0.0,0
2024-08-13T02:00,27.5,96,35.0,0.00,3,100,3.7,151,0.0,0
2024-08-13T03:00,27.5,96,35.0,0.00,3,86,3.4,148,0.0,0
2024-08-13T04:00,27.8,96,35.5,0.00,3,99,2.2,189,0.0,0
2024-08-13T05:00,27.5,97,35.6,0.00,3,100,0.7,180,0.0,0
2024-08-13T06:00,27.1,99,34.8,0.00,3,100,2.3,108,5.0,1
2024-08-13T07:00,28.0,94,35.8,0.00,3,100,1.9,202,74.0,1
2024-08-13T08:00,29.3,86,37.1,0.10,51,100,1.1,90,224.0,1
2024-08-13T09:00,30.9,75,38.1,0.00,3,99,0.8,333,420.0,1
2024-08-13T10:00,32.2,67,39.4,0.00,3,99,0.5,135,602.0,1
2024-08-13T11:00,33.1,63,40.6,0.00,3,99,2.5,82,712.0,1
2024-08-13T12:00,33.3,62,39.9,0.00,3,100,4.0,85,633.0,1
2024-08-13T13:00,34.8,55,42.4,0.00,3,94,4.6,72,839.0,1
2024-08-13T14:00,34.0,56,39.2,0.00,3,100,6.3,156,488.0,1
2024-08-13T15:00,31.9,66,37.2,0.00,3,100,8.2,128,214.0,1
2024-08-13T16:00,31.0,71,37.7,0.10,51,100,1.0,45,133.0,1
2024-08-13T17:00,29.8,77,36.3,1.90,61,100,2.1,301,214.0,1
2024-08-13T18:00,29.0,84,36.0,0.50,53,100,3.2,333,31.0,1
2024-08-13T19:00,28.6,90,36.4,0.50,53,100,1.8,281,7.0,0
2024-08-13T20:00,28.4,91,36.0,0.10,51,100,2.4,297,0.0,0
2024-08-13T21:00,26.6,91,32.9,0.70,53,100,4.1,308,0.0,0
2024-08-13T22:00,26.6,92,33.1,0.60,53,100,2.9,263,0.0,0
2024-08-13T23:00,26.8,91,33.3,0.60,53,100,1.9,248,0.0,0
2024-08-14T00:00,26.5,91,32.8,0.20,51,100,2.9,277,0.0,0
2024-08-14T01:00,27.1,82,32.8,0.00,3,100,2.2,261,0.0,0
2024-08-14T02:00,26.2,89,32.0,0.00,3,100,3.4,302,0.0,0
2024-08-14T03:00,26.2,89,31.9,0.00,3,100,3.6,315,0.0,0
2024-08-14T04:00,27.2,81,33.0,0.00,3,100,1.8,323,0.0,0
2024-08-14T05:00,26.5,87,32.2,0.00,3,99,3.0,284,0.0,0
2024-08-14T06:00,26.3,90,32.4,0.00,1,28,2.9,277,3.0,1
2024-08-14T07:00,27.5,84,33.7,0.00,2,57,1.5,225,105.0,1
2024-08-14T08:00,28.2,82,34.7,0.00,3,89,1.1,270,264.0,1
2024-08-14T09:00,27.7,82,33.8,0.00,3,100,1.8,79,153.0,1
2024-08-14T10:00,28.3,81,34.2,0.10,51,100,4.6,18,319.0,1
2024-08-14T11:00,29.5,75,35.5,0.00,3,100,4.0,63,540.0,1
2024-08-14T12:00,30.0,73,35.5,0.00,3,100,7.2,93,521.0,1
2024-08-14T13:00,29.9,75,35.2,0.00,3,100,8.6,112,539.0,1
2024-08-14T14:00,30.5,72,35.9,0.10,51,100,8.9,130,555.0,1
2024-08-14T15:00,27.2,82,32.3,9.20,65,100,6.5,109,420.0,1
2024-08-14T16:00,26.6,89,32.7,1.70,61,100,3.4,342,57.0,1
2024-08-14T17:00,26.6,89,32.4,0.60,53,100,4.9,343,184.0,1
2024-08-14T18:00,26.0,93,31.9,0.60,53,100,4.2,20,63.0,1
2024-08-14T19:00,26.0,90,32.2,0.10,51,100,0.8,27,9.0,0
2024-08-14T20:00,26.2,88,32.2,0.10,51,99,1.1,360,0.0,0
2024-08-14T21:00,26.6,86,32.6,0.30,51,99,0.8,153,0.0,0
2024-08-14T22:00,26.2,91,32.5,0.60,53,98,1.1,72,0.0,0
2024-08-14T23:00,25.6,93,31.6,1.60,61,99,2.9,300,0.0,0
2024-08-15T00:00,25.5,94,31.6,0.10,51,94,2.2,270,0.0,0
2024-08-15T01:00,25.3,95,31.2,0.00,3,88,2.8,320,0.0,0
2024-08-15T02:00,25.1,95,30.8,0.00,0,19,3.6,323,0.0,0
2024-08-15T03:00,25.9,88,31.6,0.00,2,68,1.5,225,0.0,0
2024-08-15T04:00,25.2,93,30.9,0.10,51,30,2.9,270,0.0,0
2024-08-15T05:00,25.1,93,30.8,0.00,2,56,2.9,300,0.0,0
2024-08-15T06:00,25.6,90,31.5,0.00,1,47,1.5,315,4.0,1
2024-08-15T07:00,26.0,90,32.1,0.10,51,100,1.1,342,75.0,1
2024-08-15T08:00,26.8,87,32.9,0.10,51,100,1.1,288,216.0,1
2024-08-15T09:00,26.6,89,32.9,0.20,51,99,1.5,194,226.0,1
2024-08-15T10:00,28.0,86,34.8,0.10,51,100,0.8,297,544.0,1
2024-08-15T11:00,29.4,79,36.7,0.20,51,100,2.4,117,664.0,1
2024-08-15T12:00,29.1,79,35.2,0.10,51,100,5.1,135,420.0,1
2024-08-15T13:00,28.0,81,33.3,14.10,65,100,7.8,77,508.0,1
2024-08-15T14:00,27.5,87,34.0,1.60,61,100,1.5,135,334.0,1
2024-08-15T15:00,27.3,89,33.5,0.20,51,100,5.2,115,212.0,1
2024-08-15T16:00,27.8,87,33.9,0.20,51,100,5.8,120,343.0,1
2024-08-15T17:00,27.2,89,33.3,0.20,51,100,5.5,113,219.0,1
2024-08-15T18:00,27.2,87,33.4,0.20,51,100,3.2,117,93.0,1
2024-08-15T19:00,26.0,88,31.6,0.80,53,100,3.1,126,13.0,0
2024-08-15T20:00,26.1,93,32.4,0.20,51,100,2.8,140,0.0,0
2024-08-15T21:00,26.3,93,32.8,1.10,55,100,1.9,68,0.0,0
2024-08-15T22:00,26.3,93,32.7,0.60,53,100,2.3,108,0.0,0
2024-08-15T23:00,25.8,92,31.7,3.10,63,100,2.7,113,0.0,0
2024-08-16T00:00,25.8,94,32.0,0.20,51,100,2.2,90,0.0,0
2024-08-16T01:00,25.9,94,32.2,0.70,53,100,1.8,90,0.0,0
2024-08-16T02:00,25.7,95,32.0,0.20,51,100,1.8,53,0.0,0
2024-08-16T03:00,25.6,95,31.9,0.30,51,100,1.8,90,0.0,0
2024-08-16T04:00,25.6,94,31.9,0.10,51,100,1.5,45,0.0,0
2024-08-16T05:00,25.5,95,31.7,0.10,51,100,1.8,101,0.0,0
2024-08-16T06:00,25.8,94,32.1,0.10,51,100,1.5,76,2.0,1
2024-08-16T07:00,26.1,89,32.1,0.10,51,100,2.2,81,35.0,1
2024-08-16T08:00,26.5,89,32.5,0.10,51,100,2.3,129,136.0,1
2024-08-16T09:00,27.8,82,33.5,0.10,51,100,4.8,117,429.0,1
2024-08-16T10:00,28.2,81,33.8,0.20,51,100,5.4,98,391.0,1
2024-08-16T11:00,29.1,77,34.8,0.20,51,100,5.9,101,495.0,1
2024-08-16T12:00,27.3,83,32.3,3.30,63,100,8.3,85,252.0,1
2024-08-16T13:00,27.2,85,33.1,3.90,63,100,3.3,96,330.0,1
2024-08-16T14:00,27.8,82,33.4,0.40,51,99,4.5,119,358.0,1
2024-08-16T15:00,28.3,82,34.0,0.10,51,100,6.6,119,377.0,1
2024-08-16T16:00,27.7,84,33.3,0.40,51,100,7.1,105,180.0,1
2024-08-16T17:00,26.9,90,33.2,2.50,63,100,3.0,166,98.0,1
2024-08-16T18:00,26.0,92,32.0,5.20,63,100,3.9,124,63.0,1
2024-08-16T19:00,25.9,95,32.4,0.20,51,100,1.5,135,7.0,0
2024-08-16T20:00,26.3,87,32.2,0.10,51,100,1.1,162,0.0,0
2024-08-16T21:00,25.4,95,31.1,1.90,61,100,4.3,265,0.0,0
2024-08-16T22:00,25.2,94,31.0,0.30,51,100,3.5,246,0.0,0
2024-08-16T23:00,25.2,95,31.2,0.10,51,100,2.9,263,0.0,0
2024-08-17T00:00,26.0,88,31.5,0.00,3,100,3.3,264,0.0,0
2024-08-17T01:00,25.1,95,30.9,0.10,51,100,3.5,294,0.0,0
2024-08-17T02:00,25.1,94,30.9,0.00,3,100,3.2,270,0.0,0
2024-08-17T03:00,25.9,89,31.6,0.00,3,100,2.2,279,0.0,0
2024-08-17T04:00,24.9,95,30.5,0.00,3,100,3.3,264,0.0,0
2024-08-17T05:00,25.0,95,30.6,0.00,3,100,3.1,306,0.0,0
2024-08-17T06:00,25.4,93,31.3,0.00,3,100,2.2,261,4.0,1
2024-08-17T07:00,26.0,92,32.1,0.00,3,99,2.2,270,84.0,1
2024-08-17T08:00,26.9,88,33.4,0.00,3,85,0.7,360,266.0,1
2024-08-17T09:00,28.2,86,35.3,0.10,51,100,1.5,135,429.0,1
2024-08-17T10:00,29.0,83,36.0,0.20,51,100,2.5,180,556.0,1
2024-08-17T11:00,29.6,81,37.5,0.20,51,100,3.3,131,694.0,1
2024-08-17T12:00,30.4,77,37.8,0.20,51,100,4.2,121,676.0,1
2024-08-17T13:00,27.1,84,32.0,13.00,65,100,11.2,132,606.0,1
2024-08-17T14:00,26.3,91,32.2,0.70,53,100,4.7,99,153.0,1
2024-08-17T15:00,26.6,94,33.0,0.60,53,100,4.3,95,226.0,1
2024-08-17T16:00,27.0,95,34.2,0.50,53,100,1.8,101,246.0,1
2024-08-17T17:00,27.1,94,34.2,0.80,53,100,2.1,31,188.0,1
2024-08-17T18:00,26.3,95,33.0,7.50,63,100,2.6,74,63.0,1
2024-08-17T19:00,26.0,95,32.6,3.40,63,100,1.9,112,3.0,0
2024-08-17T20:00,26.0,96,32.8,0.50,53,100,1.6,207,0.0,0
2024-08-17T21:00,26.0,94,32.4,1.60,61,100,2.9,360,0.0,0
2024-08-17T22:00,25.7,96,31.8,2.00,61,100,4.3,355,0.0,0
2024-08-17T23:00,25.5,96,31.9,1.60,61,100,2.6,326,0.0,0
2024-08-18T00:00,25.5,97,31.9,0.20,51,100,1.8,349,0.0,0
2024-08-18T01:00,25.4,96,31.7,0.00,3,100,1.4,270,0.0,0
2024-08-18T02:00,25.0,98,31.1,0.00,3,100,2.5,262,0.0,0
2024-08-18T03:00,25.5,94,31.7,0.00,3,99,1.3,236,0.0,0
2024-08-18T04:00,25.0,97,31.0,0.00,2,52,2.5,278,0.0,0
2024-08-18T05:00,25.5,94,31.8,0.00,3,93,0.5,225,0.0,0
2024-08-18T06:00,25.5,94,31.7,0.00,3,100,0.8,207,4.0,1
2024-08-18T07:00,25.8,94,32.0,0.00,1,34,2.3,288,89.0,1
2024-08-18T08:00,26.6,93,33.6,0.00,1,32,0.4,360,264.0,1
2024-08-18T09:00,27.5,91,34.6,0.00,1,28,1.5,135,362.0,1
2024-08-18T10:00,28.6,83,35.5,0.00,1,28,2.3,108,556.0,1
2024-08-18T11:00,29.6,79,37.0,0.10,51,73,3.8,73,685.0,1
2024-08-18T12:00,30.0,77,37.0,0.10,51,92,6.8,72,695.0,1
2024-08-18T13:00,28.9,81,34.9,0.80,53,100,6.3,156,394.0,1
2024-08-18T14:00,28.6,82,34.9,1.10,55,82,4.3,204,525.0,1
2024-08-18T15:00,30.2,77,36.9,0.10,51,65,6.8,93,631.0,1
2024-08-18T16:00,28.0,82,32.3,11.20,65,100,14.6,142,484.0,1
2024-08-18T17:00,26.8,89,32.7,3.70,63,100,4.7,113,137.0,1
2024-08-18T18:00,26.5,92,32.7,4.50,63,100,4.1,52,81.0,1
2024-08-18T19:00,25.9,95,32.1,0.00,3,100,3.1,54,8.0,0
2024-08-18T20:00,25.9,97,32.3,0.00,3,99,3.3,77,0.0,0
2024-08-18T21:00,26.2,97,32.8,0.00,1,37,4.7,90,0.0,0
2024-08-18T22:00,25.7,98,32.0,0.00,1,46,5.1,129,0.0,0
2024-08-18T23:00,26.3,98,33.2,0.00,1,29,3.1,135,0.0,0
2024-08-19T00:00,25.4,95,31.3,0.20,51,28,4.0,117,0.0,0
2024-08-19T01:00,25.3,98,31.4,0.00,1,24,4.0,85,0.0,0
2024-08-19T02:00,25.2,98,31.5,0.10,51,43,2.9,90,0.0,0
2024-08-19T03:00,25.1,98,31.3,0.10,51,43,2.9,97,0.0,0
2024-08-19T04:00,25.0,98,31.2,0.00,3,87,2.6,124,0.0,0
2024-08-19T05:00,25.1,97,31.4,0.10,51,83,1.8,101,0.0,0
2024-08-19T06:00,25.4,96,31.5,0.00,3,96,2.3,108,3.0,1
2024-08-19T07:00,25.8,93,31.8,0.00,2,63,3.7,119,78.0,1
2024-08-19T08:00,26.5,90,32.5,0.10,51,98,3.9,124,194.0,1
2024-08-19T09:00,27.7,89,34.8,0.10,51,35,1.0,135,407.0,1
2024-08-19T10:00,29.0,86,36.8,0.30,51,46,1.8,79,616.0,1
2024-08-19T11:00,29.6,83,37.4,0.60,53,86,6.8,87,707.0,1
2024-08-19T12:00,29.0,85,35.3,1.70,61,97,8.5,126,441.0,1
2024-08-19T13:00,28.7,83,34.4,3.20,63,100,9.5,155,533.0,1
2024-08-19T14:00,29.5,81,35.4,0.20,51,100,9.2,138,484.0,1
2024-08-19T15:00,28.9,81,34.1,2.20,61,99,12.3,142,550.0,1
2024-08-19T16:00,28.7,83,35.1,1.10,55,100,4.9,144,355.0,1
2024-08-19T17:00,28.1,83,33.5,1.90,61,100,9.0,151,239.0,1
2024-08-19T18:00,27.5,88,33.4,0.10,51,100,6.6,139,81.0,1
2024-08-19T19:00,26.6,91,32.6,0.00,3,100,5.4,132,10.0,0
2024-08-19T20:00,26.3,92,31.8,0.00,3,100,8.1,122,0.0,0
2024-08-19T21:00,26.6,92,32.4,0.00,2,72,7.4,133,0.0,0
2024-08-19T22:00,26.1,93,31.9,0.00,3,99,5.6,130,0.0,0
2024-08-19T23:00,26.0,93,31.8,0.00,3,100,5.6,130,0.0,0
2024-08-20T00:00,25.9,94,31.8,0.00,3,100,4.5,119,0.0,0
2024-08-20T01:00,25.6,95,31.6,0.00,3,100,4.6,108,0.0,0
2024-08-20T02:00,25.8,95,31.6,0.00,3,100,5.4,110,0.0,0
2024-08-20T03:00,25.8,94,31.5,0.00,3,100,5.4,98,0.0,0
2024-08-20T04:00,25.8,94,31.6,0.10,51,100,5.2,102,0.0,0
2024-08-20T05:00,25.8,94,31.5,0.10,51,100,5.2,102,0.0,0
2024-08-20T06:00,25.7,95,31.5,0.00,3,100,5.5,101,2.0,1
2024-08-20T07:00,26.0,94,31.9,0.00,3,99,5.4,98,20.0,1
2024-08-20T08:00,26.8,90,32.5,0.10,51,93,6.7,144,136.0,1
2024-08-20T09:00,27.0,86,32.1,0.50,53,96,9.8,107,196.0,1
2024-08-20T10:00,27.4,88,32.5,0.30,51,89,11.8,140,308.0,1
2024-08-20T11:00,28.6,84,34.4,0.10,51,95,9.7,135,519.0,1
2024-08-20T12:00,27.8,85,32.5,0.80,53,99,13.5,164,415.0,1
2024-08-20T13:00,27.7,87,32.9,0.30,51,93,11.8,149,289.0,1
2024-08-20T14:00,29.1,81,34.6,0.20,51,95,14.2,153,640.0,1
2024-08-20T15:00,28.1,83,32.5,1.60,61,99,15.8,159,536.0,1
2024-08-20T16:00,27.9,84,32.9,0.10,51,100,12.1,143,245.0,1
2024-08-20T17:00,27.8,84,33.1,0.10,51,100,9.1,146,161.0,1
2024-08-20T18:00,27.5,86,33.2,0.00,3,100,6.4,128,59.0,1
2024-08-20T19:00,26.7,89,31.9,0.20,51,100,9.0,127,5.0,0
2024-08-20T20:00,26.4,89,31.8,0.20,51,99,7.2,143,0.0,0
2024-08-20T21:00,25.8,92,30.8,0.10,51,100,8.4,137,0.0,0
2024-08-20T22:00,25.1,95,30.7,0.20,51,100,5.4,127,0.0,0
2024-08-20T23:00,25.1,96,30.6,0.30,51,90,5.6,105,0.0,0
2024-08-21T00:00,24.8,98,30.1,3.60,63,100,6.9,96,0.0,0
2024-08-21T01:00,24.9,98,30.8,0.40,51,100,2.9,60,0.0,0
2024-08-21T02:00,24.8,98,30.8,0.00,3,100,2.8,40,0.0,0
2024-08-21T03:00,24.9,99,30.9,0.00,3,100,3.2,63,0.0,0
2024-08-21T04:00,24.9,99,30.9,0.00,3,100,3.8,107,0.0,0
2024-08-21T05:00,25.0,98,31.0,0.00,3,100,4.3,114,0.0,0
2024-08-21T06:00,25.2,96,31.2,0.00,3,100,3.7,119,2.0,1
2024-08-21T07:00,26.1,94,32.3,0.00,1,46,4.7,148,62.0,1
2024-08-21T08:00,27.2,87,33.4,0.10,51,34,4.0,185,230.0,1
2024-08-21T09:00,27.6,87,33.8,0.10,51,75,5.0,159,172.0,1
2024-08-21T10:00,29.3,81,35.8,0.10,51,100,4.6,198,535.0,1
2024-08-21T11:00,30.8,75,38.2,0.10,51,86,4.8,222,707.0,1
2024-08-21T12:00,32.0,66,37.8,0.10,51,33,10.2,212,688.0,1
2024-08-21T13:00,32.0,66,37.7,0.00,1,36,10.7,194,650.0,1
2024-08-21T14:00,32.0,67,38.5,0.10,51,46,7.0,215,661.0,1
2024-08-21T15:00,30.8,73,37.4,3.30,63,100,7.1,165,659.0,1
2024-08-21T16:00,28.7,86,35.7,6.80,63,100,3.6,90,237.0,1
2024-08-21T17:00,29.0,84,36.0,0.20,51,99,1.8,259,187.0,1
2024-08-21T18:00,27.5,87,33.5,6.50,63,100,5.2,254,114.0,1
2024-08-21T19:00,26.9,89,33.4,0.70,53,99,1.3,236,7.0,0
2024-08-21T20:00,27.0,88,33.5,0.10,51,99,1.5,225,0.0,0
2024-08-21T21:00,26.8,91,33.0,0.00,3,100,4.4,171,0.0,0
2024-08-21T22:00,26.2,95,32.5,0.00,3,100,4.1,165,0.0,0
2024-08-21T23:00,26.0,96,32.4,0.00,3,100,3.7,169,0.0,0
2024-08-22T00:00,25.5,96,31.8,0.00,3,100,3.3,167,0.0,0
2024-08-22T01:00,25.1,98,31.2,0.00,3,100,3.8,163,0.0,0
2024-08-22T02:00,25.1,98,31.1,0.00,3,99,3.7,169,0.0,0
2024-08-22T03:00,25.1,99,31.3,0.00,3,99,3.1,234,0.0,0
2024-08-22T04:00,25.5,96,31.8,0.00,3,99,2.5,270,0.0,0
2024-08-22T05:00,25.8,95,32.2,0.00,3,100,1.6,153,0.0,0
2024-08-22T06:00,25.2,95,31.2,0.10,51,100,1.9,202,3.0,1
2024-08-22T07:00,25.9,95,32.6,0.00,2,79,0.4,360,80.0,1
2024-08-22T08:00,27.0,92,34.0,0.00,2,69,1.3,146,272.0,1
2024-08-22T09:00,28.2,87,35.2,0.20,51,40,2.4,117,476.0,1
2024-08-22T10:00,29.4,82,37.4,0.40,51,90,1.0,135,662.0,1
2024-08-22T11:00,30.5,75,38.3,0.50,53,100,1.8,79,686.0,1
2024-08-22T12:00,30.4,74,36.7,5.10,63,93,4.3,85,527.0,1
2024-08-22T13:00,29.1,80,35.7,4.50,63,74,1.8,90,535.0,1
2024-08-22T14:00,29.5,74,35.3,2.90,63,83,6.2,234,618.0,1
2024-08-22T15:00,29.2,77,35.2,0.10,51,80,4.0,170,371.0,1
2024-08-22T16:00,29.6,78,36.0,0.10,51,62,3.7,151,419.0,1
2024-08-22T17:00,29.7,77,35.9,0.10,51,63,4.2,149,304.0,1
2024-08-22T18:00,28.9,82,35.5,0.50,53,52,3.0,166,122.0,1
2024-08-22T19:00,27.5,88,33.8,0.00,1,21,4.4,189,10.0,0
2024-08-22T20:00,27.6,87,33.9,0.00,0,18,3.9,202,0.0,0
2024-08-22T21:00,28.6,84,35.7,0.00,0,18,1.1,180,0.0,0
2024-08-22T22:00,28.4,86,35.6,0.00,1,31,1.0,225,0.0,0
2024-08-22T23:00,27.9,90,34.9,0.00,2,53,2.9,263,0.0,0
2024-08-23T00:00,27.2,94,34.3,0.00,2,58,3.3,276,0.0,0
2024-08-23T01:00,26.5,96,33.2,0.00,1,37,3.7,281,0.0,0
2024-08-23T02:00,27.1,95,34.3,0.00,1,39,2.5,270,0.0,0
2024-08-23T03:00,26.0,97,32.6,0.00,3,96,3.3,264,0.0,0
2024-08-23T04:00,25.6,98,32.1,0.00,3,99,3.3,221,0.0,0
2024-08-23T05:00,26.0,97,32.5,0.00,3,100,2.9,270,0.0,0
2024-08-23T06:00,26.2,95,33.0,0.00,3,98,2.0,225,2.0,1
2024-08-23T07:00,26.7,94,33.2,0.40,51,92,4.1,232,73.0,1
2024-08-23T08:00,27.4,86,33.5,1.00,55,95,3.6,180,181.0,1
2024-08-23T09:00,28.9,84,36.0,0.10,51,23,1.0,315,413.0,1
2024-08-23T10:00,30.0,78,37.7,0.10,51,19,1.8,11,660.0,1
2024-08-23T11:00,31.0,73,39.5,0.00,0,13,2.5,45,790.0,1
2024-08-23T12:00,31.7,69,40.0,0.00,1,41,2.9,90,814.0,1
2024-08-23T13:00,32.2,65,39.1,0.00,2,57,4.4,81,686.0,1
2024-08-23T14:00,31.1,70,37.7,0.10,51,96,6.6,41,699.0,1
2024-08-23T15:00,29.4,77,35.5,0.60,53,89,4.4,145,396.0,1
2024-08-23T16:00,29.1,81,35.4,1.30,61,64,5.8,22,430.0,1
2024-08-23T17:00,28.6,85,35.2,0.10,51,60,4.7,23,246.0,1
2024-08-23T18:00,28.1,87,34.7,0.00,1,22,4.3,360,107.0,1
2024-08-23T19:00,26.9,93,33.5,0.00,0,17,4.1,15,10.0,0
2024-08-23T20:00,26.6,94,33.0,0.00,1,27,4.5,14,0.0,0
2024-08-23T21:00,27.8,92,34.7,0.00,1,35,4.3,114,0.0,0
2024-08-23T22:00,27.4,93,34.2,0.00,1,28,5.1,135,0.0,0
2024-08-23T23:00,26.5,94,32.8,4.30,63,100,5.4,143,0.0,0
2024-08-24T00:00,26.0,95,32.6,0.50,53,90,2.2,180,0.0,0
2024-08-24T01:00,25.8,95,32.2,0.50,53,74,2.6,326,0.0,0
2024-08-24T02:00,25.5,96,31.9,0.10,51,100,2.5,315,0.0,0
2024-08-24T03:00,25.5,96,31.7,0.00,1,36,3.0,284,0.0,0
2024-08-24T04:00,25.2,97,31.3,0.00,3,100,3.6,323,0.0,0
2024-08-24T05:00,25.4,96,31.5,0.00,2,71,3.3,276,0.0,0
2024-08-24T06:00,25.1,98,31.2,0.00,0,3,3.8,253,3.0,1
2024-08-24T07:00,26.4,93,32.9,0.00,1,40,2.4,243,101.0,1
2024-08-24T08:00,27.5,89,34.4,0.00,3,100,0.8,207,295.0,1
2024-08-24T09:00,29.2,82,36.2,0.10,51,30,1.9,22,469.0,1
2024-08-24T10:00,30.3,77,37.8,0.00,0,14,1.8,53,629.0,1
2024-08-24T11:00,31.1,73,39.4,0.10,51,17,2.7,113,768.0,1
2024-08-24T12:00,31.7,71,40.2,0.10,51,20,5.1,135,844.0,1
2024-08-24T13:00,31.0,78,39.3,0.20,51,23,8.4,65,830.0,1
2024-08-24T14:00,30.5,80,38.8,0.20,51,6,4.1,45,685.0,1
2024-08-24T15:00,31.5,76,39.9,0.10,51,6,3.2,63,689.0,1
2024-08-24T16:00,31.3,77,38.7,0.20,51,39,3.4,122,523.0,1
2024-08-24T17:00,29.8,83,36.8,1.00,55,98,4.9,73,302.0,1
2024-08-24T18:00,26.4,90,31.6,8.00,65,95,8.9,317,109.0,1
2024-08-24T19:00,25.7,95,31.4,0.00,0,10,6.1,273,9.0,0
2024-08-24T20:00,25.1,96,31.0,0.00,0,11,4.0,280,0.0,0
2024-08-24T21:00,27.0,91,33.5,0.00,0,4,2.5,262,0.0,0
2024-08-24T22:00,27.1,90,34.0,0.00,0,7,0.7,180,0.0,0
2024-08-24T23:00,27.0,91,33.9,0.00,0,2,0.5,225,0.0,0
2024-08-25T00:00,25.7,96,32.0,0.00,1,23,3.2,333,0.0,0
2024-08-25T01:00,25.5,97,31.5,0.00,3,82,4.5,331,0.0,0
2024-08-25T02:00,26.5,94,33.2,0.00,1,28,1.9,292,0.0,0
2024-08-25T03:00,26.2,94,32.8,0.00,1,25,1.3,304,0.0,0
2024-08-25T04:00,25.0,98,31.0,0.00,2,51,3.6,315,0.0,0
2024-08-25T05:00,25.1,96,31.1,0.00,1,34,3.6,315,0.0,0
2024-08-25T06:00,25.8,95,31.8,0.00,2,51,3.6,323,2.0,1
2024-08-25T07:00,26.4,92,32.1,0.00,3,100,6.3,336,59.0,1
2024-08-25T08:00,27.2,88,33.6,0.10,51,17,3.7,349,242.0,1
2024-08-25T09:00,28.5,81,34.9,0.00,0,14,2.4,117,484.0,1
2024-08-25T10:00,29.6,76,36.3,0.00,0,7,4.3,132,653.0,1
2024-08-25T11:00,30.5,71,38.0,0.00,0,6,4.4,125,791.0,1
2024-08-25T12:00,31.4,67,38.8,0.00,0,5,5.0,111,827.0,1
2024-08-25T13:00,32.2,64,39.6,0.00,0,4,6.6,112,856.0,1
2024-08-25T14:00,32.6,61,38.7,0.00,1,26,8.9,104,755.0,1
2024-08-25T15:00,31.5,65,36.4,0.30,51,39,9.0,106,581.0,1
2024-08-25T16:00,30.5,70,35.5,0.10,51,39,8.5,118,469.0,1
2024-08-25T17:00,29.4,76,35.3,0.00,1,22,5.2,155,225.0,1
2024-08-25T18:00,28.7,84,35.6,0.00,1,46,2.4,63,113.0,1
2024-08-25T19:00,28.6,79,35.0,0.00,1,37,1.8,37,8.0,0
2024-08-25T20:00,28.4,82,34.6,0.00,1,31,2.9,90,0.0,0
2024-08-25T21:00,26.9,94,33.5,0.00,0,2,5.2,115,0.0,0
2024-08-25T22:00,26.2,96,32.5,0.00,0,3,5.2,74,0.0,0
2024-08-25T23:00,26.5,96,33.3,0.00,0,13,3.3,77,0.0,0
2024-08-26T00:00,26.1,98,33.1,0.00,0,13,1.8,79,0.0,0
2024-08-26T01:00,25.3,99,31.7,0.00,1,30,3.1,69,0.0,0
2024-08-26T02:00,25.1,100,31.7,0.00,3,100,1.9,22,0.0,0
2024-08-26T03:00,25.2,99,31.6,0.00,3,100,2.5,360,0.0,0
2024-08-26T04:00,25.3,97,31.5,0.00,3,100,3.2,333,0.0,0
2024-08-26T05:00,25.2,96,31.4,0.00,3,100,2.2,360,0.0,0
2024-08-26T06:00,25.1,96,31.1,0.00,3,99,3.3,6,2.0,1
2024-08-26T07:00,25.8,93,31.7,0.00,1,49,3.9,338,74.0,1
2024-08-26T08:00,27.0,86,32.8,0.00,1,34,4.1,315,260.0,1
2024-08-26T09:00,28.4,81,34.7,0.00,0,12,2.2,360,485.0,1
2024-08-26T10:00,29.5,75,36.5,0.00,0,15,1.5,45,664.0,1
2024-08-26T11:00,30.3,72,37.7,0.00,0,16,3.6,90,776.0,1
2024-08-26T12:00,30.9,69,38.3,0.00,0,4,6.8,115,883.0,1
2024-08-26T13:00,31.4,67,39.0,0.00,0,7,6.3,114,883.0,1
2024-08-26T14:00,32.2,63,39.5,0.00,0,7,5.1,98,818.0,1
2024-08-26T15:00,32.4,63,39.0,0.00,0,7,4.4,99,700.0,1
2024-08-26T16:00,32.3,63,37.9,0.00,0,6,5.2,106,543.0,1
2024-08-26T17:00,31.6,67,37.4,0.00,0,7,5.9,133,338.0,1
2024-08-26T18:00,29.5,80,35.3,0.00,0,4,9.2,154,132.0,1
2024-08-26T19:00,27.9,87,34.3,0.00,0,2,5.2,146,8.0,0
2024-08-26T20:00,27.0,92,33.5,0.00,0,1,4.3,114,0.0,0
2024-08-26T21:00,27.8,90,34.7,0.00,0,1,3.4,122,0.0,0
2024-08-26T22:00,27.4,92,34.2,0.00,0,1,3.6,135,0.0,0
2024-08-26T23:00,28.0,88,35.1,0.00,1,25,1.1,162,0.0,0
2024-08-27T00:00,27.7,91,34.8,0.00,1,31,2.3,231,0.0,0
2024-08-27T01:00,27.4,93,34.8,0.00,0,19,1.3,236,0.0,0
2024-08-27T02:00,27.0,96,34.4,0.00,0,10,1.8,259,0.0,0
2024-08-27T03:00,26.6,99,34.2,0.00,0,18,1.1,252,0.0,0
2024-08-27T04:00,25.9,100,32.8,0.00,3,100,2.5,262,0.0,0
2024-08-27T05:00,25.2,100,31.7,0.00,1,32,3.3,276,0.0,0
2024-08-27T06:00,25.5,100,32.1,0.00,1,38,2.5,270,3.0,1
2024-08-27T07:00,26.7,97,33.8,0.00,1,27,2.8,310,94.0,1
2024-08-27T08:00,28.5,86,35.6,0.00,1,47,2.3,321,302.0,1
2024-08-27T09:00,30.1,82,38.1,0.00,3,99,0.4,90,517.0,1
2024-08-27T10:00,31.6,78,40.6,0.00,3,100,2.5,135,693.0,1
2024-08-27T11:00,33.0,74,42.9,0.10,51,100,2.6,74,826.0,1
2024-08-27T12:00,33.7,71,43.8,0.00,3,100,3.3,41,878.0,1
2024-08-27T13:00,33.2,71,42.9,0.00,3,100,2.6,106,825.0,1
2024-08-27T14:00,33.5,69,41.0,0.00,3,100,9.4,137,646.0,1
2024-08-27T15:00,32.3,73,39.1,0.40,51,100,9.3,152,581.0,1
2024-08-27T16:00,32.3,72,38.9,0.00,3,99,7.6,155,389.0,1
2024-08-27T17:00,32.3,73,39.7,0.00,3,100,5.1,172,268.0,1
2024-08-27T18:00,31.6,81,40.0,0.00,3,100,3.1,69,97.0,1
2024-08-27T19:00,31.6,76,39.4,0.00,3,100,2.1,149,6.0,0
2024-08-27T20:00,30.8,82,38.9,0.00,3,100,1.9,202,0.0,0
2024-08-27T21:00,29.9,92,38.6,0.00,3,91,3.3,131,0.0,0
2024-08-27T22:00,30.2,90,39.0,0.00,3,100,2.7,157,0.0,0
2024-08-27T23:00,29.2,94,37.9,0.00,3,100,2.7,203,0.0,0
2024-08-28T00:00,29.3,96,38.5,0.00,3,100,0.8,153,0.0,0
2024-08-28T01:00,28.8,99,37.9,0.00,3,100,2.0,135,0.0,0
2024-08-28T02:00,28.6,100,37.6,0.00,3,98,2.2,171,0.0,0
2024-08-28T03:00,27.2,94,34.1,2.60,63,99,4.4,145,0.0,0
2024-08-28T04:00,27.5,95,34.9,0.00,3,89,3.2,207,0.0,0
2024-08-28T05:00,28.0,93,35.7,0.00,3,98,1.3,146,0.0,0
2024-08-28T06:00,27.8,95,35.4,0.00,3,99,2.9,60,2.0,1
2024-08-28T07:00,28.2,91,35.5,0.10,51,94,3.4,108,86.0,1
2024-08-28T08:00,29.1,88,36.7,0.40,51,100,3.3,131,286.0,1
2024-08-28T09:00,30.2,84,38.2,0.20,51,69,2.6,124,423.0,1
2024-08-28T10:00,30.5,84,38.2,0.60,53,92,6.0,115,508.0,1
2024-08-28T11:00,29.2,87,37.2,1.20,55,100,3.2,117,615.0,1
2024-08-28T12:00,30.8,78,38.4,0.10,51,100,1.6,333,506.0,1
2024-08-28T13:00,30.9,79,38.8,0.20,51,100,2.4,63,605.0,1
2024-08-28T14:00,29.5,84,37.1,2.70,63,100,0.5,45,360.0,1
2024-08-28T15:00,27.2,93,33.8,12.40,65,100,5.9,169,255.0,1
2024-08-28T16:00,26.5,93,32.9,4.10,63,100,3.6,264,71.0,1
2024-08-28T17:00,26.7,93,33.3,0.50,53,100,3.3,354,100.0,1
2024-08-28T18:00,26.4,94,32.7,1.60,61,100,4.2,329,67.0,1
2024-08-28T19:00,26.1,95,32.8,0.10,51,99,2.1,301,4.0,0
2024-08-28T20:00,26.1,95,32.8,0.00,3,100,2.3,321,0.0,0
2024-08-28T21:00,27.5,82,33.3,0.10,51,96,2.3,321,0.0,0
2024-08-28T22:00,27.3,84,33.3,0.20,51,77,1.9,338,0.0,0
2024-08-28T23:00,26.5,93,33.0,0.70,53,58,2.9,330,0.0,0
2024-08-29T00:00,27.4,82,33.2,0.10,51,24,2.2,270,0.0,0
2024-08-29T01:00,27.0,85,32.8,0.20,51,30,2.5,262,0.0,0
2024-08-29T02:00,26.0,93,31.9,0.00,1,33,3.8,311,0.0,0
2024-08-29T03:00,26.0,93,31.9,0.00,3,94,3.5,336,0.0,0
2024-08-29T04:00,26.5,87,32.5,0.00,3,87,2.1,329,0.0,0
2024-08-29T05:00,26.6,85,32.2,0.00,3,98,3.0,346,0.0,0
2024-08-29T06:00,26.0,93,32.3,0.50,53,100,2.3,108,1.0,1
2024-08-29T07:00,26.4,87,32.2,0.10,51,100,2.2,81,56.0,1
2024-08-29T08:00,26.7,87,32.6,0.00,3,99,2.4,333,145.0,1
2024-08-29T09:00,28.3,81,34.6,0.00,3,97,1.6,297,434.0,1
2024-08-29T10:00,29.1,80,36.1,0.00,1,35,0.4,180,551.0,1
2024-08-29T11:00,30.0,78,38.1,0.00,0,9,2.1,149,708.0,1
2024-08-29T12:00,30.9,73,39.1,0.00,0,9,3.6,174,806.0,1
2024-08-29T13:00,31.0,73,39.5,0.00,3,100,1.1,162,783.0,1
2024-08-29T14:00,31.0,73,37.4,2.20,61,96,9.4,86,647.0,1
2024-08-29T15:00,28.8,82,35.0,1.40,61,98,5.1,184,376.0,1
2024-08-29T16:00,29.0,81,35.1,0.10,51,100,6.0,213,337.0,1
2024-08-29T17:00,28.5,82,35.2,0.10,51,100,1.4,270,203.0,1
2024-08-29T18:00,27.2,86,32.7,0.90,53,100,7.0,291,75.0,1
2024-08-29T19:00,26.7,91,33.1,0.10,51,80,2.6,304,4.0,0
2024-08-29T20:00,27.2,84,33.2,0.00,2,64,2.3,309,0.0,0
2024-08-29T21:00,26.4,93,32.8,0.00,3,81,2.9,330,0.0,0
2024-08-29T22:00,26.0,95,32.0,0.00,2,72,4.4,325,0.0,0
2024-08-29T23:00,26.0,93,32.0,0.00,2,69,4.0,297,0.0,0
2024-08-30T00:00,25.9,92,31.6,0.00,1,46,4.1,285,0.0,0
2024-08-30T01:00,26.6,89,32.8,0.00,1,33,2.9,300,0.0,0
2024-08-30T02:00,25.1,96,30.9,0.00,1,41,4.4,261,0.0,0
2024-08-30T03:00,25.3,94,31.0,0.10,51,32,3.8,287,0.0,0
2024-08-30T04:00,24.9,97,30.6,0.00,1,34,4.4,305,0.0,0
2024-08-30T05:00,24.5,97,30.0,0.00,0,19,4.9,287,0.0,0
2024-08-30T06:00,24.6,97,30.3,0.00,1,20,3.7,299,2.0,1
2024-08-30T07:00,26.0,95,32.3,0.00,0,17,2.4,297,95.0,1
2024-08-30T08:00,27.1,90,33.8,0.00,0,12,1.8,307,283.0,1
2024-08-30T09:00,29.0,83,36.1,0.00,1,38,0.8,27,499.0,1
2024-08-30T10:00,30.0,77,37.1,0.10,51,13,2.1,59,596.0,1
2024-08-30T11:00,30.7,74,38.5,0.10,51,15,2.9,97,717.0,1
2024-08-30T12:00,31.5,72,40.2,0.00,0,13,3.6,127,854.0,1
2024-08-30T13:00,32.2,69,40.8,0.00,0,14,4.2,110,868.0,1
2024-08-30T14:00,32.8,66,40.7,0.00,0,11,5.4,98,818.0,1
2024-08-30T15:00,33.0,63,39.3,0.00,2,63,8.1,122,675.0,1
2024-08-30T16:00,32.5,64,37.9,0.00,1,36,8.5,126,512.0,1
2024-08-30T17:00,31.2,74,37.1,0.00,0,16,10.0,120,285.0,1
2024-08-30T18:00,29.8,81,36.1,0.00,0,17,7.9,120,107.0,1
2024-08-30T19:00,28.4,88,35.1,0.00,1,25,5.8,83,5.0,0
2024-08-30T20:00,27.7,93,34.8,0.00,0,15,4.0,95,0.0,0
2024-08-30T21:00,28.0,95,35.5,0.00,1,27,4.4,99,0.0,0
2024-08-30T22:00,27.5,93,34.7,0.20,51,49,3.7,101,0.0,0
2024-08-30T23:00,27.4,94,34.7,0.00,1,42,2.7,113,0.0,0
2024-08-31T00:00,27.2,89,33.9,0.70,53,71,1.4,180,0.0,0
2024-08-31T01:00,26.3,95,32.8,0.60,53,62,3.4,342,0.0,0
2024-08-31T02:00,26.0,95,32.3,0.00,1,37,3.4,328,0.0,0
2024-08-31T03:00,25.5,98,32.0,0.00,1,23,3.1,315,0.0,0
2024-08-31T04:00,25.2,99,31.5,0.00,1,23,3.3,311,0.0,0
2024-08-31T05:00,25.5,99,32.0,0.00,1,22,2.8,320,0.0,0
2024-08-31T06:00,25.1,100,31.5,0.00,3,85,2.8,320,2.0,1
2024-08-31T07:00,26.4,96,33.3,0.00,1,45,2.1,301,85.0,1
2024-08-31T08:00,28.0,89,34.9,0.00,2,56,2.6,304,288.0,1
2024-08-31T09:00,29.6,82,36.8,0.00,3,98,2.2,9,487.0,1
2024-08-31T10:00,30.9,76,38.8,0.00,1,21,0.8,63,630.0,1
2024-08-31T11:00,31.8,73,40.8,0.00,1,20,1.6,117,780.0,1
2024-08-31T12:00,32.5,71,41.6,0.00,0,16,2.8,130,832.0,1
2024-08-31T13:00,33.0,70,42.1,0.00,1,49,5.6,140,859.0,1
2024-08-31T14:00,31.4,76,39.1,0.10,51,100,6.3,103,692.0,1
2024-08-31T15:00,30.1,80,37.4,1.60,61,100,1.9,68,306.0,1
2024-08-31T16:00,28.5,85,35.4,3.80,63,100,2.3,39,277.0,1
2024-08-31T17:00,28.5,85,35.5,0.10,51,100,2.2,360,116.0,1
2024-08-31T18:00,28.2,87,35.4,0.00,3,100,0.8,297,73.0,1
2024-08-31T19:00,27.3,93,34.3,0.00,3,99,3.3,6,3.0,0
2024-08-31T20:00,28.1,86,35.0,0.00,3,100,1.9,338,0.0,0
2024-08-31T21:00,26.0,96,32.1,0.40,51,99,6.5,270,0.0,0
2024-08-31T22:00,26.1,95,32.7,0.10,51,100,3.0,284,0.0,0
2024-08-31T23:00,27.1,88,33.6,0.00,3,99,1.5,284,0.0,0
2024-09-01T00:00,27.0,88,33.3,0.00,3,95,2.4,297,0.0,0
2024-09-01T01:00,26.5,90,32.6,0.00,3,100,3.2,297,0.0,0
2024-09-01T02:00,26.2,90,32.2,0.00,3,99,3.7,299,0.0,0
2024-09-01T03:00,27.1,86,33.2,0.00,0,7,3.2,297,0.0,0
2024-09-01T04:00,27.0,88,33.0,0.00,0,0,3.2,270,0.0,0
2024-09-01T05:00,26.5,90,32.7,0.00,0,1,3.3,283,0.0,0
2024-09-01T06:00,25.7,94,31.7,0.00,0,2,3.4,288,2.0,1
2024-09-01T07:00,26.8,94,33.7,0.00,0,4,2.4,297,97.0,1
2024-09-01T08:00,28.0,89,35.1,0.00,0,1,1.6,297,297.0,1
2024-09-01T09:00,29.2,84,36.8,0.00,0,0,0.5,45,507.0,1
2024-09-01T10:00,30.5,78,38.8,0.00,0,1,2.2,99,689.0,1
2024-09-01T11:00,31.5,72,40.0,0.00,0,4,3.7,119,817.0,1
2024-09-01T12:00,32.3,67,40.6,0.00,0,8,4.7,122,853.0,1
2024-09-01T13:00,32.7,65,40.4,0.00,1,41,4.5,119,773.0,1
2024-09-01T14:00,32.0,69,39.3,1.50,61,58,5.6,40,701.0,1
2024-09-01T15:00,31.2,70,37.4,0.40,51,49,4.7,247,474.0,1
2024-09-01T16:00,31.1,72,38.0,0.00,2,63,1.3,146,496.0,1
2024-09-01T17:00,30.5,75,37.3,0.00,2,50,2.5,90,232.0,1
2024-09-01T18:00,29.5,87,37.1,0.00,1,23,3.3,96,99.0,1
2024-09-01T19:00,28.5,87,35.3,0.00,0,14,3.9,56,4.0,0
2024-09-01T20:00,29.6,78,36.3,0.00,0,3,2.6,106,0.0,0
2024-09-01T21:00,30.4,78,37.8,0.00,1,40,0.0,270,0.0,0
2024-09-01T22:00,30.0,80,37.4,0.00,0,7,0.8,207,0.0,0
2024-09-01T23:00,29.7,82,37.1,0.00,0,1,1.1,252,0.0,0
2024-09-02T00:00,29.2,85,36.7,0.00,0,0,1.8,323,0.0,0
2024-09-02T01:00,28.6,89,36.1,0.00,0,4,2.6,326,0.0,0
2024-09-02T02:00,28.2,92,36.0,0.00,1,20,1.5,315,0.0,0
2024-09-02T03:00,27.8,95,35.5,0.00,1,36,1.8,323,0.0,0
2024-09-02T04:00,27.2,96,34.7,0.10,51,52,2.2,351,0.0,0
2024-09-02T05:00,26.5,98,33.5,0.10,51,78,3.3,347,0.0,0
2024-09-02T06:00,26.4,98,33.4,0.00,2,59,2.7,337,2.0,1
2024-09-02T07:00,27.1,95,34.2,0.10,51,24,3.3,311,75.0,1
2024-09-02T08:00,28.4,89,35.8,0.00,2,54,1.3,304,256.0,1
2024-09-02T09:00,30.0,77,36.7,0.00,1,29,1.9,338,499.0,1
2024-09-02T10:00,31.1,74,39.1,0.00,1,41,1.8,349,684.0,1
2024-09-02T11:00,32.2,69,41.0,0.00,1,21,1.3,34,802.0,1
2024-09-02T12:00,33.0,65,42.0,0.00,0,16,1.1,108,853.0,1
2024-09-02T13:00,33.3,65,41.6,0.10,51,52,3.6,127,779.0,1
2024-09-02T14:00,33.0,69,40.3,0.00,1,40,7.8,124,684.0,1
2024-09-02T15:00,32.2,70,38.5,0.20,51,42,8.0,98,536.0,1
2024-09-02T16:00,32.3,68,38.9,0.20,51,34,4.5,61,451.0,1
2024-09-02T17:00,31.4,71,38.1,0.00,0,18,2.5,90,282.0,1
2024-09-02T18:00,29.3,89,37.4,0.80,53,48,1.8,360,106.0,1
2024-09-02T19:00,28.5,89,35.9,0.00,0,16,2.4,333,4.0,0
2024-09-02T20:00,29.0,86,36.4,0.00,0,5,2.3,18,0.0,0
2024-09-02T21:00,27.6,95,34.9,0.00,0,0,4.2,121,0.0,0
2024-09-02T22:00,27.4,95,34.7,0.00,0,1,3.8,131,0.0,0
2024-09-02T23:00,27.4,97,34.9,0.00,0,4,3.1,126,0.0,0
2024-09-03T00:00,26.7,100,34.3,0.00,3,99,2.2,360,0.0,0
2024-09-03T01:00,26.5,100,33.9,0.10,51,100,2.3,321,0.0,0
2024-09-03T02:00,26.3,100,33.7,0.10,51,100,1.8,349,0.0,0
2024-09-03T03:00,26.0,100,33.2,0.10,51,100,2.1,329,0.0,0
2024-09-03T04:00,26.1,100,33.2,0.00,3,100,2.4,333,0.0,0
2024-09-03T05:00,26.0,98,32.7,0.20,51,99,3.0,14,0.0,0
2024-09-03T06:00,25.9,98,32.6,0.10,51,100,2.2,9,1.0,1
2024-09-03T07:00,26.5,97,33.3,0.00,2,67,3.2,333,72.0,1
2024-09-03T08:00,27.8,89,34.4,0.10,51,22,4.5,346,248.0,1
2024-09-03T09:00,29.0,84,36.4,0.10,51,16,0.4,90,434.0,1
2024-09-03T10:00,30.1,80,37.7,0.00,1,39,3.9,56,641.0,1
2024-09-03T11:00,30.9,75,38.2,0.00,3,99,7.8,68,720.0,1
2024-09-03T12:00,31.4,71,38.1,0.00,3,94,9.9,80,738.0,1
2024-09-03T13:00,31.4,69,37.4,0.10,51,15,11.3,83,717.0,1
2024-09-03T14:00,31.9,64,37.6,0.00,0,7,12.0,81,776.0,1
2024-09-03T15:00,31.5,64,36.4,0.00,0,2,13.0,84,696.0,1
2024-09-03T16:00,30.8,66,34.7,0.00,0,0,13.7,87,532.0,1
2024-09-03T17:00,29.9,72,34.6,0.00,0,0,10.1,94,325.0,1
2024-09-03T18:00,28.2,78,33.6,0.00,0,4,5.8,94,114.0,1
2024-09-03T19:00,26.9,85,32.2,0.00,0,16,5.9,76,3.0,0
2024-09-03T20:00,26.3,87,31.5,0.00,0,12,6.5,34,0.0,0
2024-09-03T21:00,26.5,84,31.7,0.00,0,2,5.5,11,0.0,0
2024-09-03T22:00,25.9,86,30.9,0.00,0,4,5.2,344,0.0,0
2024-09-03T23:00,25.2,90,30.2,0.00,0,8,4.7,328,0.0,0
2024-09-04T00:00,25.1,90,30.2,0.00,0,12,3.8,311,0.0,0
2024-09-04T01:00,25.1,90,30.1,0.00,0,14,5.4,312,0.0,0
2024-09-04T02:00,24.8,91,29.5,0.00,0,5,6.4,313,0.0,0
2024-09-04T03:00,24.5,92,29.2,0.00,0,17,6.2,306,0.0,0
2024-09-04T04:00,24.5,91,29.1,0.00,1,27,6.0,303,0.0,0
2024-09-04T05:00,24.5,91,29.0,0.00,1,20,6.1,310,0.0,0
2024-09-04T06:00,24.5,90,29.1,0.00,3,82,5.8,300,2.0,1
2024-09-04T07:00,25.9,86,30.6,0.00,1,37,7.4,284,58.0,1
2024-09-04T08:00,27.8,77,32.5,0.00,3,96,6.8,3,189.0,1
2024-09-04T09:00,29.2,71,33.5,0.00,3,81,9.7,39,387.0,1
2024-09-04T10:00,30.2,66,34.0,0.00,1,35,12.6,53,515.0,1
2024-09-04T11:00,31.2,63,35.6,0.00,2,65,14.6,70,719.0,1
2024-09-04T12:00,31.2,62,35.0,0.00,3,81,15.5,65,630.0,1
2024-09-04T13:00,31.5,60,35.5,0.00,2,76,16.0,67,703.0,1
2024-09-04T14:00,30.7,63,34.1,0.00,2,77,13.5,74,457.0,1
2024-09-04T15:00,30.7,63,34.2,0.00,2,70,12.7,82,470.0,1
2024-09-04T16:00,30.2,68,34.3,0.00,0,17,11.8,78,366.0,1
2024-09-04T17:00,29.8,70,34.3,0.00,0,19,9.9,71,297.0,1
2024-09-04T18:00,28.4,75,33.1,0.00,0,11,6.6,49,102.0,1
2024-09-04T19:00,27.0,80,31.9,0.00,0,11,5.5,32,3.0,0
2024-09-04T20:00,26.6,82,31.5,0.00,0,9,6.2,21,0.0,0
2024-09-04T21:00,26.4,83,31.2,0.00,0,8,5.6,15,0.0,0
2024-09-04T22:00,26.2,84,31.1,0.00,1,28,5.4,360,0.0,0
2024-09-04T23:00,25.9,87,30.9,0.00,1,22,4.7,337,0.0,0
2024-09-05T00:00,25.7,88,30.8,0.00,0,18,4.5,331,0.0,0
2024-09-05T01:00,25.5,88,30.6,0.00,0,10,4.1,315,0.0,0
2024-09-05T02:00,25.4,88,30.5,0.00,1,26,3.7,299,0.0,0
2024-09-05T03:00,25.4,88,30.5,0.10,51,33,4.2,301,0.0,0
2024-09-05T04:00,25.1,90,30.2,0.00,1,36,4.1,308,0.0,0
2024-09-05T05:00,25.2,90,30.4,0.00,2,60,3.6,315,0.0,0
2024-09-05T06:00,25.8,87,30.8,0.00,2,64,4.8,318,1.0,1
2024-09-05T07:00,26.8,83,31.7,0.00,1,33,7.1,336,52.0,1
2024-09-05T08:00,28.0,79,33.0,0.00,3,82,6.6,22,161.0,1
2024-09-05T09:00,29.5,73,33.8,0.10,51,48,13.2,55,418.0,1
2024-09-05T10:00,30.4,71,35.0,0.00,1,35,11.8,52,492.0,1
2024-09-05T11:00,31.4,66,36.2,0.00,2,50,15.7,58,700.0,1
2024-09-05T12:00,31.8,65,37.0,0.10,51,33,15.0,63,757.0,1
2024-09-05T13:00,32.0,64,37.2,0.10,51,18,15.6,71,778.0,1
2024-09-05T14:00,32.0,64,37.2,0.00,0,16,15.8,73,768.0,1
2024-09-05T15:00,31.6,66,36.4,0.00,0,3,15.9,72,669.0,1
2024-09-05T16:00,31.0,69,35.6,0.00,0,3,13.9,80,510.0,1
2024-09-05T17:00,30.1,74,35.1,0.00,0,19,11.9,87,306.0,1
2024-09-05T18:00,28.8,78,34.2,0.00,1,31,7.6,82,97.0,1
2024-09-05T19:00,27.7,83,33.3,0.00,0,19,5.5,58,2.0,0
2024-09-05T20:00,27.0,87,32.8,0.00,0,18,5.2,34,0.0,0
2024-09-05T21:00,27.0,88,32.6,0.00,0,8,6.0,17,0.0,0
2024-09-05T22:00,27.5,82,33.1,0.00,1,21,3.9,338,0.0,0
2024-09-05T23:00,27.8,80,33.4,0.00,1,24,2.6,326,0.0,0
2024-09-06T00:00,26.5,87,32.2,0.00,1,27,3.4,342,0.0,0
2024-09-06T01:00,25.8,91,31.4,0.00,1,34,4.2,329,0.0,0
2024-09-06T02:00,25.9,91,31.7,0.00,1,37,3.7,331,0.0,0
2024-09-06T03:00,26.0,91,31.9,0.00,3,91,3.6,323,0.0,0
2024-09-06T04:00,26.3,90,32.2,0.00,1,46,3.4,302,0.0,0
2024-09-06T05:00,26.0,91,32.0,0.00,3,96,3.6,315,0.0,0
2024-09-06T06:00,26.3,91,32.4,0.00,3,99,3.2,333,1.0,1
2024-09-06T07:00,27.0,88,33.3,0.00,3,100,2.5,352,32.0,1
2024-09-06T08:00,27.5,85,33.0,0.20,51,94,7.2,53,125.0,1
2024-09-06T09:00,28.7,81,34.5,0.10,51,27,7.3,57,361.0,1
2024-09-06T10:00,29.2,80,34.9,0.00,1,30,8.4,70,479.0,1
2024-09-06T11:00,30.5,74,37.0,0.10,51,38,9.3,77,694.0,1
2024-09-06T12:00,30.8,73,37.0,0.00,1,22,11.8,78,737.0,1
2024-09-06T13:00,31.4,73,38.3,0.10,51,34,12.3,95,802.0,1
2024-09-06T14:00,30.6,72,36.4,1.20,55,45,11.9,88,683.0,1
2024-09-06T15:00,30.6,73,35.7,0.00,1,33,13.7,88,572.0,1
2024-09-06T16:00,29.8,77,35.2,0.20,51,37,10.2,98,393.0,1
2024-09-06T17:00,28.8,81,34.6,0.10,51,45,7.0,102,207.0,1
2024-09-06T18:00,27.9,85,33.8,0.20,51,40,5.8,94,78.0,1
2024-09-06T19:00,26.9,92,33.2,0.10,51,31,4.7,99,2.0,0
2024-09-06T20:00,27.0,89,33.3,0.10,51,72,3.3,77,0.0,0
2024-09-06T21:00,26.6,91,33.1,0.80,53,88,2.8,220,0.0,0
2024-09-06T22:00,26.5,95,33.2,0.10,51,38,2.9,263,0.0,0
2024-09-06T23:00,26.0,97,32.6,0.00,3,85,3.3,276,0.0,0
2024-09-07T00:00,26.4,97,33.1,0.00,3,82,3.3,283,0.0,0
2024-09-07T01:00,26.3,96,33.1,0.20,51,100,2.1,329,0.0,0
2024-09-07T02:00,26.2,95,33.0,0.20,51,100,2.2,351,0.0,0
2024-09-07T03:00,26.5,91,33.2,0.10,51,100,0.4,270,0.0,0
2024-09-07T04:00,26.5,95,33.5,0.30,51,100,1.6,297,0.0,0
2024-09-07T05:00,26.4,94,33.0,0.50,53,79,2.1,59,0.0,0
2024-09-07T06:00,26.0,94,32.2,0.00,3,82,3.1,69,1.0,1
2024-09-07T07:00,26.5,89,32.7,0.10,51,63,1.4,90,45.0,1
2024-09-07T08:00,27.1,86,33.1,0.10,51,50,3.9,22,183.0,1
2024-09-07T09:00,28.7,85,35.9,0.10,51,30,0.5,225,430.0,1
2024-09-07T10:00,30.0,79,36.6,0.20,51,100,9.4,83,647.0,1
2024-09-07T11:00,28.9,80,34.6,0.90,53,39,6.9,84,330.0,1
2024-09-07T12:00,30.1,75,37.0,0.10,51,70,8.9,111,760.0,1
2024-09-07T13:00,27.1,86,33.2,4.00,63,97,2.4,117,514.0,1
2024-09-07T14:00,28.3,82,34.6,0.10,51,93,2.5,278,387.0,1
2024-09-07T15:00,29.2,79,35.2,0.30,51,98,6.2,83,520.0,1
2024-09-07T16:00,27.3,88,33.0,3.20,63,100,7.5,107,350.0,1
2024-09-07T17:00,27.1,88,33.1,0.20,51,100,4.3,66,102.0,1
2024-09-07T18:00,26.6,90,32.7,0.10,51,99,4.0,175,31.0,1
2024-09-07T19:00,26.2,93,32.7,0.00,3,100,1.8,323,1.0,0
2024-09-07T20:00,26.5,91,33.0,0.10,51,100,1.9,112,0.0,0
2024-09-07T21:00,25.6,97,31.8,0.10,51,97,3.8,253,0.0,0
2024-09-07T22:00,25.9,95,32.3,0.10,51,22,2.5,315,0.0,0
2024-09-07T23:00,25.5,96,31.6,0.00,1,27,2.9,30,0.0,0
2024-09-08T00:00,25.9,92,32.0,0.30,51,71,2.3,39,0.0,0
2024-09-08T01:00,26.5,86,32.6,0.00,3,100,0.5,45,0.0,0
2024-09-08T02:00,26.2,87,32.0,0.00,3,100,2.3,342,0.0,0
2024-09-08T03:00,25.9,94,32.2,0.00,3,100,1.9,22,0.0,0
2024-09-08T04:00,26.1,86,31.2,0.10,51,100,5.1,94,0.0,0
2024-09-08T05:00,25.2,92,30.9,0.10,51,81,2.3,18,0.0,0
2024-09-08T06:00,24.9,96,30.7,0.00,1,34,2.3,108,1.0,1
2024-09-08T07:00,25.6,90,31.1,0.00,2,51,3.6,143,75.0,1
2024-09-08T08:00,26.4,86,32.1,0.00,2,61,1.8,127,238.0,1
2024-09-08T09:00,28.0,87,34.7,0.10,51,28,2.9,120,444.0,1
2024-09-08T10:00,28.9,83,36.3,0.20,51,25,2.0,135,623.0,1
2024-09-08T11:00,29.9,77,37.6,0.20,51,100,3.0,104,725.0,1
2024-09-08T12:00,29.1,77,34.4,0.50,53,100,8.3,92,413.0,1
2024-09-08T13:00,27.8,82,33.3,2.00,61,66,5.5,58,420.0,1
2024-09-08T14:00,29.0,80,36.2,0.10,51,42,2.3,219,655.0,1
2024-09-08T15:00,29.2,80,35.7,0.20,51,100,6.3,114,613.0,1
2024-09-08T16:00,28.0,84,34.2,1.00,55,59,3.4,108,360.0,1
2024-09-08T17:00,28.2,82,34.4,0.10,51,41,3.1,111,214.0,1
2024-09-08T18:00,26.8,88,33.1,0.40,51,68,1.6,297,75.0,1
2024-09-08T19:00,26.8,88,32.7,0.00,1,40,3.1,291,1.0,0
2024-09-08T20:00,27.1,83,32.9,0.30,51,36,1.6,117,0.0,0
2024-09-08T21:00,25.8,92,31.5,0.40,51,41,4.2,250,0.0,0
2024-09-08T22:00,25.7,91,31.2,0.00,1,30,4.1,255,0.0,0
2024-09-08T23:00,25.9,88,31.3,0.00,1,25,3.8,287,0.0,0
2024-09-09T00:00,26.5,85,31.9,0.10,51,19,4.3,318,0.0,0
2024-09-09T01:00,25.0,93,30.2,0.00,0,15,5.1,315,0.0,0
2024-09-09T02:00,24.5,94,29.4,0.00,1,25,5.6,333,0.0,0
2024-09-09T03:00,25.8,91,31.2,0.00,1,33,4.8,333,0.0,0
2024-09-09T04:00,24.5,95,29.8,0.00,1,28,4.0,333,0.0,0
2024-09-09T05:00,24.5,95,29.7,0.00,1,24,3.9,326,0.0,0
2024-09-09T06:00,24.2,95,29.3,0.00,1,28,4.6,309,1.0,1
2024-09-09T07:00,25.8,91,31.5,0.00,1,30,3.6,315,79.0,1
2024-09-09T08:00,26.6,89,33.0,0.10,51,85,1.1,72,263.0,1
2024-09-09T09:00,28.0,80,33.9,0.00,1,21,2.8,40,430.0,1
2024-09-09T10:00,28.9,78,35.3,0.10,51,12,3.6,53,609.0,1
2024-09-09T11:00,30.0,75,37.5,0.10,51,26,4.7,58,781.0,1
2024-09-09T12:00,30.8,72,38.0,0.10,51,18,8.0,85,817.0,1
2024-09-09T13:00,31.0,69,37.7,0.00,1,26,10.4,90,829.0,1
2024-09-09T14:00,30.7,69,36.3,0.10,51,55,11.9,87,734.0,1
2024-09-09T15:00,30.5,69,35.3,0.00,0,18,11.9,90,603.0,1
2024-09-09T16:00,29.9,72,34.6,0.00,0,10,11.2,90,461.0,1
2024-09-09T17:00,29.1,77,34.4,0.00,0,6,8.5,102,271.0,1
2024-09-09T18:00,27.8,85,34.0,0.00,0,4,3.9,124,86.0,1
2024-09-09T19:00,26.9,89,32.8,0.00,0,13,4.2,149,1.0,0
2024-09-09T20:00,27.6,80,33.0,0.50,53,29,3.8,139,0.0,0
2024-09-09T21:00,25.8,91,31.1,0.10,51,55,6.2,234,0.0,0
2024-09-09T22:00,24.9,96,30.1,0.90,53,72,6.2,249,0.0,0
2024-09-09T23:00,24.9,95,30.1,0.20,51,33,6.2,260,0.0,0
2024-09-10T00:00,24.5,96,29.9,0.00,1,33,4.0,275,0.0,0
2024-09-10T01:00,24.4,96,29.6,0.00,1,33,4.5,299,0.0,0
2024-09-10T02:00,24.2,96,29.3,0.00,1,31,4.8,312,0.0,0
2024-09-10T03:00,24.0,96,29.0,0.00,1,29,5.3,298,0.0,0
2024-09-10T04:00,24.0,96,29.0,0.00,1,33,4.9,287,0.0,0
2024-09-10T05:00,23.7,98,28.6,0.00,1,21,5.2,295,0.0,0
2024-09-10T06:00,24.0,98,29.3,0.00,0,19,4.0,297,1.0,1
2024-09-10T07:00,25.2,94,30.8,0.00,0,4,5.1,315,87.0,1
2024-09-10T08:00,26.8,90,32.7,0.00,0,7,5.6,310,288.0,1
2024-09-10T09:00,28.8,78,34.5,0.00,0,6,5.4,307,501.0,1
2024-09-10T10:00,30.4,69,36.7,0.00,0,5,4.2,329,690.0,1
2024-09-10T11:00,31.5,64,39.0,0.00,0,3,2.5,8,812.0,1
2024-09-10T12:00,32.6,57,39.7,0.00,0,5,3.8,73,873.0,1
2024-09-10T13:00,33.0,56,39.8,0.00,0,8,5.4,127,868.0,1
2024-09-10T14:00,33.2,55,39.2,0.00,1,22,6.9,152,809.0,1
2024-09-10T15:00,32.8,57,38.1,0.00,0,12,6.8,180,663.0,1
2024-09-10T16:00,32.5,60,37.4,0.00,1,34,7.6,211,464.0,1
2024-09-10T17:00,32.5,59,37.9,0.00,1,39,2.4,207,238.0,1
2024-09-10T18:00,29.6,78,36.0,0.00,0,13,4.7,99,80.0,1
2024-09-10T19:00,28.2,83,34.2,0.00,0,5,5.2,115,1.0,0
2024-09-10T20:00,27.1,87,32.9,0.00,0,13,6.4,137,0.0,0
2024-09-10T21:00,27.1,86,32.7,0.00,0,4,5.6,135,0.0,0
2024-09-10T22:00,28.5,75,34.0,0.00,0,0,2.9,173,0.0,0
2024-09-10T23:00,27.8,82,33.8,0.00,0,0,2.8,230,0.0,0
2024-09-11T00:00,25.9,93,31.8,0.00,0,0,4.2,250,0.0,0
2024-09-11T01:00,25.4,95,31.3,0.00,0,2,4.0,275,0.0,0
2024-09-11T02:00,24.8,99,30.8,0.00,0,0,3.7,259,0.0,0
2024-09-11T03:00,24.9,100,31.1,0.00,3,97,3.0,256,0.0,0
2024-09-11T04:00,24.4,100,30.1,0.00,3,95,3.6,276,0.0,0
2024-09-11T05:00,24.0,99,29.2,0.00,1,33,4.7,302,0.0,0
2024-09-11T06:00,24.0,98,29.1,0.00,1,29,5.0,300,1.0,1
2024-09-11T07:00,25.8,94,31.9,0.00,1,25,2.6,286,85.0,1
2024-09-11T08:00,27.5,86,33.9,0.00,1,27,1.6,297,282.0,1
2024-09-11T09:00,29.2,79,36.0,0.00,2,55,0.4,360,495.0,1
2024-09-11T10:00,30.6,74,38.5,0.00,3,87,0.8,27,685.0,1
2024-09-11T11:00,31.9,67,40.1,0.00,1,23,1.4,360,790.0,1
2024-09-11T12:00,33.0,60,40.6,0.00,0,10,2.6,16,833.0,1
2024-09-11T13:00,33.5,56,40.7,0.00,2,68,4.6,45,856.0,1
2024-09-11T14:00,33.7,55,39.9,0.00,3,95,4.8,77,742.0,1
2024-09-11T15:00,33.6,56,39.3,0.00,0,2,6.0,115,668.0,1
2024-09-11T16:00,33.1,59,38.1,0.00,0,14,7.1,135,493.0,1
2024-09-11T17:00,31.9,67,37.5,0.00,0,2,7.6,161,283.0,1
2024-09-11T18:00,30.0,74,35.5,0.00,0,4,8.6,165,87.0,1
2024-09-11T19:00,28.9,81,35.0,0.00,0,17,5.6,140,1.0,0
2024-09-11T20:00,28.3,83,34.4,0.00,2,78,5.2,124,0.0,0
2024-09-11T21:00,28.5,87,35.3,0.00,3,100,4.4,99,0.0,0
2024-09-11T22:00,28.2,86,34.8,0.00,3,100,4.0,117,0.0,0
2024-09-11T23:00,27.3,91,33.9,0.00,3,100,4.3,114,0.0,0
2024-09-12T00:00,27.1,90,33.5,0.00,3,100,3.8,107,0.0,0
2024-09-12T01:00,27.9,85,34.3,0.00,3,84,2.9,97,0.0,0
2024-09-12T02:00,27.7,85,34.1,0.00,2,56,2.2,90,0.0,0
2024-09-12T03:00,27.4,86,33.7,0.00,3,89,2.3,39,0.0,0
2024-09-12T04:00,26.5,93,33.0,0.00,3,100,2.5,8,0.0,0
2024-09-12T05:00,25.7,97,32.2,0.00,3,100,2.6,34,0.0,0
2024-09-12T06:00,25.4,98,31.7,0.00,3,93,3.3,6,1.0,1
2024-09-12T07:00,26.6,94,33.1,0.00,3,100,4.2,340,76.0,1
2024-09-12T08:00,27.8,87,34.1,0.00,3,100,4.5,346,273.0,1
2024-09-12T09:00,29.0,82,35.9,0.00,3,94,2.6,344,464.0,1
2024-09-12T10:00,30.4,73,37.4,0.00,3,87,2.6,56,645.0,1
2024-09-12T11:00,31.3,69,38.3,0.10,51,86,7.3,81,774.0,1
2024-09-12T12:00,31.9,66,38.6,0.00,2,77,9.4,86,828.0,1
2024-09-12T13:00,32.0,63,37.9,0.00,3,99,11.9,88,802.0,1
2024-09-12T14:00,31.8,65,37.3,0.00,3,93,13.3,90,739.0,1
2024-09-12T15:00,31.1,69,36.0,0.00,3,99,13.4,95,611.0,1
2024-09-12T16:00,30.6,71,35.3,0.00,0,17,12.6,90,477.0,1
2024-09-12T17:00,29.7,76,34.9,0.00,1,24,10.1,94,266.0,1
2024-09-12T18:00,28.2,82,34.3,0.00,2,62,4.3,95,79.0,1
2024-09-12T19:00,27.5,89,33.8,0.00,3,100,4.7,99,0.0,0
2024-09-12T20:00,27.2,88,33.3,0.00,3,83,4.2,70,0.0,0
2024-09-12T21:00,27.2,87,33.4,1.20,55,72,4.0,63,0.0,0
2024-09-12T22:00,26.7,92,33.1,1.60,61,98,3.1,36,0.0,0
2024-09-12T23:00,26.7,95,33.6,0.10,51,96,2.6,16,0.0,0
2024-09-13T00:00,26.7,92,33.3,0.50,53,96,2.0,315,0.0,0
2024-09-13T01:00,26.4,91,32.7,0.10,51,52,2.9,353,0.0,0
2024-09-13T02:00,26.2,95,32.6,0.10,51,28,3.7,11,0.0,0
2024-09-13T03:00,26.0,94,32.4,0.10,51,69,3.2,333,0.0,0
2024-09-13T04:00,25.6,94,31.6,0.10,51,94,3.6,307,0.0,0
2024-09-13T05:00,25.2,96,31.1,0.10,51,99,4.2,329,0.0,0
2024-09-13T06:00,25.1,97,31.0,0.00,3,86,4.0,333,1.0,1
2024-09-13T07:00,26.2,92,32.1,0.10,51,64,4.3,318,54.0,1
2024-09-13T08:00,27.2,86,33.2,0.10,51,28,3.3,13,251.0,1
2024-09-13T09:00,28.2,81,33.7,0.10,51,22,6.4,27,443.0,1
2024-09-13T10:00,29.5,74,34.9,0.00,0,19,8.4,43,618.0,1
2024-09-13T11:00,30.4,68,36.2,0.00,0,16,10.0,69,750.0,1
2024-09-13T12:00,30.9,65,36.3,0.10,51,31,12.1,78,802.0,1
2024-09-13T13:00,30.3,68,35.6,0.10,51,58,13.4,85,780.0,1
2024-09-13T14:00,30.2,71,35.8,0.10,51,7,10.2,80,677.0,1
2024-09-13T15:00,30.8,68,35.8,0.00,0,3,10.2,80,616.0,1
2024-09-13T16:00,30.5,69,35.0,0.00,0,4,10.8,86,489.0,1
2024-09-13T17:00,29.4,75,34.3,0.00,0,7,9.8,98,276.0,1
2024-09-13T18:00,27.8,81,33.1,0.00,0,6,6.4,106,80.0,1
2024-09-13T19:00,27.3,83,32.8,0.00,0,5,4.8,103,0.0,0
2024-09-13T20:00,27.5,80,33.1,0.10,51,93,2.9,7,0.0,0
2024-09-13T21:00,26.5,88,32.0,0.00,1,36,4.7,184,0.0,0
2024-09-13T22:00,25.5,92,30.9,0.40,51,100,5.2,254,0.0,0
2024-09-13T23:00,25.2,94,31.0,0.00,1,49,3.3,257,0.0,0
2024-09-14T00:00,24.6,96,30.1,0.00,3,99,4.3,265,0.0,0
2024-09-14T01:00,24.5,98,30.4,0.10,51,98,2.3,141,0.0,0
2024-09-14T02:00,24.4,98,30.2,0.10,51,100,1.4,180,0.0,0
2024-09-14T03:00,23.9,99,29.3,0.00,3,100,3.1,291,0.0,0
2024-09-14T04:00,24.1,97,29.5,0.00,3,100,3.7,299,0.0,0
2024-09-14T05:00,24.1,98,29.5,0.00,3,90,3.5,294,0.0,0
2024-09-14T06:00,24.2,97,29.6,0.00,3,100,3.4,288,0.0,1
2024-09-14T07:00,25.2,93,30.6,0.00,3,100,4.3,294,28.0,1
2024-09-14T08:00,25.5,92,30.9,0.20,51,100,5.0,300,46.0,1
2024-09-14T09:00,25.8,93,31.1,0.80,53,100,7.2,342,131.0,1
2024-09-14T10:00,26.3,87,31.4,0.50,53,100,7.0,325,160.0,1
2024-09-14T11:00,26.8,84,31.9,0.20,51,100,6.4,313,200.0,1
2024-09-14T12:00,27.7,80,32.9,0.20,51,100,6.4,317,360.0,1
2024-09-14T13:00,28.0,78,32.7,0.20,51,100,8.7,336,387.0,1
2024-09-14T14:00,28.2,76,32.7,0.00,3,100,9.3,332,321.0,1
2024-09-14T15:00,28.1,76,32.9,0.20,51,100,7.1,336,242.0,1
2024-09-14T16:00,28.5,74,33.1,0.10,51,98,7.4,337,354.0,1
2024-09-14T17:00,28.0,79,33.7,0.10,51,75,2.3,342,156.0,1
2024-09-14T18:00,27.0,85,32.6,0.10,51,99,3.6,323,47.0,1
2024-09-14T19:00,25.9,87,31.1,0.40,51,97,4.3,265,0.0,0
2024-09-14T20:00,25.9,91,31.8,4.80,63,100,2.3,252,0.0,0
2024-09-14T21:00,25.5,91,30.9,0.00,3,99,5.0,291,0.0,0
2024-09-14T22:00,25.2,92,30.5,0.00,3,96,4.7,293,0.0,0
2024-09-14T23:00,25.1,92,30.5,0.30,51,100,4.0,350,0.0,0
2024-09-15T00:00,25.5,90,30.4,0.20,51,99,6.4,322,0.0,0
2024-09-15T01:00,25.0,92,30.4,0.90,53,99,3.3,347,0.0,0
2024-09-15T02:00,24.9,93,30.3,0.80,53,99,3.4,328,0.0,0
2024-09-15T03:00,24.8,94,30.4,10.60,65,100,2.0,225,0.0,0
2024-09-15T04:00,24.6,94,30.3,13.00,65,100,1.5,256,0.0,0
2024-09-15T05:00,24.4,92,29.1,0.50,53,54,5.1,315,0.0,0
2024-09-15T06:00,24.6,89,29.0,0.10,51,100,7.4,317,0.0,1
2024-09-15T07:00,24.5,95,29.8,0.10,51,100,4.7,328,19.0,1
2024-09-15T08:00,25.0,93,29.9,2.80,63,100,7.1,315,118.0,1
2024-09-15T09:00,26.4,87,32.0,2.60,63,98,4.2,301,284.0,1
2024-09-15T10:00,27.2,82,33.0,0.80,53,89,1.6,297,381.0,1
2024-09-15T11:00,27.3,85,33.3,5.70,63,83,2.7,203,545.0,1
2024-09-15T12:00,27.0,86,32.3,0.50,53,91,8.6,180,530.0,1
2024-09-15T13:00,26.9,88,32.1,0.40,51,90,9.0,178,424.0,1
2024-09-15T14:00,27.2,88,33.3,0.50,53,62,4.3,132,547.0,1
2024-09-15T15:00,27.9,85,34.2,0.50,53,73,2.9,120,404.0,1
2024-09-15T16:00,28.3,84,34.5,0.20,51,91,5.2,146,319.0,1
2024-09-15T17:00,27.4,86,33.4,2.30,61,100,3.9,68,191.0,1
2024-09-15T18:00,26.5,93,33.2,1.30,61,100,1.6,27,46.0,1
2024-09-15T19:00,26.4,95,33.3,0.10,51,99,1.8,349,0.0,0
2024-09-15T20:00,26.5,95,33.3,0.30,51,100,1.8,53,0.0,0
2024-09-15T21:00,25.9,95,32.2,0.30,51,87,2.2,189,0.0,0
2024-09-15T22:00,25.5,95,31.7,0.40,51,100,2.9,173,0.0,0
2024-09-15T23:00,25.3,96,31.2,0.20,51,100,3.6,186,0.0,0
2024-09-16T00:00,25.3,95,31.2,0.20,51,99,3.0,256,0.0,0
2024-09-16T01:00,25.1,95,30.9,0.00,3,100,3.3,283,0.0,0
2024-09-16T02:00,25.2,95,31.1,0.00,3,100,2.5,262,0.0,0
2024-09-16T03:00,25.2,96,31.3,0.00,3,100,2.2,261,0.0,0
2024-09-16T04:00,25.2,94,31.0,0.00,3,100,3.0,284,0.0,0
2024-09-16T05:00,25.0,94,30.5,0.00,3,100,3.6,270,0.0,0
2024-09-16T06:00,25.0,96,30.6,0.00,3,98,4.0,265,0.0,1
2024-09-16T07:00,26.2,91,32.4,0.00,3,87,2.5,225,71.0,1
2024-09-16T08:00,27.0,90,33.6,0.00,0,19,2.0,225,231.0,1
2024-09-16T09:00,27.1,90,33.7,0.10,51,100,2.1,31,96.0,1
2024-09-16T10:00,28.5,83,34.6,0.00,3,100,5.1,51,354.0,1
2024-09-16T11:00,29.5,79,35.3,0.20,51,100,8.9,47,581.0,1
2024-09-16T12:00,29.6,78,35.2,0.60,53,100,10.0,49,466.0,1
2024-09-16T13:00,31.0,72,36.9,0.10,51,100,10.6,66,655.0,1
2024-09-16T14:00,31.4,70,37.5,0.00,3,100,10.8,75,690.0,1
2024-09-16T15:00,31.4,70,37.0,0.00,3,100,10.3,78,605.0,1
2024-09-16T16:00,31.1,70,36.4,0.00,3,100,9.8,82,442.0,1
2024-09-16T17:00,30.2,76,36.2,0.00,3,100,6.8,90,253.0,1
2024-09-16T18:00,28.1,86,34.4,0.00,3,100,5.8,86,56.0,1
2024-09-16T19:00,27.6,84,33.3,0.00,3,100,5.8,68,0.0,0
2024-09-16T20:00,27.4,83,32.9,0.00,3,100,5.9,43,0.0,0
2024-09-16T21:00,27.6,82,33.2,0.20,51,100,5.2,56,0.0,0
2024-09-16T22:00,27.1,87,33.1,0.30,51,100,4.5,14,0.0,0
2024-09-16T23:00,27.1,89,33.2,0.00,3,100,4.8,13,0.0,0
2024-09-17T00:00,27.1,89,33.4,0.00,3,100,3.8,17,0.0,0
2024-09-17T01:00,26.9,90,33.2,0.20,51,100,3.6,45,0.0,0
2024-09-17T02:00,26.8,91,33.1,0.10,51,100,3.9,34,0.0,0
2024-09-17T03:00,26.6,92,32.8,0.20,51,100,4.4,55,0.0,0
2024-09-17T04:00,26.6,91,32.7,0.30,51,79,4.6,39,0.0,0
2024-09-17T05:00,26.1,94,32.3,0.10,51,85,4.0,10,0.0,0
2024-09-17T06:00,26.0,95,32.2,0.10,51,40,4.4,9,0.0,1
2024-09-17T07:00,27.3,89,33.4,0.10,51,56,6.3,31,55.0,1
2024-09-17T08:00,27.9,87,33.9,0.20,51,25,7.9,51,198.0,1
2024-09-17T09:00,29.7,77,34.9,0.00,1,33,11.5,58,485.0,1
2024-09-17T10:00,30.6,73,36.3,0.00,1,23,10.7,57,631.0,1
2024-09-17T11:00,31.4,68,37.0,0.00,1,20,13.2,61,725.0,1
2024-09-17T12:00,31.5,67,36.6,0.00,0,14,15.9,65,760.0,1
2024-09-17T13:00,31.5,66,36.7,0.00,1,20,16.9,70,801.0,1
2024-09-17T14:00,31.1,69,36.1,0.00,1,31,17.1,68,714.0,1
2024-09-17T15:00,30.4,73,34.9,0.00,1,39,15.3,71,565.0,1
2024-09-17T16:00,29.5,76,34.5,0.10,51,35,11.6,68,393.0,1
2024-09-17T17:00,28.8,81,34.0,0.10,51,13,10.6,62,212.0,1
2024-09-17T18:00,27.5,85,33.3,0.00,0,3,5.6,63,63.0,1
2024-09-17T19:00,26.5,89,32.2,0.00,0,14,5.2,56,0.0,0
2024-09-17T20:00,26.2,90,31.9,0.00,1,22,5.1,39,0.0,0
2024-09-17T21:00,26.0,86,30.8,0.20,51,30,6.9,51,0.0,0
2024-09-17T22:00,25.7,89,31.0,0.40,51,68,4.8,48,0.0,0
2024-09-17T23:00,25.8,90,30.9,0.40,51,97,6.2,54,0.0,0
2024-09-18T00:00,26.0,90,31.3,0.30,51,34,6.0,33,0.0,0
2024-09-18T01:00,25.3,91,30.5,0.00,0,11,4.9,17,0.0,0
2024-09-18T02:00,24.3,93,29.1,0.20,51,49,5.0,339,0.0,0
2024-09-18T03:00,24.9,94,30.4,0.40,51,100,3.9,338,0.0,0
2024-09-18T04:00,25.5,94,31.3,0.20,51,98,3.2,360,0.0,0
2024-09-18T05:00,25.5,92,31.1,0.10,51,95,3.6,354,0.0,0
2024-09-18T06:00,25.5,92,31.1,0.10,51,82,4.3,318,0.0,1
2024-09-18T07:00,26.0,91,31.6,0.00,3,96,5.4,307,46.0,1
2024-09-18T08:00,26.8,86,31.9,0.10,51,76,7.2,6,128.0,1
2024-09-18T09:00,28.4,76,32.5,0.20,51,46,12.7,35,417.0,1
2024-09-18T10:00,29.0,74,33.2,0.20,51,17,13.3,38,569.0,1
2024-09-18T11:00,30.0,66,34.3,0.00,1,28,14.5,46,730.0,1
2024-09-18T12:00,30.7,60,34.4,0.00,2,65,16.6,51,771.0,1
2024-09-18T13:00,31.1,62,35.2,0.00,1,42,15.0,55,713.0,1
2024-09-18T14:00,31.5,60,35.7,0.00,1,30,14.3,65,727.0,1
2024-09-18T15:00,31.2,61,35.2,0.00,1,25,12.8,79,622.0,1
2024-09-18T16:00,30.1,70,34.4,0.00,0,6,12.6,103,443.0,1
2024-09-18T17:00,28.9,78,34.1,0.00,1,39,8.4,121,254.0,1
2024-09-18T18:00,27.3,83,32.5,0.10,51,66,7.0,125,57.0,1
2024-09-18T19:00,26.3,91,32.3,0.10,51,100,3.2,207,0.0,0
2024-09-18T20:00,26.2,91,32.2,0.00,3,100,3.4,238,0.0,0
2024-09-18T21:00,26.1,94,32.3,0.00,1,34,4.0,280,0.0,0
2024-09-18T22:00,25.7,95,31.8,0.00,3,80,4.0,275,0.0,0
2024-09-18T23:00,25.6,95,31.6,0.00,3,86,3.6,276,0.0,0
2024-09-19T00:00,25.6,95,31.7,0.00,3,99,3.7,281,0.0,0
2024-09-19T01:00,25.9,94,32.0,0.00,3,100,3.7,299,0.0,0
2024-09-19T02:00,25.6,93,31.4,0.00,3,100,3.9,304,0.0,0
2024-09-19T03:00,25.2,94,30.9,0.30,51,100,4.1,308,0.0,0
2024-09-19T04:00,25.4,96,31.4,0.40,51,100,3.0,284,0.0,0
2024-09-19T05:00,25.3,95,31.3,0.40,51,100,3.0,284,0.0,0
2024-09-19T06:00,25.3,95,31.1,0.20,51,100,4.1,308,0.0,1
2024-09-19T07:00,25.7,95,31.6,0.30,51,100,4.6,288,30.0,1
2024-09-19T08:00,26.6,90,32.9,0.30,51,86,2.1,301,148.0,1
2024-09-19T09:00,28.5,84,35.1,0.00,2,77,3.3,311,406.0,1
2024-09-19T10:00,29.4,78,35.0,0.00,1,22,7.8,304,463.0,1
2024-09-19T11:00,30.0,74,36.0,0.10,51,26,8.3,326,667.0,1
2024-09-19T12:00,30.1,75,36.5,0.10,51,35,9.4,356,724.0,1
2024-09-19T13:00,30.5,75,38.5,0.10,51,27,1.8,11,722.0,1
2024-09-19T14:00,31.0,73,38.8,0.00,1,28,3.1,69,700.0,1
2024-09-19T15:00,31.0,73,37.6,0.00,2,59,3.3,174,509.0,1
2024-09-19T16:00,29.0,78,35.7,1.90,61,74,0.0,270,336.0,1
2024-09-19T17:00,27.4,89,33.8,3.10,63,72,4.0,117,196.0,1
2024-09-19T18:00,27.4,87,34.1,0.30,51,48,0.5,315,39.0,1
2024-09-19T19:00,26.8,94,33.6,0.00,1,35,2.5,90,0.0,0
2024-09-19T20:00,27.6,85,34.2,0.00,2,75,0.4,360,0.0,0
2024-09-19T21:00,27.4,90,33.8,0.00,2,76,5.1,176,0.0,0
2024-09-19T22:00,26.9,92,33.4,0.90,53,89,3.8,197,0.0,0
2024-09-19T23:00,27.2,90,33.8,0.10,51,86,3.1,126,0.0,0
2024-09-20T00:00,27.4,89,34.1,0.00,3,87,2.8,130,0.0,0
2024-09-20T01:00,27.5,90,34.4,0.00,3,86,1.8,349,0.0,0
2024-09-20T02:00,26.2,95,32.7,0.00,3,99,3.6,315,0.0,0
2024-09-20T03:00,26.0,96,32.5,0.00,3,95,3.3,283,0.0,0
2024-09-20T04:00,25.6,99,32.2,0.00,3,98,3.4,238,0.0,0
2024-09-20T05:00,25.5,100,32.3,0.00,3,100,2.2,270,0.0,0
2024-09-20T06:00,25.1,100,31.5,0.00,3,100,3.1,291,0.0,1
2024-09-20T07:00,25.9,99,32.7,0.00,3,93,2.9,300,57.0,1
2024-09-20T08:00,26.8,93,33.7,0.00,3,84,0.8,27,203.0,1
2024-09-20T09:00,28.9,81,35.7,0.00,3,99,1.4,180,399.0,1
2024-09-20T10:00,30.0,76,36.9,0.10,51,92,1.4,180,558.0,1
2024-09-20T11:00,30.9,71,38.7,0.10,51,49,1.3,124,720.0,1
2024-09-20T12:00,31.5,69,39.0,0.10,51,64,3.3,103,748.0,1
2024-09-20T13:00,31.8,70,39.3,0.10,51,57,6.6,103,777.0,1
2024-09-20T14:00,30.7,72,36.5,0.80,53,73,13.7,145,746.0,1
2024-09-20T15:00,30.1,76,36.1,0.50,53,93,6.6,131,444.0,1
2024-09-20T16:00,30.4,75,36.3,0.00,1,43,7.8,124,422.0,1
2024-09-20T17:00,29.6,80,36.0,0.00,2,53,5.5,113,205.0,1
2024-09-20T18:00,27.9,93,35.5,0.30,51,72,1.6,333,42.0,1
2024-09-20T19:00,27.2,94,34.2,0.10,51,96,4.4,351,0.0,0
2024-09-20T20:00,27.5,92,34.3,0.00,3,90,3.9,326,0.0,0
2024-09-20T21:00,28.5,84,35.4,0.10,51,100,2.0,45,0.0,0
2024-09-20T22:00,27.8,88,34.5,0.10,51,99,3.2,90,0.0,0
2024-09-20T23:00,28.1,86,35.0,0.00,3,99,1.8,53,0.0,0
2024-09-21T00:00,26.2,93,32.4,0.50,53,99,4.0,80,0.0,0
2024-09-21T01:00,26.6,94,33.3,0.30,51,99,2.3,321,0.0,0
2024-09-21T02:00,26.3,97,33.0,0.10,51,99,3.6,323,0.0,0
2024-09-21T03:00,25.9,95,32.3,0.00,3,100,2.9,300,0.0,0
2024-09-21T04:00,25.5,97,31.7,0.00,3,92,3.7,281,0.0,0
2024-09-21T05:00,25.2,98,31.2,0.00,3,100,4.6,288,0.0,0
2024-09-21T06:00,25.3,99,31.6,0.00,3,100,3.9,292,0.0,1
2024-09-21T07:00,26.4,96,32.9,0.00,3,99,4.5,299,63.0,1
2024-09-21T08:00,27.5,91,34.5,0.00,3,99,3.1,291,260.0,1
2024-09-21T09:00,29.4,81,35.9,0.00,0,14,5.2,335,479.0,1
2024-09-21T10:00,30.6,73,37.3,0.00,2,78,4.8,13,624.0,1
2024-09-21T11:00,31.6,68,38.8,0.00,3,100,4.6,45,728.0,1
2024-09-21T12:00,32.6,64,40.0,0.00,0,13,6.1,87,829.0,1
2024-09-21T13:00,33.0,61,39.8,0.00,1,27,8.0,95,800.0,1
2024-09-21T14:00,33.0,61,39.1,0.20,51,79,8.2,105,714.0,1
2024-09-21T15:00,31.5,71,37.0,0.10,51,93,11.6,120,482.0,1
2024-09-21T16:00,30.3,75,36.1,2.80,63,97,8.8,99,365.0,1
2024-09-21T17:00,29.2,82,36.0,0.50,53,99,3.6,127,169.0,1
2024-09-21T18:00,27.5,93,34.5,8.70,65,100,3.7,11,39.0,1
2024-09-21T19:00,27.0,95,34.1,7.80,65,100,2.9,277,0.0,0
2024-09-21T20:00,26.8,96,33.8,3.40,63,100,2.9,270,0.0,0
2024-09-21T21:00,25.8,98,32.0,2.60,63,100,5.6,285,0.0,0
2024-09-21T22:00,25.9,95,31.3,4.30,63,100,8.7,246,0.0,0
2024-09-21T23:00,25.6,96,31.5,4.60,63,100,5.1,274,0.0,0
2024-09-22T00:00,25.8,96,31.7,0.50,53,100,5.8,270,0.0,0
2024-09-22T01:00,25.9,95,31.4,0.10,51,100,8.3,275,0.0,0
2024-09-22T02:00,25.9,95,31.8,0.00,3,100,6.3,294,0.0,0
2024-09-22T03:00,25.7,95,31.7,0.10,51,100,4.0,350,0.0,0
2024-09-22T04:00,25.8,94,31.8,1.80,61,100,4.1,38,0.0,0
2024-09-22T05:00,25.4,90,30.5,7.60,65,100,4.7,360,0.0,0
2024-09-22T06:00,24.8,90,29.3,2.40,61,100,6.4,344,0.0,1
2024-09-22T07:00,24.9,90,30.1,0.30,51,100,3.1,339,9.0,1
2024-09-22T08:00,25.3,81,28.6,0.10,51,100,10.5,4,72.0,1
2024-09-22T09:00,25.8,81,30.1,0.30,51,100,4.6,18,142.0,1
2024-09-22T10:00,25.2,85,30.0,0.50,53,100,3.4,18,116.0,1
2024-09-22T11:00,25.5,83,30.4,1.10,55,100,2.2,90,189.0,1
2024-09-22T12:00,25.5,82,30.5,1.60,61,100,0.8,243,197.0,1
2024-09-22T13:00,24.7,87,28.9,3.10,63,100,6.0,17,107.0,1
2024-09-22T14:00,24.6,85,28.9,1.80,61,100,4.3,42,143.0,1
2024-09-22T15:00,24.7,85,29.4,1.90,61,100,1.6,63,96.0,1
2024-09-22T16:00,24.5,89,29.4,2.40,61,100,2.9,187,84.0,1
2024-09-22T17:00,24.2,90,29.0,3.30,63,100,3.4,212,28.0,1
2024-09-22T18:00,23.9,92,28.7,3.60,63,100,3.1,216,7.0,0
2024-09-22T19:00,24.1,92,29.3,4.80,63,100,1.1,180,0.0,0
2024-09-22T20:00,24.0,92,29.0,5.60,63,100,2.3,18,0.0,0
2024-09-22T21:00,23.1,92,26.7,6.00,63,100,8.0,207,0.0,0
2024-09-22T22:00,23.0,92,27.3,5.10,63,100,2.6,196,0.0,0
2024-09-22T23:00,23.1,92,27.6,2.40,61,100,1.6,153,0.0,0
2024-09-23T00:00,23.1,92,27.8,5.30,63,100,1.3,56,0.0,0
2024-09-23T01:00,22.8,92,27.1,4.40,63,100,1.8,79,0.0,0
2024-09-23T02:00,22.3,91,26.2,4.70,63,100,2.0,135,0.0,0
2024-09-23T03:00,22.1,90,25.7,3.00,63,100,3.1,216,0.0,0
2024-09-23T04:00,22.1,91,25.9,2.00,61,100,2.1,239,0.0,0
2024-09-23T05:00,22.0,91,25.7,2.80,63,100,2.3,288,0.0,0
2024-09-23T06:00,22.0,92,25.8,2.90,63,100,2.9,300,0.0,1
2024-09-23T07:00,22.4,88,25.7,0.30,51,100,4.0,243,13.0,1
2024-09-23T08:00,22.3,88,25.6,2.00,61,100,4.3,312,54.0,1
2024-09-23T09:00,22.2,88,25.8,1.70,61,100,1.9,248,83.0,1
2024-09-23T10:00,22.4,88,26.0,2.30,61,100,2.4,333,112.0,1
2024-09-23T11:00,22.5,88,26.0,2.10,61,100,3.6,37,182.0,1
2024-09-23T12:00,22.5,88,26.4,2.00,61,100,0.8,333,119.0,1
2024-09-23T13:00,22.4,90,26.0,4.20,63,100,3.7,241,76.0,1
2024-09-23T14:00,22.4,90,26.1,5.10,63,100,2.9,263,68.0,1
2024-09-23T15:00,22.4,91,26.3,3.50,63,100,2.3,288,34.0,1
2024-09-23T16:00,22.6,89,26.7,2.50,63,100,0.8,333,60.0,1
2024-09-23T17:00,22.5,90,26.6,3.90,63,100,1.8,323,20.0,1
2024-09-23T18:00,22.2,93,26.2,2.70,63,100,3.2,297,6.0,0
2024-09-23T19:00,22.2,92,26.0,0.90,53,100,3.6,264,0.0,0
2024-09-23T20:00,22.2,94,26.4,0.90,53,100,2.3,321,0.0,0
2024-09-23T21:00,22.4,94,26.6,1.30,61,100,2.5,270,0.0,0
2024-09-23T22:00,22.5,94,26.8,0.50,53,100,1.9,292,0.0,0
2024-09-23T23:00,22.5,94,27.0,0.10,51,100,1.5,315,0.0,0
2024-09-24T00:00,22.5,94,26.9,0.30,51,100,1.6,297,0.0,0
2024-09-24T01:00,22.4,92,26.3,5.10,63,100,3.3,319,0.0,0
2024-09-24T02:00,22.2,94,26.1,10.60,65,100,3.5,246,0.0,0
2024-09-24T03:00,22.4,94,26.8,0.80,53,100,1.3,304,0.0,0
2024-09-24T04:00,22.7,87,26.7,0.40,51,100,0.5,135,0.0,0
2024-09-24T05:00,22.1,94,26.2,1.20,55,100,2.4,243,0.0,0
2024-09-24T06:00,22.2,94,26.5,0.50,53,100,2.1,211,0.0,1
2024-09-24T07:00,22.6,92,26.8,0.10,51,100,2.0,225,16.0,1
2024-09-24T08:00,22.9,90,27.1,0.50,53,100,1.5,256,55.0,1
2024-09-24T09:00,24.0,89,28.5,0.30,51,100,2.1,239,235.0,1
2024-09-24T10:00,24.7,86,29.4,0.00,3,100,2.4,153,285.0,1
2024-09-24T11:00,25.7,84,30.5,0.00,3,100,3.9,146,405.0,1
2024-09-24T12:00,26.2,83,30.9,0.10,51,100,5.3,152,328.0,1
2024-09-24T13:00,26.5,83,31.6,1.10,55,100,4.8,117,332.0,1
2024-09-24T14:00,26.5,85,31.2,0.80,53,100,7.9,137,278.0,1
2024-09-24T15:00,26.2,84,30.5,0.60,53,100,9.7,138,251.0,1
2024-09-24T16:00,25.0,94,30.0,0.80,53,100,7.5,125,63.0,1
2024-09-24T17:00,24.9,94,30.2,1.50,61,100,4.8,117,54.0,1
2024-09-24T18:00,24.4,96,29.9,1.50,61,100,3.1,111,6.0,0
2024-09-24T19:00,24.4,96,29.8,0.90,53,100,3.1,111,0.0,0
2024-09-24T20:00,24.4,96,29.9,0.60,53,100,2.8,130,0.0,0
2024-09-24T21:00,24.4,96,29.4,7.20,63,100,5.9,128,0.0,0
2024-09-24T22:00,24.2,96,29.5,5.30,63,100,4.2,149,0.0,0
2024-09-24T23:00,24.6,92,30.1,2.90,63,100,1.0,135,0.0,0
2024-09-25T00:00,24.2,96,29.7,1.30,61,100,2.3,129,0.0,0
2024-09-25T01:00,24.4,94,29.8,0.40,51,100,2.3,141,0.0,0
2024-09-25T02:00,24.6,92,30.0,1.10,55,100,1.3,214,0.0,0
2024-09-25T03:00,24.6,92,30.0,0.50,53,99,1.0,225,0.0,0
2024-09-25T04:00,24.0,95,29.3,0.00,3,100,2.9,330,0.0,0
2024-09-25T05:00,23.9,96,29.0,0.00,3,99,3.6,323,0.0,0
2024-09-25T06:00,23.5,96,28.4,0.00,3,100,4.4,305,0.0,1
2024-09-25T07:00,24.8,92,29.8,0.00,3,100,4.0,280,48.0,1
2024-09-25T08:00,25.4,91,30.8,0.00,3,100,3.2,297,171.0,1
2024-09-25T09:00,25.8,91,31.5,0.30,51,100,3.7,313,214.0,1
2024-09-25T10:00,27.1,86,33.2,0.10,51,100,3.0,346,503.0,1
2024-09-25T11:00,27.9,83,34.2,0.10,51,28,2.6,56,577.0,1
2024-09-25T12:00,28.5,82,35.9,0.20,51,94,4.9,88,739.0,1
2024-09-25T13:00,27.7,80,32.6,5.50,63,100,8.0,166,461.0,1
2024-09-25T14:00,26.6,89,32.4,1.70,61,100,5.9,166,180.0,1
2024-09-25T15:00,26.8,88,32.6,1.40,61,100,3.9,114,243.0,1
2024-09-25T16:00,26.6,85,31.8,0.90,53,100,5.9,135,182.0,1
2024-09-25T17:00,26.0,89,31.4,0.50,53,100,4.7,92,67.0,1
2024-09-25T18:00,25.1,93,30.7,1.80,61,100,3.2,142,18.0,0
2024-09-25T19:00,25.1,95,31.0,3.00,63,100,2.2,156,0.0,0
2024-09-25T20:00,24.9,93,30.3,3.40,63,100,3.2,161,0.0,0
2024-09-25T21:00,24.8,94,30.4,6.80,63,100,2.2,360,0.0,0
2024-09-25T22:00,24.8,95,30.5,0.10,51,98,1.7,32,0.0,0
2024-09-25T23:00,24.6,95,30.1,0.20,51,100,2.8,15,0.0,0
2024-09-26T00:00,24.2,96,29.6,0.20,51,100,3.1,13,0.0,0
2024-09-26T01:00,24.2,95,29.7,0.10,51,100,2.4,318,0.0,0
2024-09-26T02:00,24.3,94,29.6,0.00,3,100,2.3,302,0.0,0
2024-09-26T03:00,24.1,94,29.4,0.00,3,100,2.8,310,0.0,0
2024-09-26T04:00,24.0,95,29.1,0.00,3,100,3.3,306,0.0,0
2024-09-26T05:00,23.9,96,28.9,0.00,3,92,3.3,311,0.0,0
2024-09-26T06:00,23.6,96,28.5,0.00,3,100,3.8,319,0.0,1
2024-09-26T07:00,24.7,93,30.1,0.00,3,100,2.7,312,42.0,1
2024-09-26T08:00,25.4,91,31.1,0.00,3,89,2.0,315,139.0,1
2024-09-26T09:00,26.8,87,33.0,0.10,51,53,1.7,342,360.0,1
2024-09-26T10:00,27.4,85,33.7,0.10,51,46,1.4,67,490.0,1
2024-09-26T11:00,27.7,85,34.0,0.20,51,99,2.9,97,537.0,1
2024-09-26T12:00,28.2,81,34.3,0.30,51,76,6.2,111,632.0,1
2024-09-26T13:00,27.4,82,32.3,0.30,51,100,9.4,102,555.0,1
2024-09-26T14:00,26.4,84,31.2,2.00,61,100,6.5,87,246.0,1
2024-09-26T15:00,26.6,85,31.8,0.70,53,100,5.2,96,246.0,1
2024-09-26T16:00,26.0,87,31.1,0.40,51,100,6.1,113,181.0,1
2024-09-26T17:00,25.5,90,30.8,0.70,53,100,4.5,140,89.0,1
2024-09-26T18:00,25.1,94,31.0,0.30,51,100,2.2,180,11.0,0
2024-09-26T19:00,24.9,94,30.4,0.40,51,100,3.1,183,0.0,0
2024-09-26T20:00,24.9,94,30.5,0.40,51,100,2.7,222,0.0,0
2024-09-26T21:00,25.4,87,30.6,0.20,51,86,2.4,234,0.0,0
2024-09-26T22:00,25.0,91,30.2,0.20,51,100,3.1,242,0.0,0
2024-09-26T23:00,24.5,92,29.6,1.20,55,93,3.0,237,0.0,0
2024-09-27T00:00,24.5,94,29.7,0.20,51,98,2.9,223,0.0,0
2024-09-27T01:00,24.3,92,29.1,0.00,3,100,4.0,260,0.0,0
2024-09-27T02:00,24.0,94,29.1,0.10,51,100,3.3,264,0.0,0
2024-09-27T03:00,24.2,94,29.3,0.10,51,100,2.9,248,0.0,0
2024-09-27T04:00,24.0,92,28.9,0.20,51,97,3.2,270,0.0,0
2024-09-27T05:00,24.2,91,29.2,0.00,2,58,2.6,192,0.0,0
2024-09-27T06:00,24.7,87,29.4,0.00,2,78,2.6,192,0.0,1
2024-09-27T07:00,24.7,88,29.6,0.00,1,40,3.0,284,44.0,1
2024-09-27T08:00,25.4,89,30.9,0.00,1,41,1.7,167,193.0,1
2024-09-27T09:00,26.0,86,31.4,0.00,2,57,2.7,307,321.0,1
2024-09-27T10:00,26.7,82,32.1,0.00,2,63,1.8,315,404.0,1
2024-09-27T11:00,27.6,78,33.2,0.00,2,53,1.0,301,494.0,1
2024-09-27T12:00,28.5,75,34.8,0.10,51,30,2.3,219,657.0,1
2024-09-27T13:00,28.8,72,34.5,0.00,3,80,3.2,146,629.0,1
2024-09-27T14:00,26.8,80,31.0,5.20,63,97,8.9,50,469.0,1
2024-09-27T15:00,25.5,88,30.7,4.40,63,99,3.3,283,243.0,1
2024-09-27T16:00,26.0,86,31.4,0.00,3,99,1.6,264,210.0,1
2024-09-27T17:00,25.9,86,31.0,0.10,51,95,3.6,267,141.0,1
2024-09-27T18:00,25.6,85,30.7,0.10,51,83,1.9,304,31.0,0
2024-09-27T19:00,25.8,83,30.8,0.30,51,69,2.3,315,0.0,0
2024-09-27T20:00,26.0,82,30.9,0.00,2,58,2.3,321,0.0,0
2024-09-27T21:00,24.9,88,29.8,0.10,51,95,3.5,24,0.0,0
2024-09-27T22:00,24.3,90,28.9,0.00,3,100,4.3,345,0.0,0
2024-09-27T23:00,24.6,87,29.2,0.00,3,91,3.6,323,0.0,0
2024-09-28T00:00,24.5,86,28.9,0.00,1,24,4.1,326,0.0,0
2024-09-28T01:00,24.1,86,28.3,0.00,0,14,4.5,320,0.0,0
2024-09-28T02:00,23.4,89,27.4,0.00,0,16,4.7,310,0.0,0
2024-09-28T03:00,23.1,90,27.0,0.00,1,21,4.9,309,0.0,0
2024-09-28T04:00,23.1,91,27.1,0.00,2,65,4.6,312,0.0,0
2024-09-28T05:00,23.5,92,27.7,0.00,3,91,5.4,312,0.0,0
2024-09-28T06:00,23.6,92,27.7,0.00,3,96,6.1,304,0.0,1
2024-09-28T07:00,24.1,91,28.2,0.00,3,92,7.3,303,25.0,1
2024-09-28T08:00,25.0,83,29.2,0.00,3,80,5.6,303,115.0,1
2024-09-28T09:00,27.0,74,30.9,0.00,1,31,7.0,23,437.0,1
2024-09-28T10:00,27.9,71,31.1,0.10,51,49,12.9,50,590.0,1
2024-09-28T11:00,28.1,70,31.7,0.20,51,41,11.7,59,593.0,1
2024-09-28T12:00,28.7,68,32.7,0.20,51,47,12.5,70,691.0,1
2024-09-28T13:00,29.0,67,33.0,0.20,51,32,13.0,72,706.0,1
2024-09-28T14:00,28.9,68,32.4,0.10,51,50,15.4,79,678.0,1
2024-09-28T15:00,28.0,73,31.1,0.10,51,16,15.1,82,532.0,1
2024-09-28T16:00,27.5,72,30.3,0.10,51,27,14.0,82,380.0,1
2024-09-28T17:00,26.5,78,30.2,0.00,0,16,9.6,78,188.0,1
2024-09-28T18:00,24.8,84,28.9,0.00,0,16,5.0,75,38.0,0
2024-09-28T19:00,24.5,82,28.1,0.00,0,6,5.8,22,0.0,0
2024-09-28T20:00,25.4,73,28.7,0.00,0,0,4.1,34,0.0,0
2024-09-28T21:00,23.4,87,26.8,0.00,0,0,7.0,21,0.0,0
2024-09-28T22:00,23.1,86,26.4,0.00,0,10,5.8,340,0.0,0
2024-09-28T23:00,22.9,87,26.3,0.00,0,8,4.7,313,0.0,0
2024-09-29T00:00,22.8,86,26.1,0.00,0,10,5.0,296,0.0,0
2024-09-29T01:00,22.5,88,25.8,0.00,0,15,5.0,291,0.0,0
2024-09-29T02:00,22.5,85,25.4,0.00,0,8,6.6,296,0.0,0
2024-09-29T03:00,22.4,84,25.0,0.00,0,8,6.9,295,0.0,0
2024-09-29T04:00,22.0,86,24.8,0.00,1,28,5.7,288,0.0,0
2024-09-29T05:00,22.5,84,25.1,0.00,2,63,7.3,295,0.0,0
2024-09-29T06:00,22.8,83,25.3,0.00,2,62,7.8,293,0.0,1
2024-09-29T07:00,23.5,83,26.3,0.00,3,100,8.2,285,40.0,1
2024-09-29T08:00,24.5,84,28.0,0.00,3,100,7.9,286,89.0,1
2024-09-29T09:00,25.9,76,29.3,0.00,2,62,7.9,347,166.0,1
2024-09-29T10:00,27.6,72,30.8,0.00,3,90,12.3,25,406.0,1
2024-09-29T11:00,28.0,72,30.5,0.00,3,84,17.5,37,529.0,1
2024-09-29T12:00,28.3,71,31.0,0.00,2,78,18.0,44,576.0,1
2024-09-29T13:00,28.3,73,31.6,0.00,2,54,15.0,47,522.0,1
2024-09-29T14:00,28.6,72,32.4,0.20,51,88,14.9,55,617.0,1
2024-09-29T15:00,28.2,76,32.3,0.00,3,83,11.6,58,363.0,1
2024-09-29T16:00,28.1,76,32.4,0.20,51,57,10.2,66,308.0,1
2024-09-29T17:00,27.5,81,32.5,0.10,51,30,6.1,60,164.0,1
2024-09-29T18:00,25.6,88,30.6,0.00,0,19,5.6,29,33.0,0
2024-09-29T19:00,25.0,89,29.7,0.00,0,16,5.4,360,0.0,0
2024-09-29T20:00,24.6,90,29.3,0.00,1,48,5.6,2,0.0,0
2024-09-29T21:00,25.2,87,30.1,0.10,51,27,4.7,7,0.0,0
2024-09-29T22:00,25.2,88,30.1,0.00,2,74,4.7,360,0.0,0
2024-09-29T23:00,25.2,88,30.0,0.00,2,50,5.4,346,0.0,0
2024-09-30T00:00,25.1,88,29.7,0.00,1,41,5.8,334,0.0,0
2024-09-30T01:00,24.8,89,29.3,0.00,2,50,5.7,332,0.0,0
2024-09-30T02:00,24.6,90,29.3,0.10,51,94,4.7,351,0.0,0
2024-09-30T03:00,24.8,89,29.6,0.10,51,82,4.3,355,0.0,0
2024-09-30T04:00,24.6,90,29.3,0.10,51,66,4.3,336,0.0,0
2024-09-30T05:00,24.5,90,29.2,0.10,51,94,4.8,331,0.0,0
2024-09-30T06:00,24.6,90,29.4,0.20,51,78,4.4,339,0.0,1
2024-09-30T07:00,25.4,88,30.0,0.10,51,71,7.1,333,42.0,1
2024-09-30T08:00,26.2,85,30.3,0.20,51,57,12.4,26,173.0,1
2024-09-30T09:00,27.3,81,31.6,0.10,51,21,11.2,26,357.0,1
2024-09-30T10:00,28.6,75,32.6,0.00,0,16,15.0,40,592.0,1
2024-09-30T11:00,29.2,71,33.4,0.10,51,18,15.6,39,683.0,1
2024-09-30T12:00,29.7,68,33.5,0.10,51,29,18.1,40,720.0,1
2024-09-30T13:00,30.0,67,33.5,0.10,51,31,18.8,43,690.0,1
2024-09-30T14:00,29.9,67,32.8,0.00,1,38,19.3,53,612.0,1
2024-09-30T15:00,28.8,72,32.0,0.10,51,32,16.6,51,424.0,1
2024-09-30T16:00,27.8,78,31.4,0.10,51,76,14.6,58,274.0,1
2024-09-30T17:00,26.6,82,30.4,1.10,55,100,13.7,56,112.0,1
2024-09-30T18:00,25.8,86,30.1,0.30,51,58,9.1,34,16.0,0
2024-09-30T19:00,25.5,87,29.8,0.10,51,64,8.4,15,0.0,0
2024-09-30T20:00,25.5,87,30.0,0.10,51,91,7.2,6,0.0,0
2024-09-30T21:00,25.7,87,29.7,0.00,2,65,11.4,356,0.0,0
2024-09-30T22:00,25.7,86,29.8,0.10,51,97,10.6,2,0.0,0
2024-09-30T23:00,25.6,86,29.5,0.60,53,100,11.9,18,0.0,0
2024-10-01T00:00,25.5,86,30.0,0.20,51,100,7.7,11,0.0,0
2024-10-01T01:00,25.4,87,29.8,0.10,51,100,7.3,7,0.0,0
2024-10-01T02:00,25.3,87,29.6,0.10,51,98,8.5,359,0.0,0
2024-10-01T03:00,24.7,92,29.4,0.70,53,100,6.5,355,0.0,0
2024-10-01T04:00,24.6,92,29.2,0.40,51,99,7.0,347,0.0,0
2024-10-01T05:00,24.5,92,29.2,0.60,53,100,6.6,351,0.0,0
2024-10-01T06:00,24.5,92,29.1,0.50,53,94,6.5,341,0.0,1
2024-10-01T07:00,25.0,89,29.1,0.20,51,97,10.1,336,28.0,1
2024-10-01T08:00,25.5,88,29.6,0.20,51,86,10.6,2,90.0,1
2024-10-01T09:00,26.7,85,30.7,0.20,51,81,14.6,9,219.0,1
2024-10-01T10:00,28.0,81,32.7,0.20,51,93,10.3,4,415.0,1
2024-10-01T11:00,28.9,77,33.2,0.20,51,97,14.1,19,439.0,1
2024-10-01T12:00,28.8,75,32.2,0.10,51,61,18.0,27,505.0,1
2024-10-01T13:00,28.6,74,31.8,0.80,53,100,18.3,53,476.0,1
2024-10-01T14:00,27.3,85,31.9,1.10,55,98,12.5,47,224.0,1
2024-10-01T15:00,27.7,82,32.2,0.40,51,93,12.1,32,362.0,1
2024-10-01T16:00,26.8,84,31.0,0.40,51,94,12.5,46,330.0,1
2024-10-01T17:00,25.8,88,31.0,0.50,53,99,4.6,26,116.0,1
2024-10-01T18:00,24.8,95,30.1,2.00,61,100,4.8,13,8.0,0
2024-10-01T19:00,24.5,94,29.3,0.60,53,100,6.9,9,0.0,0
2024-10-01T20:00,24.2,95,29.3,0.40,51,100,5.0,360,0.0,0
2024-10-01T21:00,24.8,83,28.7,0.10,51,100,5.6,360,0.0,0
2024-10-01T22:00,24.1,80,27.5,0.20,51,100,5.7,351,0.0,0
2024-10-01T23:00,23.8,78,26.5,0.00,3,100,6.6,331,0.0,0
2024-10-02T00:00,23.4,78,26.1,0.10,51,100,5.8,321,0.0,0
2024-10-02T01:00,23.2,76,25.7,0.00,3,100,5.2,319,0.0,0
2024-10-02T02:00,23.2,74,25.1,0.00,3,100,8.0,342,0.0,0
2024-10-02T03:00,22.8,73,24.6,0.00,3,100,6.3,358,0.0,0
2024-10-02T04:00,22.4,77,24.7,0.10,51,100,4.2,313,0.0,0
2024-10-02T05:00,22.2,74,24.2,0.40,51,100,5.2,335,0.0,0
2024-10-02T06:00,21.6,85,24.4,0.60,53,100,3.7,346,0.0,1
2024-10-02T07:00,20.9,84,22.9,2.00,61,100,5.8,346,11.0,1
2024-10-02T08:00,21.1,79,22.7,0.10,51,100,7.3,351,59.0,1
2024-10-02T09:00,21.9,77,23.2,0.00,3,100,10.1,5,146.0,1
2024-10-02T10:00,21.3,78,22.4,0.10,51,100,10.5,333,105.0,1
2024-10-02T11:00,22.0,76,23.7,0.40,51,100,7.8,326,270.0,1
2024-10-02T12:00,22.5,71,23.8,0.00,3,100,8.2,351,258.0,1
2024-10-02T13:00,22.5,68,23.6,0.00,3,100,8.0,352,180.0,1
2024-10-02T14:00,22.6,67,23.4,0.00,3,100,9.2,354,167.0,1
2024-10-02T15:00,22.2,68,22.6,0.00,3,100,11.3,358,103.0,1
2024-10-02T16:00,21.8,68,22.2,0.00,3,100,10.2,350,77.0,1
2024-10-02T17:00,21.5,67,21.9,0.00,3,100,8.2,350,45.0,1
2024-10-02T18:00,21.2,65,21.4,0.00,3,100,8.8,351,5.0,0
2024-10-02T19:00,20.7,69,21.5,0.60,53,100,5.6,356,0.0,0
2024-10-02T20:00,19.8,82,21.3,1.00,55,100,4.9,350,0.0,0
2024-10-02T21:00,20.5,69,20.6,0.00,3,100,9.0,6,0.0,0
2024-10-02T22:00,20.1,67,19.7,0.00,3,100,11.4,355,0.0,0
2024-10-02T23:00,19.8,68,19.8,0.00,3,100,8.0,355,0.0,0
2024-10-03T00:00,19.5,67,19.6,0.10,51,100,7.2,342,0.0,0
2024-10-03T01:00,19.6,65,19.3,0.00,3,100,8.7,342,0.0,0
2024-10-03T02:00,19.4,67,19.4,0.00,3,100,6.3,345,0.0,0
2024-10-03T03:00,19.5,65,19.4,0.00,3,100,6.7,351,0.0,0
2024-10-03T04:00,19.5,65,19.2,0.00,3,100,7.8,352,0.0,0
2024-10-03T05:00,18.9,68,19.0,0.00,3,100,5.1,328,0.0,0
2024-10-03T06:00,19.0,70,19.4,0.50,53,100,4.1,347,0.0,1
2024-10-03T07:00,18.8,73,19.1,0.80,53,100,6.4,349,14.0,1
2024-10-03T08:00,19.5,70,19.9,0.30,51,100,5.4,326,88.0,1
2024-10-03T09:00,21.7,61,21.1,0.00,3,100,12.9,354,316.0,1
2024-10-03T10:00,22.3,58,21.6,0.00,3,98,13.0,356,452.0,1
2024-10-03T11:00,23.2,56,22.8,0.00,3,100,12.0,8,488.0,1
2024-10-03T12:00,23.5,56,23.1,0.00,3,100,12.5,8,425.0,1
2024-10-03T13:00,22.9,60,23.1,0.00,3,100,8.8,2,231.0,1
2024-10-03T14:00,22.5,61,23.1,0.00,3,100,7.2,346,174.0,1
2024-10-03T15:00,22.1,65,22.8,0.00,3,100,7.1,7,116.0,1
2024-10-03T16:00,21.8,65,22.6,0.00,3,100,5.9,2,94.0,1
2024-10-03T17:00,21.3,68,22.4,0.00,3,100,4.7,351,65.0,1
2024-10-03T18:00,20.9,67,21.7,0.00,3,100,4.8,331,7.0,0
2024-10-03T19:00,20.9,66,21.3,0.00,3,99,7.2,332,0.0,0
2024-10-03T20:00,20.5,69,21.1,0.00,3,92,6.4,322,0.0,0
2024-10-03T21:00,19.9,76,20.5,0.00,3,100,7.9,330,0.0,0
2024-10-03T22:00,20.0,75,20.6,0.00,3,100,8.0,335,0.0,0
2024-10-03T23:00,20.0,73,20.7,0.10,51,100,6.9,332,0.0,0
2024-10-04T00:00,19.8,74,20.7,0.10,51,100,5.0,322,0.0,0
2024-10-04T01:00,19.8,72,20.6,0.40,51,100,4.6,329,0.0,0
2024-10-04T02:00,19.5,76,20.0,0.50,53,100,8.0,312,0.0,0
2024-10-04T03:00,19.2,78,19.9,0.10,51,100,8.0,308,0.0,0
2024-10-04T04:00,19.2,77,19.6,0.00,3,100,9.1,309,0.0,0
2024-10-04T05:00,19.1,76,19.7,0.00,3,100,7.5,323,0.0,0
2024-10-04T06:00,19.2,77,19.8,0.00,3,100,7.3,314,0.0,1
2024-10-04T07:00,19.5,75,20.1,0.00,3,100,7.2,332,12.0,1
2024-10-04T08:00,20.0,74,20.4,0.00,3,100,8.7,322,64.0,1
2024-10-04T09:00,21.0,71,21.5,0.00,3,100,10.3,331,212.0,1
2024-10-04T10:00,21.9,67,22.0,0.00,3,96,11.6,342,316.0,1
2024-10-04T11:00,23.4,63,23.7,0.00,3,80,11.4,356,523.0,1
2024-10-04T12:00,24.3,60,24.6,0.00,3,100,12.2,19,524.0,1
2024-10-04T13:00,23.1,67,24.1,0.90,53,100,9.4,45,307.0,1
2024-10-04T14:00,21.5,82,24.0,3.90,63,100,3.2,63,120.0,1
2024-10-04T15:00,21.3,85,24.2,2.60,63,100,2.0,185,94.0,1
2024-10-04T16:00,21.0,90,24.2,2.20,61,100,1.7,162,52.0,1
2024-10-04T17:00,20.7,91,23.6,2.20,61,100,4.0,175,41.0,1
2024-10-04T18:00,20.5,93,23.5,2.00,61,100,3.2,227,9.0,0
2024-10-04T19:00,20.6,93,23.9,2.80,63,100,2.1,232,0.0,0
2024-10-04T20:00,20.5,94,23.7,3.50,63,100,2.9,240,0.0,0
2024-10-04T21:00,20.1,95,22.9,1.30,61,100,5.3,298,0.0,0
2024-10-04T22:00,20.1,94,22.8,0.30,51,100,5.0,272,0.0,0
2024-10-04T23:00,20.1,93,22.7,0.10,51,100,5.2,284,0.0,0
2024-10-05T00:00,20.0,94,22.6,0.20,51,100,5.4,285,0.0,0
2024-10-05T01:00,20.1,91,22.4,0.10,51,100,6.3,275,0.0,0
2024-10-05T02:00,20.0,94,22.5,0.00,3,100,6.2,277,0.0,0
2024-10-05T03:00,20.0,94,22.6,0.10,51,100,6.2,280,0.0,0
2024-10-05T04:00,20.0,95,22.6,0.20,51,100,5.5,281,0.0,0
2024-10-05T05:00,20.1,94,22.4,0.00,3,100,7.4,274,0.0,0
2024-10-05T06:00,20.2,92,22.6,0.00,3,100,6.0,277,0.0,1
2024-10-05T07:00,20.4,92,22.7,0.00,3,100,7.2,276,15.0,1
2024-10-05T08:00,20.9,91,23.4,0.00,3,100,7.1,277,51.0,1
2024-10-05T09:00,20.9,93,23.5,0.70,53,100,7.3,280,88.0,1
2024-10-05T10:00,21.7,90,24.7,0.30,51,100,5.9,297,147.0,1
2024-10-05T11:00,22.1,89,25.1,0.20,51,100,7.1,300,141.0,1
2024-10-05T12:00,23.0,87,26.5,0.00,3,100,5.4,300,270.0,1
2024-10-05T13:00,24.0,84,27.6,0.00,3,93,5.3,280,285.0,1
2024-10-05T14:00,25.4,78,29.1,0.00,2,60,4.7,274,495.0,1
2024-10-05T15:00,25.9,76,29.7,0.00,2,54,4.7,263,451.0,1
2024-10-05T16:00,26.0,75,29.9,0.00,1,38,4.2,275,282.0,1
2024-10-05T17:00,25.6,86,30.9,0.00,2,64,1.4,293,151.0,1
2024-10-05T18:00,25.8,76,30.2,0.00,3,83,0.6,198,19.0,0
2024-10-05T19:00,25.2,81,29.7,0.00,3,86,2.4,257,0.0,0
2024-10-05T20:00,24.9,81,29.0,0.00,3,100,3.5,279,0.0,0
2024-10-05T21:00,22.8,90,26.7,0.00,3,100,3.3,276,0.0,0
2024-10-05T22:00,22.9,90,26.9,0.00,3,100,3.1,273,0.0,0
2024-10-05T23:00,22.9,90,26.9,0.00,3,100,3.2,273,0.0,0
2024-10-06T00:00,22.8,92,26.9,0.00,3,100,3.2,273,0.0,0
2024-10-06T01:00,22.8,92,27.0,0.20,51,100,3.1,270,0.0,0
2024-10-06T02:00,22.9,92,27.0,0.10,51,100,3.2,286,0.0,0
2024-10-06T03:00,22.8,92,26.9,0.10,51,100,3.4,288,0.0,0
2024-10-06T04:00,22.9,92,26.8,0.10,51,100,4.4,291,0.0,0
2024-10-06T05:00,22.8,91,26.6,0.00,3,100,4.3,287,0.0,0
2024-10-06T06:00,22.8,92,26.8,0.00,3,100,3.8,287,0.0,1
2024-10-06T07:00,23.2,90,27.2,0.00,3,100,4.7,286,19.0,1
2024-10-06T08:00,23.9,89,28.0,0.00,3,100,4.5,270,83.0,1
2024-10-06T09:00,25.8,83,30.4,0.00,2,54,4.5,307,320.0,1
2024-10-06T10:00,27.2,77,31.9,0.00,1,45,4.8,347,463.0,1
2024-10-06T11:00,28.2,73,33.5,0.20,51,64,4.8,56,628.0,1
2024-10-06T12:00,28.5,73,34.0,0.10,51,39,2.9,86,594.0,1
2024-10-06T13:00,28.9,73,34.5,0.00,3,100,4.7,118,623.0,1
2024-10-06T14:00,28.1,78,33.2,0.70,53,79,7.1,111,531.0,1
2024-10-06T15:00,27.5,82,32.9,0.20,51,70,5.1,48,483.0,1
2024-10-06T16:00,26.5,84,32.0,2.90,63,89,2.2,185,232.0,1
2024-10-06T17:00,25.8,87,30.9,4.40,63,90,4.5,293,121.0,1
2024-10-06T18:00,25.0,95,30.5,0.10,51,99,4.1,304,16.0,0
2024-10-06T19:00,24.5,97,30.0,0.00,3,99,3.8,329,0.0,0
2024-10-06T20:00,24.6,94,30.0,0.70,53,99,3.6,323,0.0,0
2024-10-06T21:00,23.8,95,28.7,1.90,61,100,3.5,246,0.0,0
2024-10-06T22:00,23.5,94,28.0,0.60,53,100,4.7,272,0.0,0
2024-10-06T23:00,23.5,93,28.0,0.00,3,98,3.6,288,0.0,0
2024-10-07T00:00,23.3,94,27.9,0.10,51,90,3.6,307,0.0,0
2024-10-07T01:00,23.5,96,28.4,0.20,51,86,3.1,306,0.0,0
2024-10-07T02:00,23.5,96,28.3,0.30,51,96,3.6,303,0.0,0
2024-10-07T03:00,23.4,97,28.3,0.70,53,100,3.6,319,0.0,0
2024-10-07T04:00,23.5,96,28.6,0.60,53,91,2.6,309,0.0,0
2024-10-07T05:00,23.4,97,28.2,0.20,51,84,3.4,295,0.0,0
2024-10-07T06:00,23.2,96,27.9,0.10,51,83,3.8,319,0.0,1
2024-10-07T07:00,24.3,91,29.3,0.10,51,95,2.6,309,30.0,1
2024-10-07T08:00,24.6,91,30.1,0.20,51,94,1.0,315,112.0,1
2024-10-07T09:00,26.1,84,31.4,0.10,51,26,2.2,312,336.0,1
2024-10-07T10:00,26.9,82,32.3,0.10,51,100,2.5,21,518.0,1
2024-10-07T11:00,26.5,83,31.4,0.30,51,100,5.8,76,295.0,1
2024-10-07T12:00,25.5,86,30.4,6.10,63,75,3.5,62,354.0,1
2024-10-07T13:00,26.5,77,30.8,3.60,63,96,4.9,118,465.0,1
2024-10-07T14:00,26.9,79,31.2,0.50,53,82,7.9,110,432.0,1
2024-10-07T15:00,26.1,82,30.3,3.00,63,88,8.6,102,419.0,1
2024-10-07T16:00,25.6,84,29.8,0.60,53,98,8.5,89,248.0,1
2024-10-07T17:00,25.0,86,29.4,0.30,51,100,5.2,92,116.0,1
2024-10-07T18:00,24.4,92,29.6,0.50,53,100,2.2,81,8.0,0
2024-10-07T19:00,24.0,91,28.6,0.80,53,100,3.9,77,0.0,0
2024-10-07T20:00,23.5,94,27.8,1.70,61,100,5.7,72,0.0,0
2024-10-07T21:00,23.9,91,28.8,0.80,53,100,1.3,164,0.0,0
2024-10-07T22:00,23.5,93,28.5,0.80,53,100,1.4,157,0.0,0
2024-10-07T23:00,23.2,94,28.1,1.00,55,100,1.4,140,0.0,0
2024-10-08T00:00,23.0,94,27.6,0.80,53,100,2.0,153,0.0,0
2024-10-08T01:00,22.8,94,27.2,0.50,53,100,2.9,184,0.0,0
2024-10-08T02:00,22.5,94,26.7,0.20,51,100,3.6,183,0.0,0
2024-10-08T03:00,22.3,94,26.3,0.10,51,100,3.2,177,0.0,0
2024-10-08T04:00,22.1,93,26.0,0.30,51,100,3.1,187,0.0,0
2024-10-08T05:00,22.0,93,25.8,0.30,51,100,2.9,173,0.0,0
2024-10-08T06:00,21.9,93,25.7,0.40,51,100,2.7,180,0.0,1
2024-10-08T07:00,22.0,92,25.8,0.20,51,100,3.5,195,16.0,1
2024-10-08T08:00,22.4,88,25.9,0.10,51,100,3.6,217,63.0,1
2024-10-08T09:00,23.2,86,26.7,0.00,3,100,5.0,322,151.0,1
2024-10-08T10:00,23.5,81,26.4,0.00,3,100,5.8,334,200.0,1
2024-10-08T11:00,23.8,78,26.7,0.00,3,100,5.3,352,229.0,1
2024-10-08T12:00,24.0,75,26.8,0.00,3,100,4.9,6,228.0,1
2024-10-08T13:00,24.0,76,26.9,0.00,3,100,4.4,9,183.0,1
2024-10-08T14:00,24.0,74,26.9,0.00,3,100,4.5,29,168.0,1
2024-10-08T15:00,24.0,76,27.0,0.00,3,100,4.3,42,111.0,1
2024-10-08T16:00,23.9,76,26.9,0.00,3,100,4.0,85,108.0,1
2024-10-08T17:00,23.1,80,26.1,0.00,3,100,4.1,113,29.0,1
2024-10-08T18:00,22.5,82,25.1,0.10,51,100,6.2,107,4.0,0
2024-10-08T19:00,22.0,81,23.9,0.10,51,100,8.1,93,0.0,0
2024-10-08T20:00,21.5,76,23.3,0.00,3,100,4.5,95,0.0,0
2024-10-08T21:00,21.1,81,23.5,0.00,3,100,3.1,90,0.0,0
2024-10-08T22:00,21.0,84,23.6,0.00,3,100,3.1,54,0.0,0
2024-10-08T23:00,21.5,69,23.3,0.00,3,100,1.4,337,0.0,0
2024-10-09T00:00,21.5,68,23.1,0.00,3,99,1.7,328,0.0,0
2024-10-09T01:00,21.6,68,23.2,0.00,3,99,1.5,346,0.0,0
2024-10-09T02:00,21.5,68,23.0,0.00,3,100,1.9,22,0.0,0
2024-10-09T03:00,21.4,68,23.0,0.00,3,98,1.4,50,0.0,0
2024-10-09T04:00,20.8,77,22.7,0.00,3,100,2.5,21,0.0,0
2024-10-09T05:00,21.2,70,22.7,0.00,3,100,2.2,24,0.0,0
2024-10-09T06:00,21.1,71,22.7,0.00,3,100,2.0,63,0.0,1
2024-10-09T07:00,21.0,73,22.9,0.00,3,100,1.5,83,26.0,1
2024-10-09T08:00,21.1,74,22.9,0.00,3,87,2.7,53,110.0,1
2024-10-09T09:00,22.1,72,23.7,0.00,3,88,5.7,35,262.0,1
2024-10-09T10:00,22.8,69,24.2,0.00,2,61,6.8,40,382.0,1
2024-10-09T11:00,24.0,65,25.9,0.00,3,100,5.3,52,589.0,1
2024-10-09T12:00,24.2,65,25.9,0.00,3,100,5.6,88,410.0,1
2024-10-09T13:00,24.7,64,26.7,0.00,3,100,4.7,99,517.0,1
2024-10-09T14:00,24.6,64,26.6,0.00,3,100,4.9,107,380.0,1
2024-10-09T15:00,24.3,66,26.1,0.00,3,100,6.2,116,243.0,1
2024-10-09T16:00,23.6,70,25.1,0.00,1,23,9.6,120,275.0,1
2024-10-09T17:00,22.4,76,24.1,0.00,1,31,7.7,118,158.0,1
2024-10-09T18:00,21.2,80,23.2,0.00,1,42,5.5,117,18.0,0
2024-10-09T19:00,20.4,84,22.4,0.00,1,35,4.6,129,0.0,0
2024-10-09T20:00,20.5,81,22.5,0.00,2,54,3.8,149,0.0,0
2024-10-09T21:00,20.2,85,22.5,1.60,61,61,3.8,180,0.0,0
2024-10-09T22:00,20.0,87,22.3,0.10,51,54,3.8,139,0.0,0
2024-10-09T23:00,21.1,76,23.1,0.00,2,53,2.2,95,0.0,0
2024-10-10T00:00,20.9,77,22.9,0.00,2,56,2.0,27,0.0,0
2024-10-10T01:00,19.6,87,21.9,0.00,3,100,3.2,308,0.0,0
2024-10-10T02:00,19.8,87,22.1,0.00,3,100,2.9,292,0.0,0
2024-10-10T03:00,19.6,89,22.0,0.00,3,100,2.9,292,0.0,0
2024-10-10T04:00,19.5,90,21.7,0.00,3,100,4.4,300,0.0,0
2024-10-10T05:00,19.5,92,21.7,0.00,3,100,4.5,293,0.0,0
2024-10-10T06:00,19.5,92,21.9,0.00,3,100,3.9,294,0.0,1
2024-10-10T07:00,20.0,90,22.3,0.00,3,100,5.1,297,22.0,1
2024-10-10T08:00,20.5,86,23.0,0.00,2,71,3.5,291,97.0,1
2024-10-10T09:00,21.9,74,23.9,0.00,2,73,2.9,43,235.0,1
2024-10-10T10:00,22.9,71,25.0,0.00,3,100,3.4,58,434.0,1
2024-10-10T11:00,23.5,69,25.7,0.00,3,96,3.4,96,434.0,1
2024-10-10T12:00,24.1,67,26.2,0.00,3,98,4.5,97,528.0,1
2024-10-10T13:00,24.2,67,26.2,0.00,3,100,5.9,108,425.0,1
2024-10-10T14:00,23.8,69,25.1,0.00,2,79,10.1,117,335.0,1
2024-10-10T15:00,23.3,66,24.0,0.00,1,29,11.0,116,422.0,1
2024-10-10T16:00,22.8,65,23.5,0.00,0,4,9.2,116,344.0,1
2024-10-10T17:00,21.8,71,23.1,0.00,0,4,5.7,122,162.0,1
2024-10-10T18:00,19.7,78,20.7,0.00,0,3,6.6,135,20.0,0
2024-10-10T19:00,21.8,59,22.6,0.00,0,3,2.0,153,0.0,0
2024-10-10T20:00,21.5,59,22.2,0.00,0,4,2.8,315,0.0,0
2024-10-10T21:00,20.5,68,21.5,0.00,0,0,3.5,305,0.0,0
2024-10-10T22:00,18.2,84,19.3,0.00,0,0,5.1,312,0.0,0
2024-10-10T23:00,17.2,94,18.5,0.00,0,0,5.9,308,0.0,0
2024-10-11T00:00,17.1,96,18.7,0.00,0,18,4.8,304,0.0,0
2024-10-11T01:00,17.2,96,18.8,0.00,1,34,4.9,298,0.0,0
2024-10-11T02:00,17.0,94,18.3,0.00,0,10,5.2,301,0.0,0
2024-10-11T03:00,16.6,96,17.8,0.00,0,5,5.6,301,0.0,0
2024-10-11T04:00,16.3,97,17.4,0.00,0,10,6.4,299,0.0,0
2024-10-11T05:00,16.1,99,17.1,0.00,0,19,6.8,299,0.0,0
2024-10-11T06:00,16.0,99,17.0,0.00,1,32,7.0,296,0.0,1
2024-10-11T07:00,17.2,96,18.3,0.00,1,33,8.1,299,51.0,1
2024-10-11T08:00,19.2,87,20.7,0.00,0,17,6.4,297,222.0,1
2024-10-11T09:00,21.5,72,23.2,0.00,0,10,2.9,317,419.0,1
2024-10-11T10:00,22.9,67,24.4,0.00,0,4,7.9,49,623.0,1
2024-10-11T11:00,23.8,60,25.2,0.00,0,4,9.8,59,741.0,1
2024-10-11T12:00,24.4,56,26.0,0.00,0,2,10.6,60,819.0,1
2024-10-11T13:00,24.6,53,25.8,0.00,0,1,11.1,68,802.0,1
2024-10-11T14:00,24.6,53,25.5,0.00,0,0,10.7,83,718.0,1
2024-10-11T15:00,24.1,56,24.2,0.00,0,0,11.2,89,574.0,1
2024-10-11T16:00,23.2,63,23.5,0.00,0,0,11.7,92,382.0,1
2024-10-11T17:00,21.8,73,23.3,0.00,0,0,6.0,100,171.0,1
2024-10-11T18:00,19.6,81,20.8,0.00,0,1,7.1,114,19.0,0
2024-10-11T19:00,21.6,67,23.1,0.00,0,0,2.2,156,0.0,0
2024-10-11T20:00,18.5,85,20.0,0.00,0,0,4.4,300,0.0,0
2024-10-11T21:00,18.9,86,20.4,0.00,0,0,5.2,301,0.0,0
2024-10-11T22:00,18.4,90,20.1,0.00,0,4,4.9,303,0.0,0
2024-10-11T23:00,18.1,91,19.7,0.00,0,3,5.4,310,0.0,0
2024-10-12T00:00,18.0,90,19.3,0.00,0,5,6.4,313,0.0,0
2024-10-12T01:00,17.9,90,19.0,0.00,0,0,7.1,306,0.0,0
2024-10-12T02:00,17.5,93,18.6,0.00,0,1,6.8,302,0.0,0
2024-10-12T03:00,17.3,94,18.5,0.00,0,2,6.4,302,0.0,0
2024-10-12T04:00,17.1,93,18.4,0.00,0,3,5.4,300,0.0,0
2024-10-12T05:00,17.1,92,18.3,0.00,0,7,5.8,304,0.0,0
2024-10-12T06:00,17.0,92,18.1,0.00,0,19,5.8,300,0.0,0
2024-10-12T07:00,18.8,86,19.8,0.00,1,24,7.5,300,46.0,1
2024-10-12T08:00,20.6,78,21.9,0.00,0,13,7.0,293,210.0,1
2024-10-12T09:00,21.6,74,23.1,0.00,3,91,6.1,289,237.0,1
2024-10-12T10:00,23.2,69,25.3,0.00,3,84,3.8,315,354.0,1
2024-10-12T11:00,24.9,66,26.6,0.00,3,98,8.3,56,477.0,1
2024-10-12T12:00,25.4,66,26.9,0.10,51,92,11.7,72,498.0,1
2024-10-12T13:00,25.4,67,26.9,0.00,3,89,11.7,77,379.0,1
2024-10-12T14:00,25.3,68,26.9,0.00,2,55,12.2,73,356.0,1
2024-10-12T15:00,25.1,68,26.6,0.00,3,90,12.8,73,372.0,1
2024-10-12T16:00,24.6,72,26.9,0.00,3,100,8.5,86,216.0,1
2024-10-12T17:00,23.6,78,26.6,0.00,3,100,4.9,92,96.0,1
2024-10-12T18:00,23.5,75,26.2,0.00,3,100,3.8,109,10.0,0
2024-10-12T19:00,23.4,76,26.6,0.10,51,48,0.5,225,0.0,0
2024-10-12T20:00,23.2,76,26.3,0.00,1,33,1.4,293,0.0,0
2024-10-12T21:00,22.4,80,25.3,0.00,0,19,2.7,290,0.0,0
2024-10-12T22:00,20.6,91,23.4,0.00,1,25,4.6,296,0.0,0
2024-10-12T23:00,20.5,92,23.4,0.00,1,40,4.8,295,0.0,0
2024-10-13T00:00,21.1,90,24.1,0.00,3,100,4.4,300,0.0,0
2024-10-13T01:00,21.4,88,24.1,0.00,3,100,5.6,303,0.0,0
2024-10-13T02:00,21.4,88,24.2,0.10,51,100,5.0,305,0.0,0
2024-10-13T03:00,21.4,88,24.3,0.10,51,88,4.7,302,0.0,0
2024-10-13T04:00,21.1,90,24.0,0.00,2,78,4.4,302,0.0,0
2024-10-13T05:00,21.0,90,23.8,0.00,2,58,4.9,303,0.0,0
2024-10-13T06:00,21.3,88,24.0,0.00,2,70,5.7,311,0.0,0
2024-10-13T07:00,22.0,87,24.5,0.00,1,33,8.0,316,33.0,1
2024-10-13T08:00,23.4,83,26.4,0.00,1,34,7.1,306,171.0,1
2024-10-13T09:00,25.0,76,28.1,0.00,2,57,6.4,10,374.0,1
2024-10-13T10:00,26.1,72,29.3,0.00,3,87,6.9,53,452.0,1
2024-10-13T11:00,26.6,70,29.9,0.20,51,40,6.8,65,520.0,1
2024-10-13T12:00,27.0,68,30.6,0.20,51,37,7.9,74,650.0,1
2024-10-13T13:00,27.2,67,30.7,0.20,51,27,8.4,80,636.0,1
2024-10-13T14:00,27.2,67,30.2,0.20,51,40,9.4,77,591.0,1
2024-10-13T15:00,27.0,68,29.9,0.20,51,39,9.2,86,440.0,1
2024-10-13T16:00,26.1,73,29.3,0.40,51,63,8.3,91,291.0,1
2024-10-13T17:00,25.1,83,29.4,0.00,1,45,4.8,119,130.0,1
2024-10-13T18:00,23.3,91,27.3,0.00,1,36,5.2,136,14.0,0
2024-10-13T19:00,22.6,93,26.5,0.00,1,43,5.3,135,0.0,0
2024-10-13T20:00,23.5,88,27.9,0.00,2,61,2.3,67,0.0,0
2024-10-13T21:00,23.4,87,27.3,0.00,1,44,2.8,285,0.0,0
2024-10-13T22:00,23.5,86,27.7,0.10,51,36,1.7,319,0.0,0
2024-10-13T23:00,23.2,88,27.4,0.10,51,74,2.0,315,0.0,0
2024-10-14T00:00,22.1,94,26.0,0.20,51,68,3.4,317,0.0,0
2024-10-14T01:00,21.9,95,25.7,0.10,51,66,4.0,321,0.0,0
2024-10-14T02:00,21.5,96,25.3,0.00,3,100,4.2,306,0.0,0
2024-10-14T03:00,21.5,96,25.3,0.00,3,92,4.1,299,0.0,0
2024-10-14T04:00,21.6,96,25.4,0.00,2,65,3.6,303,0.0,0
2024-10-14T05:00,21.5,96,25.2,0.00,2,65,4.0,309,0.0,0
2024-10-14T06:00,21.0,96,24.4,0.00,1,38,4.2,306,0.0,0
2024-10-14T07:00,21.9,94,25.4,0.00,1,28,5.8,309,43.0,1
2024-10-14T08:00,23.0,92,27.1,0.00,1,25,4.5,307,200.0,1
2024-10-14T09:00,25.1,82,29.5,0.00,0,13,4.0,309,421.0,1
2024-10-14T10:00,26.6,75,31.0,0.00,1,42,4.0,30,580.0,1
2024-10-14T11:00,27.5,69,31.8,0.10,51,18,3.1,54,593.0,1
2024-10-14T12:00,28.3,66,33.3,0.00,0,19,2.1,75,661.0,1
2024-10-14T13:00,28.7,63,33.3,0.10,51,15,2.8,101,644.0,1
2024-10-14T14:00,28.7,64,32.4,0.10,51,27,6.0,123,569.0,1
2024-10-14T15:00,28.3,65,31.6,0.10,51,25,8.1,125,472.0,1
2024-10-14T16:00,27.4,72,30.8,0.00,0,15,8.9,124,306.0,1
2024-10-14T17:00,26.1,80,30.3,0.00,0,8,6.2,128,144.0,1
2024-10-14T18:00,24.0,91,28.3,0.00,0,6,5.4,143,14.0,0
2024-10-14T19:00,23.5,92,27.8,0.00,0,1,5.2,166,0.0,0
2024-10-14T20:00,24.1,91,28.9,0.00,0,2,3.1,201,0.0,0
2024-10-14T21:00,23.9,92,28.9,0.00,0,2,1.7,221,0.0,0
2024-10-14T22:00,23.6,94,28.4,0.00,0,2,3.0,303,0.0,0
2024-10-14T23:00,22.5,97,26.9,0.00,0,5,3.6,327,0.0,0
2024-10-15T00:00,21.6,100,25.6,0.00,0,17,4.3,312,0.0,0
2024-10-15T01:00,21.2,100,25.0,0.00,1,35,5.0,322,0.0,0
2024-10-15T02:00,21.1,99,24.9,0.00,3,99,4.7,320,0.0,0
2024-10-15T03:00,21.6,98,25.6,0.00,3,100,4.1,326,0.0,0
2024-10-15T04:00,21.6,97,25.3,0.00,3,97,5.1,318,0.0,0
2024-10-15T05:00,21.8,93,25.0,0.00,3,100,5.7,307,0.0,0
2024-10-15T06:00,21.9,91,25.1,0.10,51,100,5.5,297,0.0,0
2024-10-15T07:00,22.4,89,25.5,0.10,51,78,6.4,302,22.0,1
2024-10-15T08:00,23.5,86,27.0,0.10,51,38,6.1,300,160.0,1
2024-10-15T09:00,25.2,82,29.6,0.20,51,90,3.5,291,266.0,1
2024-10-15T10:00,26.6,77,31.4,0.10,51,57,2.2,48,444.0,1
2024-10-15T11:00,27.3,75,31.4,0.30,51,49,8.5,92,575.0,1
2024-10-15T12:00,27.8,75,32.8,0.30,51,37,8.3,92,685.0,1
2024-10-15T13:00,28.2,74,33.1,0.00,1,21,7.7,91,627.0,1
2024-10-15T14:00,27.5,76,31.8,0.20,51,52,8.3,91,479.0,1
2024-10-15T15:00,27.3,76,31.3,0.10,51,56,8.5,89,411.0,1
2024-10-15T16:00,26.0,79,30.2,0.30,51,84,5.6,68,212.0,1
2024-10-15T17:00,25.6,83,30.4,0.10,51,86,2.7,82,92.0,1
2024-10-15T18:00,24.4,89,28.8,0.00,2,61,4.9,126,11.0,0
2024-10-15T19:00,25.0,84,29.6,0.10,51,63,3.0,128,0.0,0
2024-10-15T20:00,24.5,88,29.3,0.10,51,55,2.2,166,0.0,0
2024-10-15T21:00,24.6,89,29.8,0.00,1,48,0.6,304,0.0,0
2024-10-15T22:00,23.1,95,27.7,0.00,1,48,3.1,298,0.0,0
2024-10-15T23:00,22.5,97,26.7,0.00,2,55,4.5,304,0.0,0
2024-10-16T00:00,22.5,97,26.8,0.10,51,76,4.6,329,0.0,0
2024-10-16T01:00,22.9,95,27.3,0.10,51,45,4.0,333,0.0,0
2024-10-16T02:00,22.1,96,26.1,0.10,51,34,5.1,328,0.0,0
2024-10-16T03:00,22.0,96,25.9,0.00,1,40,4.7,317,0.0,0
2024-10-16T04:00,22.1,95,25.9,0.00,1,22,4.5,323,0.0,0
2024-10-16T05:00,21.9,94,25.5,0.00,1,27,5.0,316,0.0,0
2024-10-16T06:00,22.0,93,25.5,0.00,1,23,5.0,314,0.0,0
2024-10-16T07:00,23.1,90,26.9,0.00,0,14,5.5,308,43.0,1
2024-10-16T08:00,24.1,84,28.0,0.00,1,36,5.1,337,204.0,1
2024-10-16T09:00,25.7,79,29.3,0.00,2,72,8.4,31,398.0,1
2024-10-16T10:00,26.7,73,30.1,0.00,1,38,9.1,49,528.0,1
2024-10-16T11:00,27.5,68,31.1,0.00,3,92,9.3,61,650.0,1
2024-10-16T12:00,27.8,65,30.6,0.00,3,87,10.2,72,570.0,1
2024-10-16T13:00,28.1,65,31.1,0.00,3,98,10.7,85,602.0,1
2024-10-16T14:00,27.9,66,30.6,0.00,1,46,11.0,88,468.0,1
2024-10-16T15:00,27.7,66,30.4,0.00,3,89,11.2,85,425.0,1
2024-10-16T16:00,26.9,71,29.8,0.00,1,26,10.9,97,312.0,1
2024-10-16T17:00,25.3,79,28.9,0.00,1,20,6.9,110,142.0,1
2024-10-16T18:00,23.4,89,27.2,0.00,1,21,5.2,124,12.0,0
2024-10-16T19:00,23.2,88,27.0,0.00,0,13,4.7,133,0.0,0
2024-10-16T20:00,23.9,84,28.1,0.00,1,24,1.7,302,0.0,0
2024-10-16T21:00,23.6,85,27.7,0.00,0,4,2.3,203,0.0,0
2024-10-16T22:00,23.1,88,27.3,0.00,0,13,1.5,240,0.0,0
2024-10-16T23:00,21.5,95,25.2,0.00,0,12,3.1,280,0.0,0
2024-10-17T00:00,21.6,96,25.5,0.00,0,10,3.9,283,0.0,0
2024-10-17T01:00,21.4,96,24.9,0.00,0,2,5.0,289,0.0,0
2024-10-17T02:00,20.9,96,24.1,0.00,0,0,5.2,292,0.0,0
2024-10-17T03:00,20.6,96,23.6,0.00,0,7,5.3,303,0.0,0
2024-10-17T04:00,20.4,96,23.3,0.00,0,15,5.0,314,0.0,0
2024-10-17T05:00,19.9,97,22.7,0.00,2,53,5.1,312,0.0,0
2024-10-17T06:00,20.4,97,23.5,0.00,3,100,4.6,315,0.0,0
2024-10-17T07:00,21.1,94,23.9,0.00,3,100,7.9,311,25.0,1
2024-10-17T08:00,22.4,88,25.3,0.00,3,91,7.9,300,102.0,1
2024-10-17T09:00,25.4,76,28.5,0.00,1,39,8.7,308,356.0,1
2024-10-17T10:00,27.0,71,31.0,0.00,3,88,3.6,351,480.0,1
2024-10-17T11:00,27.6,69,31.7,0.00,2,66,4.3,73,414.0,1
2024-10-17T12:00,28.4,67,32.1,0.00,3,100,6.6,74,517.0,1
2024-10-17T13:00,28.6,66,32.5,0.00,2,61,7.3,80,573.0,1
2024-10-17T14:00,28.4,68,32.0,0.00,2,54,8.6,91,454.0,1
2024-10-17T15:00,28.0,71,31.5,0.00,2,50,9.6,103,419.0,1
2024-10-17T16:00,27.0,76,30.8,0.30,51,38,9.2,118,260.0,1
2024-10-17T17:00,25.9,83,30.3,0.10,51,14,6.2,131,118.0,1
2024-10-17T18:00,24.2,90,28.8,0.00,1,24,4.2,162,11.0,0
2024-10-17T19:00,23.5,94,27.9,0.00,1,23,4.5,175,0.0,0
2024-10-17T20:00,24.1,91,28.8,0.00,1,26,3.6,189,0.0,0
2024-10-17T21:00,24.2,92,29.3,0.00,0,14,2.3,219,0.0,0
2024-10-17T22:00,24.0,93,29.0,0.00,0,14,2.7,278,0.0,0
2024-10-17T23:00,23.0,96,27.5,0.00,1,27,3.4,302,0.0,0
2024-10-18T00:00,22.1,99,26.5,0.00,1,28,3.9,298,0.0,0
2024-10-18T01:00,21.6,100,25.7,0.00,3,99,4.5,293,0.0,0
2024-10-18T02:00,22.0,100,26.4,0.00,3,100,3.4,295,0.0,0
2024-10-18T03:00,22.3,99,26.6,0.00,3,100,4.8,290,0.0,0
2024-10-18T04:00,22.1,99,26.2,0.00,3,100,5.7,294,0.0,0
2024-10-18T05:00,22.2,98,26.2,0.00,2,67,5.8,296,0.0,0
2024-10-18T06:00,22.0,97,26.0,0.00,3,100,4.9,287,0.0,0
2024-10-18T07:00,22.5,96,26.6,0.00,3,100,5.4,284,25.0,1
2024-10-18T08:00,23.8,90,28.0,0.00,2,62,5.2,292,124.0,1
2024-10-18T09:00,25.9,82,30.4,0.00,0,3,4.5,299,403.0,1
2024-10-18T10:00,27.3,75,32.2,0.00,0,6,3.3,292,579.0,1
2024-10-18T11:00,28.0,73,33.6,0.00,0,0,1.8,259,637.0,1
2024-10-18T12:00,28.8,69,35.3,0.00,0,2,0.4,27,743.0,1
2024-10-18T13:00,29.2,64,34.5,0.00,0,5,3.0,57,683.0,1
2024-10-18T14:00,29.8,63,34.6,0.00,0,3,3.3,77,600.0,1
2024-10-18T15:00,30.0,64,34.7,0.00,0,3,3.6,127,498.0,1
2024-10-18T16:00,29.4,70,34.2,0.00,0,9,6.2,131,333.0,1
2024-10-18T17:00,27.7,82,33.0,0.00,0,7,6.6,139,142.0,1
2024-10-18T18:00,26.0,91,31.5,0.00,0,14,6.0,131,11.0,0
2024-10-18T19:00,25.2,95,30.9,0.00,1,29,4.5,130,0.0,0
2024-10-18T20:00,24.1,96,29.1,0.00,1,46,4.7,130,0.0,0
2024-10-18T21:00,24.9,93,30.3,0.00,0,16,3.3,103,0.0,0
2024-10-18T22:00,25.1,94,31.1,0.00,0,8,1.7,72,0.0,0
2024-10-18T23:00,24.5,100,30.9,0.00,3,100,0.9,323,0.0,0
2024-10-19T00:00,23.1,100,28.0,0.00,3,97,4.2,306,0.0,0
2024-10-19T01:00,23.4,100,28.5,0.00,3,97,4.1,311,0.0,0
2024-10-19T02:00,23.0,100,28.1,0.00,3,98,3.5,305,0.0,0
2024-10-19T03:00,22.9,100,27.6,0.00,3,100,5.0,314,0.0,0
2024-10-19T04:00,22.9,100,27.5,0.00,3,100,5.1,309,0.0,0
2024-10-19T05:00,22.6,100,27.2,0.00,3,100,4.7,310,0.0,0
2024-10-19T06:00,22.7,100,27.1,0.00,3,100,5.9,310,0.0,0
2024-10-19T07:00,23.4,96,27.8,0.00,3,97,5.7,311,26.0,1
2024-10-19T08:00,24.6,90,29.4,0.00,2,53,5.0,316,157.0,1
2024-10-19T09:00,26.9,83,32.2,0.00,2,54,4.2,340,370.0,1
2024-10-19T10:00,28.5,73,33.4,0.10,51,24,5.5,27,548.0,1
2024-10-19T11:00,29.6,67,34.8,0.10,51,16,6.5,56,659.0,1
2024-10-19T12:00,30.5,63,35.5,0.00,0,12,8.4,75,722.0,1
2024-10-19T13:00,30.8,61,35.0,0.00,0,13,12.2,90,726.0,1
2024-10-19T14:00,29.7,65,32.9,0.00,1,30,17.1,93,657.0,1
2024-10-19T15:00,27.5,77,30.6,0.00,2,50,16.9,82,482.0,1
2024-10-19T16:00,26.7,76,29.4,0.00,2,73,15.7,77,281.0,1
2024-10-19T17:00,25.6,75,28.2,0.00,2,52,12.2,82,98.0,1
2024-10-19T18:00,24.3,77,27.2,0.00,2,65,6.5,90,8.0,0
2024-10-19T19:00,24.1,80,27.3,0.10,51,85,5.8,94,0.0,0
2024-10-19T20:00,24.0,81,27.1,0.00,3,89,7.4,84,0.0,0
2024-10-19T21:00,24.1,81,27.2,0.00,3,86,8.0,85,0.0,0
2024-10-19T22:00,23.2,84,26.6,0.00,3,88,4.9,98,0.0,0
2024-10-19T23:00,23.2,79,25.9,0.00,3,86,6.4,79,0.0,0
2024-10-20T00:00,22.6,74,24.4,0.00,3,93,6.5,71,0.0,0
2024-10-20T01:00,21.9,81,24.3,0.00,3,100,5.0,49,0.0,0
2024-10-20T02:00,21.9,82,24.4,0.00,3,100,4.6,9,0.0,0
2024-10-20T03:00,22.1,79,24.6,0.00,3,100,4.0,30,0.0,0
2024-10-20T04:00,22.0,76,24.2,0.00,3,100,4.0,58,0.0,0
2024-10-20T05:00,21.9,78,24.2,0.00,3,100,3.7,55,0.0,0
2024-10-20T06:00,21.7,79,24.0,0.00,3,100,3.6,45,0.0,0
2024-10-20T07:00,21.9,76,23.8,0.00,3,100,4.8,34,15.0,1
2024-10-20T08:00,22.0,74,24.1,0.00,3,99,4.0,39,75.0,1
2024-10-20T09:00,23.0,71,24.5,0.00,1,27,8.4,62,356.0,1
2024-10-20T10:00,24.2,65,25.0,0.00,2,75,12.2,49,525.0,1
2024-10-20T11:00,25.3,62,26.3,0.00,3,81,12.3,56,570.0,1
2024-10-20T12:00,25.8,62,27.0,0.00,2,70,11.4,78,561.0,1
2024-10-20T13:00,26.5,61,28.7,0.00,2,50,11.3,83,686.0,1
2024-10-20T14:00,26.4,62,27.8,0.00,2,67,12.3,97,566.0,1
2024-10-20T15:00,24.6,69,25.5,0.00,2,53,14.9,113,457.0,1
2024-10-20T16:00,23.3,73,24.7,0.00,1,21,11.3,108,292.0,1
2024-10-20T17:00,22.8,75,24.7,0.00,0,19,7.1,109,123.0,1
2024-10-20T18:00,21.4,82,23.7,0.00,0,13,4.3,88,9.0,0
2024-10-20T19:00,22.0,74,24.1,0.00,0,17,3.1,36,0.0,0
2024-10-20T20:00,20.5,84,22.8,0.00,0,16,3.6,319,0.0,0
2024-10-20T21:00,20.5,85,22.8,0.00,0,18,4.1,326,0.0,0
2024-10-20T22:00,20.2,86,22.3,0.00,1,30,4.7,328,0.0,0
2024-10-20T23:00,20.1,88,22.3,0.00,0,18,4.6,321,0.0,0
2024-10-21T00:00,20.0,90,22.4,0.00,0,12,4.4,308,0.0,0
2024-10-21T01:00,19.8,91,22.2,0.00,0,17,4.4,302,0.0,0
2024-10-21T02:00,19.2,92,21.4,0.00,0,18,5.1,309,0.0,0
2024-10-21T03:00,19.0,93,21.1,0.00,0,15,5.1,302,0.0,0
2024-10-21T04:00,18.8,93,20.8,0.00,0,14,5.4,307,0.0,0
2024-10-21T05:00,18.5,94,20.3,0.00,0,19,6.0,316,0.0,0
2024-10-21T06:00,18.4,94,20.3,0.00,0,17,5.6,312,0.0,0
2024-10-21T07:00,20.1,90,22.6,0.00,0,10,4.6,315,41.0,1
2024-10-21T08:00,21.5,83,24.0,0.00,0,4,4.1,322,210.0,1
2024-10-21T09:00,23.5,75,26.0,0.00,1,39,5.4,6,410.0,1
2024-10-21T10:00,25.2,66,27.2,0.00,2,54,7.7,33,537.0,1
2024-10-21T11:00,26.9,60,29.2,0.00,1,35,7.5,57,599.0,1
2024-10-21T12:00,27.6,57,30.2,0.00,1,41,10.5,59,717.0,1
2024-10-21T13:00,28.1,57,31.1,0.00,1,20,8.9,47,716.0,1
2024-10-21T14:00,29.1,53,31.3,0.00,2,61,9.2,47,608.0,1
2024-10-21T15:00,28.5,57,30.4,0.00,1,22,11.2,75,350.0,1
2024-10-21T16:00,26.4,70,28.4,0.00,0,18,14.3,102,296.0,1
2024-10-21T17:00,24.6,78,27.7,0.00,0,1,7.7,121,133.0,1
2024-10-21T18:00,22.5,89,25.8,0.00,0,0,6.0,131,9.0,0
2024-10-21T19:00,23.6,83,27.1,0.00,0,11,4.8,121,0.0,0
2024-10-21T20:00,23.7,83,27.3,0.00,1,34,4.0,63,0.0,0
2024-10-21T21:00,23.5,83,27.5,0.00,3,94,1.7,311,0.0,0
2024-10-21T22:00,23.0,90,27.0,0.00,3,100,3.2,341,0.0,0
2024-10-21T23:00,23.2,87,27.1,0.00,3,100,3.4,335,0.0,0
2024-10-22T00:00,23.0,89,26.8,0.00,3,100,3.5,336,0.0,0
2024-10-22T01:00,22.9,89,26.8,0.10,51,76,3.3,347,0.0,0
2024-10-22T02:00,22.1,92,25.7,0.00,1,24,4.8,333,0.0,0
2024-10-22T03:00,21.6,93,25.1,0.00,1,23,4.3,312,0.0,0
2024-10-22T04:00,21.0,94,24.2,0.00,0,14,4.9,303,0.0,0
2024-10-22T05:00,20.5,95,23.4,0.00,0,10,5.5,311,0.0,0
2024-10-22T06:00,20.0,96,22.6,0.00,0,6,5.9,308,0.0,0
2024-10-22T07:00,21.4,93,24.6,0.00,0,6,5.2,304,40.0,1
2024-10-22T08:00,22.8,89,26.6,0.00,0,4,2.9,300,204.0,1
2024-10-22T09:00,24.9,80,29.1,0.00,0,9,1.3,304,409.0,1
2024-10-22T10:00,26.2,72,29.8,0.00,1,45,5.5,58,574.0,1
2024-10-22T11:00,27.1,67,30.3,0.00,2,51,5.9,90,531.0,1
2024-10-22T12:00,27.8,64,31.0,0.00,2,64,7.8,75,615.0,1
2024-10-22T13:00,27.7,64,30.3,0.00,3,100,9.5,80,521.0,1
2024-10-22T14:00,27.6,65,29.8,0.00,1,23,12.8,92,489.0,1
2024-10-22T15:00,27.5,66,30.1,0.00,1,20,11.2,114,422.0,1
2024-10-22T16:00,26.9,69,29.8,0.00,1,23,9.3,127,306.0,1
2024-10-22T17:00,24.7,80,27.7,0.00,1,21,9.3,133,115.0,1
2024-10-22T18:00,23.1,86,26.6,0.00,0,18,5.2,151,8.0,0
2024-10-22T19:00,22.1,92,25.6,0.00,1,22,5.2,136,0.0,0
2024-10-22T20:00,23.1,83,26.6,0.00,1,37,2.4,81,0.0,0
2024-10-22T21:00,22.5,92,26.5,0.00,3,96,3.4,354,0.0,0
2024-10-22T22:00,23.0,90,27.2,0.00,3,100,2.2,346,0.0,0
2024-10-22T23:00,23.0,88,27.0,0.10,51,100,2.3,29,0.0,0
2024-10-23T00:00,22.8,87,26.4,0.30,51,83,3.6,53,0.0,0
2024-10-23T01:00,22.5,88,25.7,0.10,51,76,5.7,49,0.0,0
2024-10-23T02:00,22.0,89,25.1,0.20,51,72,5.2,56,0.0,0
2024-10-23T03:00,21.1,90,24.1,0.10,51,72,4.0,69,0.0,0
2024-10-23T04:00,21.1,89,23.9,0.10,51,57,4.1,67,0.0,0
2024-10-23T05:00,20.6,89,23.3,0.00,1,23,4.2,59,0.0,0
2024-10-23T06:00,19.5,91,21.5,0.00,1,23,5.7,46,0.0,0
2024-10-23T07:00,21.0,82,22.9,0.00,2,61,5.6,50,37.0,1
2024-10-23T08:00,21.1,77,22.2,0.00,2,54,9.4,50,174.0,1
2024-10-23T09:00,22.9,65,22.9,0.00,1,37,13.6,55,390.0,1
2024-10-23T10:00,23.4,61,23.4,0.00,1,47,13.0,55,555.0,1
2024-10-23T11:00,24.0,52,24.1,0.00,2,74,12.5,55,698.0,1
2024-10-23T12:00,24.8,49,25.4,0.00,1,46,11.4,51,773.0,1
2024-10-23T13:00,25.5,48,26.2,0.00,2,56,11.6,35,762.0,1
2024-10-23T14:00,26.0,45,26.0,0.00,3,96,12.3,50,676.0,1
2024-10-23T15:00,25.0,47,24.1,0.00,3,100,13.2,84,530.0,1
2024-10-23T16:00,22.6,59,22.0,0.00,3,100,13.8,107,338.0,1
2024-10-23T17:00,20.3,70,20.0,0.00,1,34,12.5,105,134.0,1
2024-10-23T18:00,19.3,74,19.7,0.00,1,46,7.4,93,8.0,0
2024-10-23T19:00,19.1,74,19.7,0.00,1,43,5.9,70,0.0,0
2024-10-23T20:00,17.9,79,18.4,0.00,3,85,6.1,45,0.0,0
2024-10-23T21:00,19.4,73,19.9,0.00,3,100,6.4,38,0.0,0
2024-10-23T22:00,19.5,69,19.7,0.00,3,100,6.8,29,0.0,0
2024-10-23T23:00,19.0,69,18.9,0.00,3,100,7.7,21,0.0,0
2024-10-24T00:00,18.1,73,18.2,0.00,3,100,5.8,7,0.0,0
2024-10-24T01:00,17.6,72,17.6,0.00,3,100,5.6,17,0.0,0
2024-10-24T02:00,17.4,69,16.9,0.00,3,99,7.0,1,0.0,0
2024-10-24T03:00,17.0,68,16.1,0.00,3,100,8.6,348,0.0,0
2024-10-24T04:00,16.8,68,16.0,0.00,3,100,6.7,357,0.0,0
2024-10-24T05:00,17.0,63,15.8,0.00,3,100,7.4,347,0.0,0
2024-10-24T06:00,16.5,66,15.5,0.00,3,92,6.9,343,0.0,0
2024-10-24T07:00,17.2,64,16.5,0.00,3,100,5.4,2,40.0,1
2024-10-24T08:00,18.4,58,17.0,0.00,3,97,9.4,328,208.0,1
2024-10-24T09:00,20.2,54,18.9,0.00,3,87,10.3,357,418.0,1
2024-10-24T10:00,21.6,51,20.0,0.00,3,95,14.3,17,588.0,1
2024-10-24T11:00,22.4,52,21.4,0.00,2,76,15.5,26,684.0,1
2024-10-24T12:00,22.6,51,22.0,0.00,3,100,14.3,25,720.0,1
2024-10-24T13:00,23.0,50,22.4,0.00,3,100,13.2,30,670.0,1
2024-10-24T14:00,23.2,53,22.2,0.00,3,100,13.3,55,495.0,1
2024-10-24T15:00,23.2,52,22.2,0.00,3,100,13.7,51,472.0,1
2024-10-24T16:00,22.9,55,22.3,0.00,3,90,11.1,54,262.0,1
2024-10-24T17:00,21.8,57,21.3,0.00,3,100,9.1,68,91.0,1
2024-10-24T18:00,21.1,54,20.3,0.00,3,100,9.2,57,4.0,0
2024-10-24T19:00,20.9,55,19.9,0.00,3,92,9.8,44,0.0,0
2024-10-24T20:00,20.6,58,19.8,0.00,3,100,9.3,46,0.0,0
2024-10-24T21:00,21.1,57,20.6,0.00,3,100,8.5,28,0.0,0
2024-10-24T22:00,20.8,59,20.6,0.00,3,100,6.7,27,0.0,0
2024-10-24T23:00,20.6,60,20.6,0.00,3,100,5.7,9,0.0,0
2024-10-25T00:00,20.6,59,20.4,0.00,3,96,6.4,16,0.0,0
2024-10-25T01:00,20.4,61,20.4,0.00,3,100,5.4,14,0.0,0
2024-10-25T02:00,20.3,61,20.4,0.00,3,99,4.7,351,0.0,0
2024-10-25T03:00,19.9,63,20.0,0.00,3,90,5.4,354,0.0,0
2024-10-25T04:00,20.0,63,20.1,0.00,3,96,5.4,346,0.0,0
2024-10-25T05:00,19.9,65,20.1,0.00,3,100,4.8,331,0.0,0
2024-10-25T06:00,20.1,64,20.3,0.00,3,100,5.4,326,0.0,0
2024-10-25T07:00,20.4,66,20.8,0.00,3,100,6.0,335,9.0,1
2024-10-25T08:00,21.1,68,21.7,0.00,3,100,7.2,325,55.0,1
2024-10-25T09:00,22.0,64,22.4,0.00,3,100,8.6,330,130.0,1
2024-10-25T10:00,22.6,64,23.2,0.00,3,100,8.8,341,151.0,1
2024-10-25T11:00,23.6,64,24.4,0.00,3,100,10.3,347,225.0,1
2024-10-25T12:00,24.5,64,25.6,0.00,3,100,10.8,4,273.0,1
2024-10-25T13:00,25.0,65,26.0,0.00,3,100,12.0,13,255.0,1
2024-10-25T14:00,25.0,67,26.7,0.00,3,99,10.3,4,202.0,1
2024-10-25T15:00,25.0,68,26.9,0.00,3,100,9.6,354,198.0,1
2024-10-25T16:00,24.5,71,26.6,0.00,3,100,7.6,346,66.0,1
2024-10-25T17:00,23.9,74,26.6,0.00,3,100,4.6,339,17.0,1
2024-10-25T18:00,23.6,75,26.2,0.00,3,100,4.7,358,2.0,0
2024-10-25T19:00,23.8,71,25.7,0.00,3,80,7.8,8,0.0,0
2024-10-25T20:00,23.4,73,25.4,0.00,3,100,7.4,1,0.0,0
2024-10-25T21:00,23.1,80,26.1,0.00,3,100,4.8,326,0.0,0
2024-10-25T22:00,23.1,80,26.1,0.00,3,100,4.3,338,0.0,0
2024-10-25T23:00,23.0,79,26.0,0.00,3,100,3.6,307,0.0,0
2024-10-26T00:00,23.0,80,25.9,0.00,3,100,4.8,312,0.0,0
2024-10-26T01:00,23.0,80,25.7,0.00,3,100,5.6,303,0.0,0
2024-10-26T02:00,23.0,80,25.8,0.00,3,100,4.8,292,0.0,0
2024-10-26T03:00,22.8,82,25.5,0.10,51,100,5.8,265,0.0,0
2024-10-26T04:00,22.4,85,25.2,0.10,51,100,6.6,259,0.0,0
2024-10-26T05:00,22.1,86,24.8,0.10,51,100,7.3,280,0.0,0
2024-10-26T06:00,21.9,86,24.2,0.10,51,100,8.0,276,0.0,0
2024-10-26T07:00,21.9,85,24.2,0.10,51,100,8.6,278,12.0,1
2024-10-26T08:00,22.0,84,24.2,0.10,51,100,9.2,282,51.0,1
2024-10-26T09:00,22.4,85,24.6,0.00,3,100,9.9,274,106.0,1
2024-10-26T10:00,22.7,86,25.5,0.10,51,100,7.8,266,127.0,1
2024-10-26T11:00,23.1,86,26.3,0.30,51,100,6.7,294,146.0,1
2024-10-26T12:00,23.2,84,26.2,0.20,51,100,7.6,317,163.0,1
2024-10-26T13:00,23.2,84,25.9,0.10,51,100,9.7,325,177.0,1
2024-10-26T14:00,23.6,83,26.3,0.00,3,100,9.9,314,170.0,1
2024-10-26T15:00,24.4,81,27.5,0.00,3,100,8.7,297,200.0,1
2024-10-26T16:00,24.6,80,27.8,0.00,3,100,8.0,297,157.0,1
2024-10-26T17:00,23.8,82,26.5,0.00,1,37,9.6,293,45.0,1
2024-10-26T18:00,22.8,85,25.8,0.00,3,99,6.5,293,5.0,0
2024-10-26T19:00,23.0,83,25.9,0.00,3,100,6.9,303,0.0,0
2024-10-26T20:00,22.6,85,25.6,0.00,1,35,6.2,308,0.0,0
2024-10-26T21:00,22.9,85,25.9,0.00,3,100,6.8,282,0.0,0
2024-10-26T22:00,23.0,87,26.3,0.10,51,94,5.5,281,0.0,0
2024-10-26T23:00,22.9,87,26.1,0.00,3,100,6.8,295,0.0,0
2024-10-27T00:00,23.0,87,26.3,0.50,53,100,5.6,287,0.0,0
2024-10-27T01:00,22.5,93,25.9,0.60,53,100,7.2,305,0.0,0
2024-10-27T02:00,22.4,95,26.1,0.20,51,100,5.8,304,0.0,0
2024-10-27T03:00,22.4,95,26.2,0.40,51,100,5.4,285,0.0,0
2024-10-27T04:00,22.3,95,26.1,0.60,53,100,5.6,277,0.0,0
2024-10-27T05:00,22.2,96,26.0,0.50,53,100,5.5,261,0.0,0
2024-10-27T06:00,22.2,96,26.1,0.80,53,100,4.9,280,0.0,0
2024-10-27T07:00,22.4,96,26.5,1.00,55,100,4.5,293,5.0,1
2024-10-27T08:00,22.8,95,27.0,0.50,53,100,4.5,277,28.0,1
2024-10-27T09:00,25.1,86,29.7,0.00,1,37,4.5,277,243.0,1
2024-10-27T10:00,26.9,76,31.0,0.10,51,71,6.5,5,464.0,1
2024-10-27T11:00,27.6,73,32.0,0.10,51,49,5.3,35,482.0,1
2024-10-27T12:00,28.0,71,32.6,0.00,1,42,2.9,79,460.0,1
2024-10-27T13:00,28.3,70,33.0,0.10,51,43,5.2,92,617.0,1
2024-10-27T14:00,28.3,70,32.5,0.10,51,38,6.0,117,493.0,1
2024-10-27T15:00,28.0,72,31.9,0.10,51,44,8.5,128,384.0,1
2024-10-27T16:00,26.9,78,31.0,0.10,51,57,8.5,128,224.0,1
2024-10-27T17:00,25.8,84,30.5,0.00,2,65,5.3,125,85.0,1
2024-10-27T18:00,24.5,89,29.0,0.00,2,63,4.5,140,5.0,0
2024-10-27T19:00,23.9,92,28.5,0.00,2,61,4.0,159,0.0,0
2024-10-27T20:00,23.4,94,27.9,0.00,2,59,3.8,183,0.0,0
2024-10-27T21:00,23.6,96,28.6,0.00,2,60,3.6,171,0.0,0
2024-10-27T22:00,23.2,96,27.8,0.10,51,70,4.3,158,0.0,0
2024-10-27T23:00,23.5,91,28.0,0.10,51,84,3.6,108,0.0,0
2024-10-28T00:00,22.6,92,26.5,0.10,51,100,4.9,96,0.0,0
2024-10-28T01:00,22.4,88,25.7,0.00,3,100,4.5,113,0.0,0
2024-10-28T02:00,22.1,88,25.4,0.00,3,100,3.9,114,0.0,0
2024-10-28T03:00,22.0,87,25.2,0.00,3,100,3.5,125,0.0,0
2024-10-28T04:00,21.8,86,24.6,0.00,3,94,5.3,118,0.0,0
2024-10-28T05:00,21.1,85,23.6,0.00,2,79,4.2,126,0.0,0
2024-10-28T06:00,20.6,83,22.9,0.00,3,90,3.3,131,0.0,0
2024-10-28T07:00,21.2,77,23.1,0.00,1,39,3.9,146,22.0,1
2024-10-28T08:00,21.6,74,23.6,0.00,2,57,3.1,144,144.0,1
2024-10-28T09:00,21.2,82,24.0,0.00,3,100,1.1,180,130.0,1
2024-10-28T10:00,21.9,81,24.5,0.10,51,98,3.1,93,173.0,1
2024-10-28T11:00,22.5,78,25.1,0.10,51,82,3.6,87,298.0,1
2024-10-28T12:00,23.6,72,26.0,0.00,3,100,4.8,79,485.0,1
2024-10-28T13:00,24.4,69,26.3,0.00,3,100,7.0,72,495.0,1
2024-10-28T14:00,24.4,68,25.9,0.00,3,100,9.4,83,401.0,1
2024-10-28T15:00,23.9,68,25.2,0.00,3,100,9.5,101,296.0,1
2024-10-28T16:00,23.0,71,24.4,0.00,3,100,9.0,134,147.0,1
2024-10-28T17:00,22.2,75,24.0,0.00,2,77,6.3,153,62.0,1
2024-10-28T18:00,21.0,82,23.4,0.00,2,62,3.4,137,3.0,0
2024-10-28T19:00,21.0,83,23.5,0.00,3,100,3.0,142,0.0,0
2024-10-28T20:00,21.2,84,24.0,0.00,3,100,2.3,180,0.0,0
2024-10-28T21:00,21.4,77,23.7,0.00,3,95,2.3,122,0.0,0
2024-10-28T22:00,21.5,73,23.6,0.00,2,77,1.8,37,0.0,0
2024-10-28T23:00,20.6,78,22.5,0.00,2,77,3.3,347,0.0,0
2024-10-29T00:00,19.8,82,21.5,0.00,3,87,4.4,339,0.0,0
2024-10-29T01:00,19.2,86,21.0,0.00,2,52,4.7,310,0.0,0
2024-10-29T02:00,19.0,85,20.6,0.00,3,94,4.6,306,0.0,0
2024-10-29T03:00,19.1,83,20.7,0.00,3,100,3.9,336,0.0,0
2024-10-29T04:00,18.9,86,20.5,0.00,3,88,3.7,346,0.0,0
2024-10-29T05:00,17.8,91,19.3,0.00,1,43,5.0,330,0.0,0
2024-10-29T06:00,17.5,92,18.9,0.00,2,66,5.0,322,0.0,0
2024-10-29T07:00,19.0,89,20.8,0.00,3,89,4.6,321,33.0,1
2024-10-29T08:00,20.2,76,21.7,0.00,1,43,3.6,333,198.0,1
2024-10-29T09:00,21.7,67,22.7,0.00,0,14,5.5,23,360.0,1
2024-10-29T10:00,22.8,62,23.7,0.00,2,53,5.3,35,534.0,1
2024-10-29T11:00,23.8,60,25.5,0.00,1,20,6.3,55,670.0,1
2024-10-29T12:00,24.7,58,26.3,0.00,2,64,8.4,56,680.0,1
2024-10-29T13:00,24.9,58,25.8,0.00,2,51,8.9,71,571.0,1
2024-10-29T14:00,24.6,60,24.9,0.00,2,78,12.6,91,535.0,1
2024-10-29T15:00,23.0,67,23.5,0.00,1,38,12.6,109,438.0,1
2024-10-29T16:00,21.9,71,22.6,0.00,2,62,10.8,118,301.0,1
2024-10-29T17:00,20.8,76,21.9,0.00,3,82,7.0,119,110.0,1
2024-10-29T18:00,19.2,85,20.7,0.00,3,92,5.9,101,5.0,0
2024-10-29T19:00,19.1,81,20.4,0.00,3,96,5.1,51,0.0,0
2024-10-29T20:00,19.6,77,20.8,0.00,3,96,4.4,81,0.0,0
2024-10-29T21:00,19.5,86,21.4,0.00,3,100,4.0,8,0.0,0
2024-10-29T22:00,19.2,84,20.9,0.00,3,100,4.0,352,0.0,0
2024-10-29T23:00,19.0,84,20.5,0.00,3,100,4.9,17,0.0,0
2024-10-30T00:00,19.2,80,20.6,0.00,3,92,4.6,26,0.0,0
2024-10-30T01:00,17.6,84,18.4,0.00,3,100,6.0,357,0.0,0
2024-10-30T02:00,17.1,86,17.8,0.00,3,88,6.7,2,0.0,0
2024-10-30T03:00,19.0,73,19.8,0.00,3,94,4.5,34,0.0,0
2024-10-30T04:00,18.7,73,19.3,0.00,2,66,4.4,81,0.0,0
2024-10-30T05:00,18.4,72,19.1,0.00,2,73,2.1,105,0.0,0
2024-10-30T06:00,18.2,70,19.0,0.00,0,3,0.6,72,0.0,0
2024-10-30T07:00,17.5,85,18.8,0.00,0,10,1.7,319,35.0,1
2024-10-30T08:00,18.7,72,19.3,0.00,1,28,3.5,294,204.0,1
2024-10-30T09:00,20.4,67,20.7,0.00,3,83,6.5,358,384.0,1
2024-10-30T10:00,21.8,58,21.4,0.00,3,80,10.5,5,561.0,1
2024-10-30T11:00,23.4,55,23.3,0.00,3,98,12.3,18,653.0,1
2024-10-30T12:00,24.2,56,24.7,0.00,3,97,12.2,28,653.0,1
2024-10-30T13:00,25.2,58,24.7,0.00,3,98,20.9,46,619.0,1
2024-10-30T14:00,25.0,62,24.9,0.00,3,100,18.5,45,415.0,1
2024-10-30T15:00,25.0,65,25.8,0.00,3,100,13.7,51,301.0,1
2024-10-30T16:00,24.3,66,24.8,0.00,3,100,15.3,60,233.0,1
2024-10-30T17:00,23.3,68,23.9,0.00,3,100,12.9,35,52.0,1
2024-10-30T18:00,22.8,69,23.7,0.00,3,97,9.3,32,2.0,0
2024-10-30T19:00,22.5,70,23.4,0.00,3,100,9.9,22,0.0,0
2024-10-30T20:00,22.3,71,23.6,0.00,3,100,7.6,15,0.0,0
2024-10-30T21:00,22.5,75,23.8,0.00,3,100,9.7,19,0.0,0
2024-10-30T22:00,22.2,75,23.5,0.00,3,100,10.1,11,0.0,0
2024-10-30T23:00,22.1,74,23.2,0.00,3,100,10.1,10,0.0,0
2024-10-31T00:00,21.9,74,22.9,0.00,3,100,9.6,13,0.0,0
2024-10-31T01:00,21.7,74,22.4,0.00,3,99,11.6,353,0.0,0
2024-10-31T02:00,21.4,75,22.6,0.00,3,100,8.0,352,0.0,0
2024-10-31T03:00,21.4,73,22.0,0.00,3,100,11.1,353,0.0,0
2024-10-31T04:00,21.4,73,22.1,0.00,3,100,10.3,349,0.0,0
2024-10-31T05:00,21.5,72,21.6,0.00,3,100,13.5,348,0.0,0
2024-10-31T06:00,21.5,72,21.7,0.00,3,100,13.0,358,0.0,0
2024-10-31T07:00,21.5,73,21.8,0.00,3,100,13.3,358,10.0,1
2024-10-31T08:00,21.7,75,22.4,0.00,3,100,12.4,347,37.0,1
2024-10-31T09:00,22.2,78,23.5,0.10,51,100,12.5,356,62.0,1
2024-10-31T10:00,23.5,76,24.6,0.00,3,100,15.2,7,175.0,1
2024-10-31T11:00,24.5,74,26.2,0.00,3,100,13.1,351,270.0,1
2024-10-31T12:00,24.6,75,26.1,0.00,3,100,15.5,356,318.0,1
2024-10-31T13:00,25.5,74,27.5,0.10,51,100,15.7,356,406.0,1
2024-10-31T14:00,25.5,75,27.2,0.00,3,100,17.7,4,290.0,1
2024-10-31T15:00,25.0,75,25.5,0.10,51,100,24.8,11,187.0,1
2024-10-31T16:00,24.2,81,25.1,1.20,55,100,23.0,21,112.0,1
2024-10-31T17:00,22.9,90,24.5,1.50,61,100,19.4,16,23.0,1
2024-10-31T18:00,22.8,91,23.7,0.70,53,100,24.3,7,1.0,0
2024-10-31T19:00,22.7,90,23.7,1.30,61,100,23.4,7,0.0,0
2024-10-31T20:00,22.6,90,22.8,1.60,61,100,29.0,7,0.0,0
2024-10-31T21:00,23.1,91,24.1,2.40,61,100,25.1,13,0.0,0
2024-10-31T22:00,22.8,91,23.9,2.90,63,100,23.5,9,0.0,0
2024-10-31T23:00,22.5,90,23.2,3.60,63,100,24.8,360,0.0,0
2024-11-01T00:00,22.6,91,23.6,3.80,63,100,23.1,3,0.0,0
2024-11-01T01:00,22.6,91,23.7,4.60,63,100,22.4,357,0.0,0
2024-11-01T02:00,22.7,90,24.1,2.10,61,100,20.7,353,0.0,0
2024-11-01T03:00,22.8,90,24.4,1.30,61,100,19.1,334,0.0,0
2024-11-01T04:00,21.9,92,23.4,0.50,53,100,17.2,300,0.0,0
2024-11-01T05:00,20.2,90,20.8,0.90,53,100,17.6,277,0.0,0
2024-11-01T06:00,19.6,88,19.4,0.40,51,100,20.2,284,0.0,0
2024-11-01T07:00,20.0,85,19.1,0.10,51,99,23.9,294,9.0,1
2024-11-01T08:00,20.4,82,19.8,0.00,3,100,21.9,294,58.0,1
2024-11-01T09:00,20.4,89,20.7,3.20,63,100,19.1,289,109.0,1
2024-11-01T10:00,20.1,89,21.0,6.70,63,100,15.1,287,32.0,1
2024-11-01T11:00,21.5,84,22.6,1.80,61,100,15.1,278,141.0,1
2024-11-01T12:00,21.1,88,22.4,0.80,53,100,13.9,280,132.0,1
2024-11-01T13:00,21.0,88,22.6,2.20,61,100,12.0,289,98.0,1
2024-11-01T14:00,22.1,83,23.7,1.50,61,100,12.6,289,200.0,1
2024-11-01T15:00,22.2,81,23.4,0.20,51,100,14.4,294,177.0,1
2024-11-01T16:00,21.9,78,22.6,0.00,3,100,14.4,296,104.0,1
2024-11-01T17:00,21.5,77,22.5,0.00,3,100,11.2,294,24.0,1
2024-11-01T18:00,21.4,76,22.5,0.00,2,78,8.8,289,1.0,0
2024-11-01T19:00,21.2,75,22.3,0.00,2,77,9.0,293,0.0,0
2024-11-01T20:00,20.6,77,21.8,0.00,3,93,7.1,289,0.0,0
2024-11-01T21:00,20.8,78,22.0,0.00,0,15,8.4,290,0.0,0
2024-11-01T22:00,20.2,80,21.4,0.00,0,0,7.8,304,0.0,0
2024-11-01T23:00,19.5,83,20.8,0.00,0,0,6.6,296,0.0,0
2024-11-02T00:00,19.0,84,20.3,0.00,0,0,6.5,312,0.0,0
2024-11-02T01:00,18.8,85,19.9,0.00,0,0,6.7,316,0.0,0
2024-11-02T02:00,18.5,85,19.6,0.00,0,2,6.4,308,0.0,0
2024-11-02T03:00,18.4,86,19.3,0.00,0,0,7.8,307,0.0,0
2024-11-02T04:00,18.0,87,19.0,0.00,0,11,7.0,305,0.0,0
2024-11-02T05:00,17.9,88,18.8,0.00,1,25,7.2,309,0.0,0
2024-11-02T06:00,17.6,89,18.7,0.00,0,9,6.4,310,0.0,0
2024-11-02T07:00,18.5,87,19.7,0.00,0,4,7.4,309,29.0,1
2024-11-02T08:00,20.1,81,21.5,0.00,0,2,7.1,304,186.0,1
2024-11-02T09:00,22.0,77,23.9,0.00,1,29,6.8,302,372.0,1
2024-11-02T10:00,23.5,72,25.6,0.00,2,69,6.4,302,543.0,1
2024-11-02T11:00,24.9,69,28.3,0.00,2,57,3.8,352,662.0,1
2024-11-02T12:00,25.9,63,28.6,0.00,3,83,4.8,61,612.0,1
2024-11-02T13:00,25.8,63,27.4,0.00,2,71,9.6,111,459.0,1
2024-11-02T14:00,23.8,75,24.8,0.00,0,13,16.3,131,471.0,1
2024-11-02T15:00,23.0,75,24.4,0.00,0,9,12.2,123,430.0,1
2024-11-02T16:00,22.6,75,24.1,0.00,1,36,9.3,112,281.0,1
2024-11-02T17:00,21.6,79,23.6,0.00,3,87,5.8,112,93.0,1
2024-11-02T18:00,20.5,85,22.8,0.00,1,39,4.0,122,3.0,0
2024-11-02T19:00,19.8,89,21.8,0.00,1,31,5.8,97,0.0,0
2024-11-02T20:00,20.3,81,22.2,0.00,1,28,4.1,34,0.0,0
2024-11-02T21:00,21.2,79,23.6,0.00,3,81,2.6,34,0.0,0
2024-11-02T22:00,21.2,79,23.7,0.00,3,100,2.0,355,0.0,0
2024-11-02T23:00,20.7,88,23.5,0.00,3,100,3.0,17,0.0,0
2024-11-03T00:00,20.6,86,23.3,0.00,3,100,3.0,14,0.0,0
2024-11-03T01:00,20.5,88,23.0,0.00,3,100,3.5,21,0.0,0
2024-11-03T02:00,20.3,85,22.6,0.00,3,92,3.3,22,0.0,0
2024-11-03T03:00,20.5,80,22.5,0.00,1,47,3.3,6,0.0,0
2024-11-03T04:00,19.2,87,21.0,0.00,1,25,4.2,353,0.0,0
2024-11-03T05:00,18.6,90,20.3,0.00,1,25,5.2,333,0.0,0
2024-11-03T06:00,18.4,92,20.1,0.00,0,19,5.2,335,0.0,0
2024-11-03T07:00,19.7,89,22.2,0.00,0,15,2.8,342,26.0,1
2024-11-03T08:00,20.6,81,22.6,0.00,1,24,4.0,21,215.0,1
2024-11-03T09:00,21.6,75,23.2,0.00,1,41,6.0,53,370.0,1
2024-11-03T10:00,22.3,72,23.8,0.00,2,57,6.6,68,466.0,1
2024-11-03T11:00,23.3,65,24.6,0.00,3,98,7.1,71,566.0,1
2024-11-03T12:00,24.0,62,25.4,0.00,3,97,6.5,76,585.0,1
2024-11-03T13:00,24.2,63,25.6,0.00,3,99,6.3,93,504.0,1
2024-11-03T14:00,24.0,65,25.2,0.00,3,99,8.7,124,400.0,1
2024-11-03T15:00,23.2,69,24.1,0.00,0,8,11.7,137,364.0,1
2024-11-03T16:00,22.2,74,23.3,0.00,0,2,10.7,140,256.0,1
2024-11-03T17:00,21.0,79,22.8,0.00,0,1,5.9,142,97.0,1
2024-11-03T18:00,19.5,86,21.2,0.00,0,3,5.0,139,3.0,0
2024-11-03T19:00,19.1,85,20.6,0.00,0,11,5.1,141,0.0,0
2024-11-03T20:00,20.3,77,22.2,0.00,0,19,1.6,186,0.0,0
2024-11-03T21:00,20.1,83,22.4,0.00,1,46,1.8,307,0.0,0
2024-11-03T22:00,19.0,88,21.0,0.00,0,7,3.9,313,0.0,0
2024-11-03T23:00,18.1,93,19.9,0.00,0,0,4.9,321,0.0,0
2024-11-04T00:00,17.5,96,19.0,0.00,0,1,5.5,322,0.0,0
2024-11-04T01:00,17.5,98,19.3,0.00,0,6,5.3,322,0.0,0
2024-11-04T02:00,16.6,100,18.2,0.00,0,11,5.5,316,0.0,0
2024-11-04T03:00,16.6,97,18.0,0.00,1,23,5.1,315,0.0,0
2024-11-04T04:00,16.0,99,17.2,0.00,0,12,5.7,307,0.0,0
2024-11-04T05:00,15.9,96,16.8,0.00,1,25,6.1,298,0.0,0
2024-11-04T06:00,15.9,93,16.6,0.00,3,99,6.4,302,0.0,0
2024-11-04T07:00,17.9,87,19.3,0.00,3,96,3.2,304,26.0,1
2024-11-04T08:00,19.5,82,21.1,0.00,3,94,4.3,312,173.0,1
2024-11-04T09:00,21.6,73,23.1,0.00,3,98,5.6,303,344.0,1
2024-11-04T10:00,23.2,65,24.5,0.00,2,51,6.4,333,493.0,1
2024-11-04T11:00,24.5,60,26.3,0.00,3,81,5.7,11,639.0,1
2024-11-04T12:00,25.4,57,27.7,0.00,2,73,5.0,52,701.0,1
2024-11-04T13:00,25.9,59,28.3,0.00,2,71,6.5,77,696.0,1
2024-11-04T14:00,26.0,60,27.6,0.00,3,100,9.6,74,611.0,1
2024-11-04T15:00,25.4,62,26.5,0.00,3,100,10.9,81,358.0,1
2024-11-04T16:00,23.9,75,25.8,0.00,3,100,10.4,113,201.0,1
2024-11-04T17:00,22.1,82,24.7,0.00,3,80,5.9,130,76.0,1
2024-11-04T18:00,21.6,83,24.1,0.00,2,77,4.7,148,3.0,0
2024-11-04T19:00,21.6,82,24.4,0.00,3,94,2.9,158,0.0,0
2024-11-04T20:00,21.4,82,24.3,0.00,1,30,1.0,301,0.0,0
2024-11-04T21:00,21.1,87,24.1,0.00,3,100,1.8,6,0.0,0
2024-11-04T22:00,21.0,86,24.0,0.00,3,90,1.2,297,0.0,0
2024-11-04T23:00,21.0,81,23.2,0.00,2,74,4.0,36,0.0,0
2024-11-05T00:00,21.0,77,22.8,0.00,2,55,4.5,23,0.0,0
2024-11-05T01:00,20.8,78,22.8,0.00,3,99,2.8,27,0.0,0
2024-11-05T02:00,20.6,78,22.7,0.00,3,92,1.9,68,0.0,0
2024-11-05T03:00,20.5,79,22.6,0.00,1,49,0.7,284,0.0,0
2024-11-05T04:00,17.6,92,18.9,0.00,1,49,6.0,295,0.0,0
2024-11-05T05:00,17.2,95,18.4,0.00,3,83,6.9,307,0.0,0
2024-11-05T06:00,18.0,93,19.7,0.00,1,21,5.0,322,0.0,0
2024-11-05T07:00,18.7,94,21.1,0.00,1,42,2.7,312,26.0,1
2024-11-05T08:00,20.1,79,21.9,0.00,3,97,3.4,342,177.0,1
2024-11-05T09:00,21.6,70,22.8,0.00,0,18,6.3,51,359.0,1
2024-11-05T10:00,22.4,65,22.8,0.00,1,39,9.8,73,525.0,1
2024-11-05T11:00,22.8,60,23.5,0.00,0,15,9.1,69,633.0,1
2024-11-05T12:00,23.3,58,24.0,0.00,0,11,10.7,50,688.0,1
2024-11-05T13:00,23.6,56,24.0,0.00,0,17,10.6,42,644.0,1
2024-11-05T14:00,23.8,55,23.7,0.00,0,16,11.3,48,575.0,1
2024-11-05T15:00,23.5,58,23.5,0.00,1,20,11.0,80,446.0,1
2024-11-05T16:00,22.3,67,22.7,0.00,1,33,11.1,106,257.0,1
2024-11-05T17:00,20.6,76,21.6,0.00,1,38,8.1,114,86.0,1
2024-11-05T18:00,19.5,81,20.7,0.00,3,100,5.9,104,2.0,0
2024-11-05T19:00,19.1,81,20.5,0.00,3,100,4.5,74,0.0,0
2024-11-05T20:00,18.8,82,20.0,0.00,3,100,4.4,52,0.0,0
2024-11-05T21:00,19.4,75,20.1,0.00,2,67,6.4,52,0.0,0
2024-11-05T22:00,19.3,74,19.7,0.00,3,81,7.8,56,0.0,0
2024-11-05T23:00,19.1,74,19.2,0.00,1,46,9.1,56,0.0,0
2024-11-06T00:00,18.4,76,18.5,0.00,1,25,8.0,50,0.0,0
2024-11-06T01:00,17.3,80,17.7,0.00,0,16,5.9,40,0.0,0
2024-11-06T02:00,16.0,85,16.2,0.00,0,5,6.7,24,0.0,0
2024-11-06T03:00,15.9,81,15.8,0.00,0,3,5.8,5,0.0,0
2024-11-06T04:00,16.4,76,16.3,0.00,0,3,5.0,19,0.0,0
2024-11-06T05:00,17.4,70,17.4,0.00,0,4,4.0,87,0.0,0
2024-11-06T06:00,14.9,81,14.7,0.00,0,7,5.4,110,0.0,0
2024-11-06T07:00,15.7,81,16.0,0.00,0,0,3.1,111,26.0,1
2024-11-06T08:00,16.7,70,16.4,0.00,0,6,4.5,85,188.0,1
2024-11-06T09:00,18.0,64,16.5,0.00,0,0,12.8,70,378.0,1
2024-11-06T10:00,18.6,57,16.5,0.00,0,0,14.7,62,543.0,1
2024-11-06T11:00,19.4,52,17.6,0.00,0,1,15.6,56,677.0,1
2024-11-06T12:00,19.7,51,18.1,0.00,0,1,16.5,60,739.0,1
2024-11-06T13:00,19.7,53,18.2,0.00,0,0,16.2,67,735.0,1
2024-11-06T14:00,19.5,55,17.7,0.00,0,0,16.3,70,648.0,1
2024-11-06T15:00,18.9,57,16.7,0.00,0,0,16.1,72,496.0,1
2024-11-06T16:00,18.1,61,16.3,0.00,0,0,13.9,69,305.0,1
2024-11-06T17:00,17.0,65,15.6,0.00,0,0,9.8,60,106.0,1
2024-11-06T18:00,15.7,70,14.8,0.00,0,0,7.0,48,2.0,0
2024-11-06T19:00,14.7,76,13.8,0.00,0,0,7.1,30,0.0,0
2024-11-06T20:00,14.3,77,13.4,0.00,0,0,7.1,10,0.0,0
2024-11-06T21:00,14.2,76,13.2,0.00,0,0,7.1,7,0.0,0
2024-11-06T22:00,13.6,78,12.5,0.00,0,0,7.6,357,0.0,0
2024-11-06T23:00,13.6,72,12.1,0.00,0,0,7.8,4,0.0,0
2024-11-07T00:00,13.7,73,12.5,0.00,0,0,6.5,347,0.0,0
2024-11-07T01:00,13.5,74,12.3,0.00,0,1,6.6,334,0.0,0
2024-11-07T02:00,13.2,74,11.9,0.00,0,1,6.9,329,0.0,0
2024-11-07T03:00,13.1,73,11.6,0.00,0,4,7.6,324,0.0,0
2024-11-07T04:00,12.9,74,11.3,0.00,0,6,7.8,320,0.0,0
2024-11-07T05:00,12.4,76,11.0,0.00,1,22,7.0,316,0.0,0
2024-11-07T06:00,12.9,79,11.7,0.00,1,49,6.9,303,0.0,0
2024-11-07T07:00,14.1,78,13.2,0.00,2,73,6.9,300,20.0,1
2024-11-07T08:00,15.6,66,14.4,0.00,1,25,7.7,324,110.0,1
2024-11-07T09:00,17.6,61,16.5,0.00,0,10,8.5,343,358.0,1
2024-11-07T10:00,19.0,58,17.5,0.00,0,15,12.2,26,524.0,1
2024-11-07T11:00,19.9,57,18.1,0.00,1,21,14.9,34,577.0,1
2024-11-07T12:00,20.5,57,19.7,0.00,1,41,14.2,49,670.0,1
2024-11-07T13:00,21.0,55,18.9,0.00,2,77,20.7,55,634.0,1
2024-11-07T14:00,20.5,58,18.3,0.00,1,41,19.4,57,409.0,1
2024-11-07T15:00,20.1,59,18.0,0.00,1,42,18.7,59,354.0,1
2024-11-07T16:00,19.4,65,18.3,0.00,0,7,12.4,68,231.0,1
2024-11-07T17:00,17.8,72,17.8,0.00,0,7,6.2,60,95.0,1
2024-11-07T18:00,15.5,82,15.1,0.00,0,4,8.0,76,2.0,0
2024-11-07T19:00,16.0,78,15.7,0.00,0,0,7.4,72,0.0,0
2024-11-07T20:00,14.1,84,13.3,0.00,1,46,9.0,12,0.0,0
2024-11-07T21:00,17.0,72,16.8,0.00,1,31,6.0,5,0.0,0
2024-11-07T22:00,15.1,81,14.7,0.00,0,13,7.0,347,0.0,0
2024-11-07T23:00,14.2,81,13.6,0.00,0,18,6.9,329,0.0,0
2024-11-08T00:00,14.1,85,13.8,0.00,1,31,6.0,295,0.0,0
2024-11-08T01:00,14.6,86,14.5,0.00,3,99,5.4,291,0.0,0
2024-11-08T02:00,15.0,83,15.0,0.00,1,41,4.5,293,0.0,0
2024-11-08T03:00,14.2,86,14.1,0.00,1,22,5.5,302,0.0,0
2024-11-08T04:00,13.2,91,13.0,0.00,1,33,5.4,290,0.0,0
2024-11-08T05:00,14.0,88,13.6,0.00,2,71,7.3,301,0.0,0
2024-11-08T06:00,13.6,88,13.1,0.00,2,55,7.1,300,0.0,0
2024-11-08T07:00,14.0,89,13.9,0.00,3,91,5.4,266,22.0,1
2024-11-08T08:00,15.4,78,14.7,0.00,3,95,8.4,281,97.0,1
2024-11-08T09:00,17.6,71,17.4,0.00,3,87,6.4,286,185.0,1
2024-11-08T10:00,19.6,63,19.4,0.00,2,51,6.3,357,396.0,1
2024-11-08T11:00,20.7,60,20.6,0.00,3,94,6.8,48,559.0,1
2024-11-08T12:00,21.5,60,21.5,0.00,3,100,7.5,42,550.0,1
2024-11-08T13:00,22.2,60,22.4,0.00,3,100,8.0,31,426.0,1
2024-11-08T14:00,22.8,60,23.1,0.00,3,99,8.0,52,435.0,1
2024-11-08T15:00,22.6,62,22.9,0.00,3,94,9.8,83,380.0,1
2024-11-08T16:00,21.7,69,22.5,0.00,3,89,7.8,105,244.0,1
2024-11-08T17:00,19.6,79,21.0,0.00,3,89,5.1,117,88.0,1
2024-11-08T18:00,17.9,87,18.8,0.00,1,45,6.8,138,2.0,0
2024-11-08T19:00,19.0,82,20.3,0.00,1,24,4.4,199,0.0,0
2024-11-08T20:00,18.4,86,20.0,0.00,2,61,3.4,286,0.0,0
2024-11-08T21:00,19.2,85,21.2,0.00,3,100,3.1,267,0.0,0
2024-11-08T22:00,19.1,86,20.8,0.00,3,100,4.7,266,0.0,0
2024-11-08T23:00,19.0,87,20.9,0.00,3,100,3.6,261,0.0,0
2024-11-09T00:00,18.9,89,20.9,0.00,3,100,3.1,273,0.0,0
2024-11-09T01:00,18.7,90,20.7,0.00,3,100,3.2,289,0.0,0
2024-11-09T02:00,18.9,87,20.7,0.00,3,100,3.7,284,0.0,0
2024-11-09T03:00,18.8,86,20.5,0.00,3,100,3.5,285,0.0,0
2024-11-09T04:00,18.6,89,20.4,0.00,3,100,4.1,293,0.0,0
2024-11-09T05:00,18.8,88,20.6,0.00,3,96,3.7,317,0.0,0
2024-11-09T06:00,18.5,91,20.4,0.00,3,100,3.6,327,0.0,0
2024-11-09T07:00,19.0,88,20.7,0.00,3,100,4.7,313,13.0,1
2024-11-09T08:00,20.0,81,21.5,0.00,3,100,5.8,292,101.0,1
2024-11-09T09:00,20.8,80,22.5,0.00,3,100,5.3,252,108.0,1
2024-11-09T10:00,22.0,72,23.9,0.00,3,97,3.5,279,213.0,1
2024-11-09T11:00,22.9,70,25.1,0.00,3,100,2.2,325,299.0,1
2024-11-09T12:00,23.9,69,25.9,0.00,3,100,5.2,56,313.0,1
2024-11-09T13:00,24.2,70,26.2,0.00,3,100,7.5,75,253.0,1
2024-11-09T14:00,24.0,72,26.1,0.00,3,100,6.9,105,191.0,1
2024-11-09T15:00,23.7,73,25.8,0.00,3,88,7.4,124,195.0,1
2024-11-09T16:00,23.3,76,25.5,0.00,3,80,7.7,150,151.0,1
2024-11-09T17:00,22.2,81,24.7,0.00,1,33,5.4,159,70.0,1
2024-11-09T18:00,20.2,90,22.6,0.00,2,60,5.7,156,2.0,0
2024-11-09T19:00,19.8,90,22.0,0.00,0,17,5.5,171,0.0,0
2024-11-09T20:00,20.2,89,22.6,0.00,1,23,4.6,198,0.0,0
2024-11-09T21:00,20.9,91,24.0,0.00,3,100,2.4,222,0.0,0
2024-11-09T22:00,20.9,88,23.6,0.00,3,100,3.2,227,0.0,0
2024-11-09T23:00,20.3,92,23.1,0.00,3,99,3.8,239,0.0,0
2024-11-10T00:00,19.6,94,22.2,0.00,3,93,4.0,270,0.0,0
2024-11-10T01:00,19.4,95,22.0,0.00,3,97,3.9,294,0.0,0
2024-11-10T02:00,18.6,97,20.8,0.00,3,100,5.4,318,0.0,0
2024-11-10T03:00,18.3,97,20.3,0.00,3,100,5.6,320,0.0,0
2024-11-10T04:00,18.1,97,20.0,0.00,1,43,5.7,314,0.0,0
2024-11-10T05:00,17.6,97,19.3,0.00,1,39,6.3,305,0.0,0
2024-11-10T06:00,17.4,98,18.9,0.00,0,4,6.2,306,0.0,0
2024-11-10T07:00,18.5,95,20.6,0.00,0,9,5.2,301,20.0,1
2024-11-10T08:00,20.4,90,23.1,0.00,0,7,3.5,309,160.0,1
2024-11-10T09:00,22.4,82,25.5,0.00,0,0,2.5,300,343.0,1
2024-11-10T10:00,24.0,74,27.3,0.00,0,14,0.6,162,515.0,1
2024-11-10T11:00,25.0,70,28.5,0.00,1,48,2.4,77,601.0,1
2024-11-10T12:00,25.8,66,28.9,0.00,2,69,3.1,130,589.0,1
2024-11-10T13:00,25.8,66,28.1,0.00,3,84,7.1,189,424.0,1
2024-11-10T14:00,26.2,65,28.8,0.00,0,18,6.1,166,492.0,1
2024-11-10T15:00,25.8,67,28.0,0.00,0,13,8.0,132,400.0,1
2024-11-10T16:00,24.7,72,27.3,0.00,0,15,6.8,122,251.0,1
2024-11-10T17:00,23.0,82,26.1,0.00,1,45,4.3,114,87.0,1
2024-11-10T18:00,21.8,87,24.7,0.00,2,62,4.7,137,1.0,0
2024-11-10T19:00,21.0,91,23.8,0.00,3,100,4.6,141,0.0,0
2024-11-10T20:00,20.9,91,23.8,0.00,3,95,4.4,161,0.0,0
2024-11-10T21:00,21.2,90,24.3,0.00,3,100,3.4,177,0.0,0
2024-11-10T22:00,20.9,92,23.9,0.00,3,80,4.1,182,0.0,0
2024-11-10T23:00,20.8,90,23.6,0.00,2,76,4.4,142,0.0,0
2024-11-11T00:00,21.0,87,23.5,0.00,2,59,4.5,113,0.0,0
2024-11-11T01:00,21.4,83,24.3,0.00,0,16,0.9,259,0.0,0
2024-11-11T02:00,20.1,88,22.7,0.00,0,17,2.9,281,0.0,0
2024-11-11T03:00,18.6,95,20.7,0.00,0,18,4.9,321,0.0,0
2024-11-11T04:00,18.2,97,20.1,0.00,0,2,5.9,310,0.0,0
2024-11-11T05:00,18.1,97,19.9,0.00,0,1,6.3,309,0.0,0
2024-11-11T06:00,17.8,97,19.5,0.00,0,3,6.0,343,0.0,0
2024-11-11T07:00,19.0,97,21.6,0.00,0,2,3.3,319,20.0,1
2024-11-11T08:00,20.8,89,23.7,0.00,0,0,2.8,305,164.0,1
2024-11-11T09:00,22.9,75,25.0,0.00,1,32,5.5,44,346.0,1
2024-11-11T10:00,23.7,68,25.1,0.00,1,39,8.2,64,464.0,1
2024-11-11T11:00,24.5,64,25.4,0.00,2,54,11.3,73,553.0,1
2024-11-11T12:00,24.7,63,25.5,0.00,1,42,12.0,81,505.0,1
2024-11-11T13:00,25.2,61,26.3,0.00,1,47,11.9,89,600.0,1
2024-11-11T14:00,24.9,65,25.7,0.00,2,66,14.1,109,520.0,1
2024-11-11T15:00,23.5,71,24.3,0.00,1,23,13.8,116,414.0,1
2024-11-11T16:00,22.6,75,24.1,0.00,0,10,9.3,118,259.0,1
2024-11-11T17:00,21.4,81,23.5,0.00,0,0,5.1,126,88.0,1
2024-11-11T18:00,19.5,90,21.5,0.00,0,5,6.1,133,1.0,0
2024-11-11T19:00,20.9,80,23.2,0.00,0,7,2.0,280,0.0,0
2024-11-11T20:00,18.9,90,20.9,0.00,0,5,4.0,309,0.0,0
2024-11-11T21:00,19.6,91,22.0,0.00,0,15,3.7,313,0.0,0
2024-11-11T22:00,19.5,90,21.6,0.00,1,31,4.5,326,0.0,0
2024-11-11T23:00,19.5,88,21.6,0.00,0,11,4.6,318,0.0,0
2024-11-12T00:00,19.1,89,20.9,0.00,0,6,5.2,311,0.0,0
2024-11-12T01:00,18.5,91,20.4,0.00,0,8,4.9,306,0.0,0
2024-11-12T02:00,18.0,93,19.5,0.00,0,13,5.6,303,0.0,0
2024-11-12T03:00,17.8,94,19.3,0.00,0,19,5.3,298,0.0,0
2024-11-12T04:00,18.0,94,19.7,0.00,1,49,4.8,297,0.0,0
2024-11-12T05:00,18.6,91,20.5,0.00,3,84,4.3,292,0.0,0
2024-11-12T06:00,19.0,89,20.7,0.00,3,100,5.2,290,0.0,0
2024-11-12T07:00,19.5,87,21.3,0.00,3,100,5.2,284,11.0,1
2024-11-12T08:00,20.8,81,22.8,0.00,3,100,4.2,277,89.0,1
2024-11-12T09:00,22.1,75,24.4,0.00,3,100,2.7,318,137.0,1
2024-11-12T10:00,22.5,75,24.7,0.00,3,100,3.6,340,150.0,1
2024-11-12T11:00,23.2,72,24.5,0.00,3,100,10.9,39,256.0,1
2024-11-12T12:00,23.2,74,24.7,0.00,3,100,10.3,50,196.0,1
2024-11-12T13:00,23.5,73,25.1,0.00,3,100,9.5,57,201.0,1
2024-11-12T14:00,23.4,73,25.1,0.00,3,100,8.9,61,188.0,1
2024-11-12T15:00,23.0,75,25.0,0.00,3,100,7.4,91,121.0,1
2024-11-12T16:00,22.5,77,24.5,0.00,3,100,7.3,101,133.0,1
2024-11-12T17:00,21.6,80,23.7,0.00,3,100,5.7,79,38.0,1
2024-11-12T18:00,20.8,84,23.1,0.00,3,85,3.4,84,1.0,0
2024-11-12T19:00,20.4,89,22.9,0.00,3,97,4.0,54,0.0,0
2024-11-12T20:00,20.2,89,22.6,0.00,3,99,4.3,15,0.0,0
2024-11-12T21:00,20.9,83,23.3,0.00,3,100,3.5,21,0.0,0
2024-11-12T22:00,20.7,83,23.0,0.00,3,100,3.4,47,0.0,0
2024-11-12T23:00,20.5,82,22.6,0.00,3,100,3.6,351,0.0,0
2024-11-13T00:00,20.4,81,22.2,0.00,3,100,3.9,347,0.0,0
2024-11-13T01:00,20.1,81,22.0,0.00,3,100,3.1,324,0.0,0
2024-11-13T02:00,20.0,80,21.7,0.00,3,100,3.6,323,0.0,0
2024-11-13T03:00,19.9,80,21.6,0.20,51,100,3.0,346,0.0,0
2024-11-13T04:00,19.6,81,21.5,0.00,3,100,2.2,325,0.0,0
2024-11-13T05:00,19.5,82,21.4,0.00,3,100,1.8,281,0.0,0
2024-11-13T06:00,19.5,84,21.5,0.00,3,100,2.0,275,0.0,0
2024-11-13T07:00,19.6,82,21.6,0.00,3,100,2.0,260,6.0,1
2024-11-13T08:00,19.9,78,21.5,0.00,3,100,3.3,264,39.0,1
2024-11-13T09:00,20.5,75,22.1,0.00,3,100,3.4,313,87.0,1
2024-11-13T10:00,21.5,71,22.7,0.00,3,100,5.4,6,184.0,1
2024-11-13T11:00,21.7,70,23.0,0.00,3,100,4.7,9,148.0,1
2024-11-13T12:00,21.9,69,23.1,0.00,3,100,5.6,17,147.0,1
2024-11-13T13:00,22.1,69,23.6,0.00,3,100,4.7,43,145.0,1
2024-11-13T14:00,21.6,73,23.2,0.00,3,100,4.6,39,62.0,1
2024-11-13T15:00,21.0,77,23.2,0.50,53,100,2.1,322,57.0,1
2024-11-13T16:00,20.8,84,23.1,0.40,51,100,3.3,264,56.0,1
2024-11-13T17:00,20.2,90,22.6,0.10,51,100,5.1,262,18.0,1
2024-11-13T18:00,20.0,91,22.5,0.00,3,100,5.3,260,0.0,0
2024-11-13T19:00,20.1,91,22.6,0.00,3,100,4.9,266,0.0,0
2024-11-13T20:00,20.1,90,22.6,0.00,3,100,4.5,268,0.0,0
2024-11-13T21:00,20.2,87,22.3,0.20,51,100,6.2,287,0.0,0
2024-11-13T22:00,20.3,86,22.3,0.10,51,100,6.2,277,0.0,0
2024-11-13T23:00,20.2,88,22.3,0.00,3,100,5.8,274,0.0,0
2024-11-14T00:00,20.2,88,22.5,0.00,3,100,5.0,268,0.0,0
2024-11-14T01:00,20.2,89,22.7,0.10,51,100,4.5,272,0.0,0
2024-11-14T02:00,20.2,90,22.7,0.10,51,100,4.6,261,0.0,0
2024-11-14T03:00,20.3,91,23.0,0.10,51,100,3.8,259,0.0,0
2024-11-14T04:00,20.5,90,23.2,0.10,51,100,3.4,264,0.0,0
2024-11-14T05:00,20.6,89,23.4,0.00,3,100,3.8,281,0.0,0
2024-11-14T06:00,20.8,89,23.7,0.00,3,100,2.8,285,0.0,0
2024-11-14T07:00,21.3,87,24.2,0.00,3,100,3.0,284,5.0,1
2024-11-14T08:00,21.8,88,24.8,0.00,3,100,4.1,272,37.0,1
2024-11-14T09:00,22.9,87,26.4,0.00,3,100,4.4,279,97.0,1
2024-11-14T10:00,23.5,86,27.5,0.10,51,100,3.5,242,118.0,1
2024-11-14T11:00,24.5,83,28.9,0.10,51,100,2.2,222,180.0,1
2024-11-14T12:00,25.4,79,29.5,0.00,3,100,3.3,41,189.0,1
2024-11-14T13:00,25.5,79,29.6,0.00,3,100,4.6,36,152.0,1
2024-11-14T14:00,26.0,79,29.9,0.00,3,100,6.6,29,173.0,1
2024-11-14T15:00,26.1,79,30.2,0.00,2,67,6.4,22,161.0,1
2024-11-14T16:00,26.1,79,30.5,0.00,3,82,4.8,34,108.0,1
2024-11-14T17:00,25.4,83,30.2,0.10,51,100,1.6,6,49.0,1
2024-11-14T18:00,24.2,87,28.8,1.30,61,95,2.3,337,0.0,0
2024-11-14T19:00,23.9,88,28.1,0.90,53,100,4.4,263,0.0,0
2024-11-14T20:00,23.1,94,27.7,0.60,53,100,3.3,186,0.0,0
2024-11-14T21:00,24.1,89,28.4,0.10,51,100,5.0,314,0.0,0
2024-11-14T22:00,23.8,90,27.6,0.40,51,100,6.9,279,0.0,0
2024-11-14T23:00,23.4,91,27.6,0.40,51,100,3.9,294,0.0,0
2024-11-15T00:00,23.0,94,27.6,0.50,53,100,2.3,315,0.0,0
2024-11-15T01:00,22.7,95,26.9,0.60,53,100,4.4,322,0.0,0
2024-11-15T02:00,22.5,96,26.3,2.30,61,98,6.7,286,0.0,0
2024-11-15T03:00,22.3,96,26.4,0.30,51,85,4.4,297,0.0,0
2024-11-15T04:00,22.1,95,25.5,0.00,3,100,8.0,312,0.0,0
2024-11-15T05:00,22.1,95,25.6,0.00,3,98,6.9,315,0.0,0
2024-11-15T06:00,22.0,96,25.9,0.00,3,100,3.6,288,0.0,0
2024-11-15T07:00,22.1,95,25.7,0.00,3,100,6.4,295,7.0,1
2024-11-15T08:00,23.0,94,26.7,0.10,51,51,7.6,301,70.0,1
2024-11-15T09:00,26.0,79,29.6,0.00,1,44,9.2,360,316.0,1
2024-11-15T10:00,27.4,72,30.5,0.00,3,100,11.8,24,425.0,1
2024-11-15T11:00,27.0,73,30.3,0.00,3,100,10.2,30,254.0,1
2024-11-15T12:00,27.3,72,30.7,0.00,3,100,9.9,25,305.0,1
2024-11-15T13:00,27.5,71,30.9,0.00,1,45,10.6,24,322.0,1
2024-11-15T14:00,27.9,70,31.1,0.00,3,100,11.0,40,297.0,1
2024-11-15T15:00,26.6,77,30.5,0.00,3,99,8.1,91,146.0,1
2024-11-15T16:00,25.1,84,29.3,0.10,51,77,5.6,119,84.0,1
2024-11-15T17:00,24.5,88,29.4,0.00,2,50,2.0,95,49.0,1
2024-11-15T18:00,23.9,88,28.3,0.00,1,47,2.7,356,1.0,0
2024-11-15T19:00,23.6,85,27.3,0.00,1,31,4.7,351,0.0,0
2024-11-15T20:00,23.2,86,26.7,0.00,3,100,4.9,303,0.0,0
2024-11-15T21:00,22.9,91,27.1,0.30,51,95,2.3,321,0.0,0
2024-11-15T22:00,22.6,89,26.3,0.00,3,91,3.7,331,0.0,0
2024-11-15T23:00,22.1,89,25.6,0.00,1,32,3.4,335,0.0,0
2024-11-16T00:00,21.6,89,24.9,0.00,3,94,3.3,319,0.0,0
2024-11-16T01:00,21.8,88,25.1,1.20,55,89,2.6,236,0.0,0
2024-11-16T02:00,21.5,91,24.5,3.70,63,97,5.5,279,0.0,0
2024-11-16T03:00,21.1,92,23.9,2.40,61,100,6.8,287,0.0,0
2024-11-16T04:00,21.0,93,24.2,2.80,63,100,4.3,312,0.0,0
2024-11-16T05:00,21.0,91,23.8,0.40,51,77,6.4,302,0.0,0
2024-11-16T06:00,20.7,93,23.5,0.00,1,28,5.7,302,0.0,0
2024-11-16T07:00,20.8,93,23.3,0.00,1,24,8.1,307,15.0,1
2024-11-16T08:00,22.3,92,25.5,0.00,0,8,7.5,285,142.0,1
2024-11-16T09:00,24.5,73,27.2,0.00,0,19,6.2,38,275.0,1
2024-11-16T10:00,25.5,66,27.8,0.00,0,16,7.0,40,427.0,1
2024-11-16T11:00,26.7,61,29.2,0.00,0,2,6.5,19,588.0,1
2024-11-16T12:00,27.8,57,30.8,0.00,0,3,6.3,31,673.0,1
2024-11-16T13:00,28.3,55,31.1,0.00,0,13,6.1,47,651.0,1
2024-11-16T14:00,28.7,53,30.5,0.00,1,32,7.8,40,480.0,1
2024-11-16T15:00,28.7,55,30.8,0.00,3,93,7.9,51,293.0,1
2024-11-16T16:00,27.3,61,29.2,0.00,3,90,10.5,95,208.0,1
2024-11-16T17:00,24.5,75,27.1,0.00,0,16,7.9,133,72.0,1
2024-11-16T18:00,22.9,82,25.8,0.00,0,19,5.9,182,1.0,0
2024-11-16T19:00,22.2,86,25.2,0.00,0,9,4.9,180,0.0,0
2024-11-16T20:00,21.5,88,24.7,0.00,0,17,2.6,192,0.0,0
2024-11-16T21:00,21.7,88,25.2,0.00,1,20,0.9,281,0.0,0
2024-11-16T22:00,21.5,89,24.8,0.00,0,17,2.6,282,0.0,0
2024-11-16T23:00,21.1,91,24.4,0.00,0,12,2.6,282,0.0,0
2024-11-17T00:00,20.9,92,24.0,0.00,0,18,2.9,277,0.0,0
2024-11-17T01:00,20.6,92,23.4,0.00,0,14,5.4,285,0.0,0
2024-11-17T02:00,20.4,91,22.9,0.00,0,3,5.4,291,0.0,0
2024-11-17T03:00,19.8,92,22.3,0.00,0,4,3.6,290,0.0,0
2024-11-17T04:00,19.2,94,21.9,0.00,0,10,2.8,288,0.0,0
2024-11-17T05:00,19.0,96,21.7,0.00,0,13,2.1,285,0.0,0
2024-11-17T06:00,18.8,98,21.6,0.00,0,18,2.2,279,0.0,0
2024-11-17T07:00,19.2,98,22.1,0.00,0,10,3.1,277,15.0,1
2024-11-17T08:00,21.1,87,23.8,0.00,0,10,4.7,252,146.0,1
2024-11-17T09:00,23.8,76,26.9,0.00,1,24,2.4,63,330.0,1
2024-11-17T10:00,25.2,68,27.5,0.00,1,20,7.3,59,466.0,1
2024-11-17T11:00,26.3,61,28.2,0.00,2,50,8.6,60,562.0,1
2024-11-17T12:00,26.8,57,28.0,0.00,3,100,10.4,76,506.0,1
2024-11-17T13:00,26.1,62,27.2,0.00,3,100,13.0,91,422.0,1
2024-11-17T14:00,25.6,64,26.7,0.00,1,47,13.3,92,405.0,1
2024-11-17T15:00,24.6,67,25.4,0.00,1,22,14.5,95,375.0,1
2024-11-17T16:00,23.4,70,24.3,0.00,1,23,12.1,86,229.0,1
2024-11-17T17:00,22.0,77,23.7,0.00,1,30,7.2,87,76.0,1
2024-11-17T18:00,21.0,81,23.0,0.00,1,48,5.2,86,1.0,0
2024-11-17T19:00,20.5,82,22.3,0.00,3,86,5.4,88,0.0,0
2024-11-17T20:00,20.5,80,21.8,0.00,3,88,7.0,86,0.0,0
2024-11-17T21:00,20.5,77,21.4,0.00,3,97,9.1,68,0.0,0
2024-11-17T22:00,19.9,77,20.8,0.00,2,68,7.1,74,0.0,0
2024-11-17T23:00,19.2,79,20.4,0.00,1,40,5.4,90,0.0,0
2024-11-18T00:00,19.0,79,19.9,0.00,1,28,5.1,94,0.0,0
2024-11-18T01:00,18.4,78,19.1,0.00,1,24,4.8,75,0.0,0
2024-11-18T02:00,17.8,78,18.5,0.00,1,22,4.3,75,0.0,0
2024-11-18T03:00,17.4,78,17.9,0.00,1,20,3.8,95,0.0,0
2024-11-18T04:00,17.0,77,17.4,0.00,0,19,4.2,97,0.0,0
2024-11-18T05:00,16.7,76,16.8,0.00,1,22,4.4,71,0.0,0
2024-11-18T06:00,16.5,77,16.6,0.00,1,33,4.2,54,0.0,0
2024-11-18T07:00,16.8,71,16.4,0.00,2,66,5.6,50,13.0,1
2024-11-18T08:00,17.4,66,16.4,0.00,1,36,8.8,62,144.0,1
2024-11-18T09:00,18.5,62,16.9,0.00,1,20,13.3,52,293.0,1
2024-11-18T10:00,19.0,59,17.1,0.00,0,18,15.5,48,453.0,1
2024-11-18T11:00,20.0,58,18.1,0.00,1,37,16.7,55,574.0,1
2024-11-18T12:00,20.2,58,18.4,0.00,2,55,16.0,56,551.0,1
2024-11-18T13:00,20.2,58,18.3,0.00,1,48,16.4,58,533.0,1
2024-11-18T14:00,20.0,58,18.1,0.00,2,71,15.9,62,464.0,1
2024-11-18T15:00,19.4,58,17.4,0.00,3,98,15.6,66,278.0,1
2024-11-18T16:00,18.4,63,16.7,0.00,3,98,14.3,66,99.0,1
2024-11-18T17:00,17.5,67,16.1,0.00,3,100,12.8,70,32.0,1
2024-11-18T18:00,17.1,69,15.8,0.00,3,95,12.0,58,0.0,0
2024-11-18T19:00,17.0,69,15.5,0.00,3,100,12.2,53,0.0,0
2024-11-18T20:00,16.8,69,15.5,0.00,3,99,10.9,46,0.0,0
2024-11-18T21:00,15.8,78,15.4,0.20,51,100,6.2,17,0.0,0
2024-11-18T22:00,15.4,77,15.2,0.10,51,100,5.0,360,0.0,0
2024-11-18T23:00,15.1,76,14.5,0.00,3,100,6.2,350,0.0,0
2024-11-19T00:00,14.9,75,14.2,0.00,3,98,6.0,344,0.0,0
2024-11-19T01:00,14.9,74,14.3,0.00,2,60,4.8,349,0.0,0
2024-11-19T02:00,14.9,73,14.2,0.00,3,100,5.5,347,0.0,0
2024-11-19T03:00,15.1,72,14.5,0.00,3,100,4.8,331,0.0,0
2024-11-19T04:00,15.2,71,14.5,0.00,3,100,5.4,326,0.0,0
2024-11-19T05:00,15.2,70,14.3,0.00,3,100,5.8,346,0.0,0
2024-11-19T06:00,15.1,72,14.4,0.00,3,100,4.8,338,0.0,0
2024-11-19T07:00,15.0,73,14.2,0.00,3,100,5.9,325,3.0,1
2024-11-19T08:00,15.1,74,14.3,0.30,51,100,6.2,314,26.0,1
2024-11-19T09:00,16.5,70,15.8,0.00,3,95,7.6,355,128.0,1
2024-11-19T10:00,17.1,68,16.2,0.00,2,69,8.4,9,154.0,1
2024-11-19T11:00,18.7,63,17.7,0.00,2,69,9.8,40,432.0,1
2024-11-19T12:00,19.4,62,17.8,0.00,3,100,14.9,54,420.0,1
2024-11-19T13:00,19.1,64,17.9,0.00,3,80,13.1,57,241.0,1
2024-11-19T14:00,19.5,62,18.1,0.00,3,100,14.2,57,295.0,1
2024-11-19T15:00,18.8,66,17.9,0.00,3,100,11.0,55,109.0,1
2024-11-19T16:00,18.1,70,17.8,0.10,51,100,8.3,60,62.0,1
2024-11-19T17:00,17.8,70,17.4,0.00,3,100,6.9,49,23.0,1
2024-11-19T18:00,17.5,72,17.4,0.00,3,97,5.5,41,0.0,0
2024-11-19T19:00,17.2,74,17.3,0.00,3,98,4.6,36,0.0,0
2024-11-19T20:00,17.0,75,17.3,0.00,3,100,3.6,30,0.0,0
2024-11-19T21:00,16.1,82,16.9,0.20,51,100,1.5,277,0.0,0
2024-11-19T22:00,16.1,82,16.8,0.60,53,98,2.6,295,0.0,0
2024-11-19T23:00,16.0,83,16.7,1.90,61,91,1.8,336,0.0,0
2024-11-20T00:00,15.9,85,16.8,6.90,63,74,1.8,307,0.0,0
2024-11-20T01:00,15.6,85,16.2,0.90,53,100,3.3,319,0.0,0
2024-11-20T02:00,15.6,81,15.8,0.00,3,99,3.6,300,0.0,0
2024-11-20T03:00,15.6,80,15.9,0.00,3,100,2.2,284,0.0,0
2024-11-20T04:00,15.6,81,16.0,0.00,3,87,2.5,315,0.0,0
2024-11-20T05:00,15.1,85,15.6,0.00,2,78,2.3,302,0.0,0
2024-11-20T06:00,15.1,86,15.7,0.00,3,100,1.8,307,0.0,0
2024-11-20T07:00,15.6,84,16.3,0.00,3,100,2.3,302,7.0,1
2024-11-20T08:00,16.1,83,17.0,0.00,3,97,1.6,297,69.0,1
2024-11-20T09:00,17.8,79,18.4,0.00,3,100,4.4,325,129.0,1
2024-11-20T10:00,18.4,71,18.2,0.00,3,100,7.3,351,178.0,1
2024-11-20T11:00,18.2,70,18.1,0.30,51,100,6.3,360,147.0,1
2024-11-20T12:00,18.6,68,18.7,0.00,3,100,5.1,27,216.0,1
2024-11-20T13:00,19.2,67,19.9,0.00,3,100,1.4,67,272.0,1
2024-11-20T14:00,18.3,73,19.1,0.70,53,100,1.9,163,84.0,1
2024-11-20T15:00,17.4,87,18.7,2.00,61,100,2.2,166,57.0,1
2024-11-20T16:00,17.0,89,18.4,1.10,55,100,2.8,145,30.0,1
2024-11-20T17:00,16.8,91,18.3,0.60,53,100,2.3,180,14.0,1
2024-11-20T18:00,16.8,90,18.3,0.90,53,100,1.3,188,0.0,0
2024-11-20T19:00,16.6,91,17.9,0.70,53,100,2.9,158,0.0,0
2024-11-20T20:00,16.5,92,17.8,0.40,51,100,2.4,73,0.0,0
2024-11-20T21:00,16.6,94,18.4,1.30,61,100,0.9,217,0.0,0
2024-11-20T22:00,16.5,92,18.2,0.50,53,100,0.7,256,0.0,0
2024-11-20T23:00,16.5,92,17.9,0.40,51,100,2.3,270,0.0,0
2024-11-21T00:00,16.5,89,17.7,0.10,51,100,2.1,322,0.0,0
2024-11-21T01:00,16.0,91,16.6,0.00,3,100,5.9,290,0.0,0
2024-11-21T02:00,16.2,88,17.0,0.00,3,100,4.0,297,0.0,0
2024-11-21T03:00,16.0,87,17.0,0.00,3,100,2.1,329,0.0,0
2024-11-21T04:00,16.0,87,17.1,0.20,51,100,1.5,284,0.0,0
2024-11-21T05:00,16.2,88,17.6,1.10,55,100,0.4,297,0.0,0
2024-11-21T06:00,16.4,86,17.6,3.50,63,100,0.2,360,0.0,0
2024-11-21T07:00,16.3,87,17.3,2.90,63,100,2.4,144,4.0,1
2024-11-21T08:00,16.2,85,17.1,0.50,53,100,1.9,34,17.0,1
2024-11-21T09:00,16.6,84,17.6,0.40,51,100,1.9,68,41.0,1
2024-11-21T10:00,16.7,82,17.6,0.70,53,100,2.1,31,100.0,1
2024-11-21T11:00,16.8,81,17.6,0.30,51,100,1.8,11,120.0,1
2024-11-21T12:00,16.6,83,17.3,0.40,51,100,3.8,90,89.0,1
2024-11-21T13:00,16.3,88,17.3,1.30,61,100,2.6,34,85.0,1
2024-11-21T14:00,16.7,83,17.5,0.30,51,100,2.8,11,111.0,1
2024-11-21T15:00,17.0,81,17.6,0.10,51,33,3.4,43,125.0,1
2024-11-21T16:00,17.0,79,17.4,0.00,2,55,5.5,44,219.0,1
2024-11-21T17:00,16.5,81,16.9,0.00,3,80,4.3,48,48.0,1
2024-11-21T18:00,15.9,84,16.5,0.00,0,18,2.4,73,0.0,0
2024-11-21T19:00,15.3,84,16.0,0.00,0,10,0.8,117,0.0,0
2024-11-21T20:00,14.9,86,15.6,0.00,0,7,0.3,45,0.0,0
2024-11-21T21:00,15.6,87,16.4,0.00,3,82,1.8,336,0.0,0
2024-11-21T22:00,14.9,91,15.7,0.00,3,81,2.1,340,0.0,0
2024-11-21T23:00,14.6,94,15.4,0.00,1,39,2.1,322,0.0,0
2024-11-22T00:00,13.9,96,14.7,0.00,0,11,2.4,333,0.0,0
2024-11-22T01:00,13.5,98,14.2,0.00,0,6,2.3,342,0.0,0
2024-11-22T02:00,13.1,97,13.6,0.00,1,23,2.1,329,0.0,0
2024-11-22T03:00,12.9,98,13.3,0.00,1,23,2.3,321,0.0,0
2024-11-22T04:00,12.5,100,12.9,0.00,3,93,2.3,309,0.0,0
2024-11-22T05:00,12.4,100,12.7,0.00,3,99,2.8,305,0.0,0
2024-11-22T06:00,12.2,100,12.4,0.00,3,99,3.7,309,0.0,0
2024-11-22T07:00,12.4,99,12.4,0.00,1,49,5.3,305,11.0,1
2024-11-22T08:00,13.8,91,14.0,0.00,1,31,3.2,304,136.0,1
2024-11-22T09:00,15.9,77,16.0,0.00,0,14,3.3,13,325.0,1
2024-11-22T10:00,17.5,66,16.6,0.00,2,52,8.1,45,508.0,1
2024-11-22T11:00,18.4,60,17.3,0.00,3,99,8.6,54,497.0,1
2024-11-22T12:00,19.0,59,17.9,0.00,2,64,8.7,58,508.0,1
2024-11-22T13:00,19.6,57,18.6,0.00,2,56,9.4,58,563.0,1
2024-11-22T14:00,19.6,57,18.5,0.00,1,28,9.3,68,488.0,1
2024-11-22T15:00,19.1,57,17.9,0.00,0,17,10.1,79,402.0,1
2024-11-22T16:00,18.3,60,17.0,0.00,0,7,10.3,87,245.0,1
2024-11-22T17:00,16.6,70,15.6,0.00,0,6,8.9,96,80.0,1
2024-11-22T18:00,15.1,79,15.0,0.00,0,9,4.2,72,1.0,0
2024-11-22T19:00,14.8,79,14.6,0.00,0,15,3.3,354,0.0,0
2024-11-22T20:00,14.7,80,14.6,0.00,0,18,3.3,315,0.0,0
2024-11-22T21:00,14.8,82,14.8,0.00,1,30,3.1,320,0.0,0
2024-11-22T22:00,14.4,84,14.5,0.00,1,26,3.3,299,0.0,0
2024-11-22T23:00,14.4,88,14.3,0.00,1,20,5.9,293,0.0,0
2024-11-23T00:00,14.0,89,13.7,0.00,0,5,6.6,296,0.0,0
2024-11-23T01:00,13.6,89,13.4,0.00,0,1,6.0,297,0.0,0
2024-11-23T02:00,13.4,88,12.9,0.00,0,6,6.4,299,0.0,0
2024-11-23T03:00,13.1,91,12.8,0.00,0,7,5.9,301,0.0,0
2024-11-23T04:00,12.6,89,12.3,0.00,0,18,3.3,292,0.0,0
2024-11-23T05:00,12.8,87,12.5,0.00,0,16,3.6,288,0.0,0
2024-11-23T06:00,12.9,89,12.5,0.00,1,22,5.5,289,0.0,0
2024-11-23T07:00,13.3,89,13.0,0.00,2,51,5.2,286,10.0,1
2024-11-23T08:00,14.6,80,14.1,0.00,3,83,5.6,266,97.0,1
2024-11-23T09:00,16.6,69,16.3,0.00,3,100,3.9,292,171.0,1
2024-11-23T10:00,17.7,62,16.9,0.00,3,100,6.0,41,262.0,1
2024-11-23T11:00,18.4,60,17.6,0.00,3,100,6.5,58,312.0,1
2024-11-23T12:00,18.9,60,17.7,0.00,2,79,10.3,67,353.0,1
2024-11-23T13:00,19.4,60,18.1,0.00,2,63,11.7,65,452.0,1
2024-11-23T14:00,19.5,59,17.8,0.00,3,97,14.4,62,387.0,1
2024-11-23T15:00,18.9,63,17.4,0.00,3,100,14.0,60,208.0,1
2024-11-23T16:00,18.2,68,17.4,0.00,3,91,10.1,63,105.0,1
2024-11-23T17:00,17.2,71,16.4,0.00,3,87,9.8,58,36.0,1
2024-11-23T18:00,16.5,74,16.1,0.00,3,94,7.3,48,0.0,0
2024-11-23T19:00,16.4,74,15.9,0.00,3,83,7.0,35,0.0,0
2024-11-23T20:00,16.2,73,15.7,0.00,3,80,6.4,27,0.0,0
2024-11-23T21:00,15.9,76,15.7,0.00,3,84,4.5,29,0.0,0
2024-11-23T22:00,15.8,76,15.6,0.00,2,71,3.8,8,0.0,0
2024-11-23T23:00,15.6,76,15.4,0.00,1,33,4.1,337,0.0,0
2024-11-24T00:00,14.9,80,14.6,0.00,0,18,5.0,316,0.0,0
2024-11-24T01:00,14.5,81,14.0,0.00,1,20,5.8,306,0.0,0
2024-11-24T02:00,14.1,82,13.6,0.00,0,16,5.6,301,0.0,0
2024-11-24T03:00,13.8,84,13.4,0.00,2,67,4.9,294,0.0,0
2024-11-24T04:00,13.7,83,13.1,0.00,2,78,6.0,299,0.0,0
2024-11-24T05:00,13.6,83,12.9,0.00,1,23,6.2,296,0.0,0
2024-11-24T06:00,13.4,84,12.9,0.00,1,26,5.2,297,0.0,0
2024-11-24T07:00,13.9,85,13.6,0.00,1,30,4.3,294,9.0,1
2024-11-24T08:00,15.1,78,14.8,0.00,1,40,4.7,288,113.0,1
2024-11-24T09:00,16.6,69,16.3,0.00,3,100,4.2,313,178.0,1
2024-11-24T10:00,17.8,64,17.4,0.00,3,91,4.2,20,268.0,1
2024-11-24T11:00,19.6,63,18.7,0.00,3,95,11.0,66,450.0,1
2024-11-24T12:00,19.9,63,19.1,0.00,3,100,10.8,60,354.0,1
2024-11-24T13:00,20.2,62,19.5,0.00,3,100,10.9,63,367.0,1
2024-11-24T14:00,20.5,61,19.7,0.00,3,96,11.2,66,364.0,1
2024-11-24T15:00,20.2,61,19.2,0.00,3,97,11.8,64,276.0,1
2024-11-24T16:00,19.2,66,18.7,0.00,3,99,9.6,60,113.0,1
2024-11-24T17:00,18.2,70,17.9,0.00,3,100,7.9,45,32.0,1
2024-11-24T18:00,17.3,75,17.6,0.00,3,100,4.3,42,0.0,0
2024-11-24T19:00,16.9,76,17.3,0.80,53,83,3.1,28,0.0,0
2024-11-24T20:00,16.5,77,16.8,0.20,51,80,3.0,343,0.0,0
2024-11-24T21:00,16.5,83,17.2,0.00,2,68,3.1,310,0.0,0
2024-11-24T22:00,16.3,82,16.7,0.00,3,96,4.5,293,0.0,0
2024-11-24T23:00,16.3,81,16.6,0.00,3,82,4.7,302,0.0,0
2024-11-25T00:00,15.8,82,15.7,2.40,61,100,6.1,298,0.0,0
2024-11-25T01:00,15.4,86,15.4,0.50,53,92,6.2,300,0.0,0
2024-11-25T02:00,14.7,90,15.0,0.10,51,100,4.4,277,0.0,0
2024-11-25T03:00,15.2,87,15.4,0.60,53,100,4.9,280,0.0,0
2024-11-25T04:00,15.1,87,15.5,0.10,51,100,4.0,300,0.0,0
2024-11-25T05:00,15.1,90,15.6,1.50,61,100,3.9,294,0.0,0
2024-11-25T06:00,14.9,91,15.3,0.80,53,100,4.1,299,0.0,0
2024-11-25T07:00,15.2,91,15.9,4.20,63,100,3.6,290,4.0,1
2024-11-25T08:00,15.6,90,16.5,3.30,63,99,2.7,318,35.0,1
2024-11-25T09:00,16.5,91,17.7,1.80,61,100,3.3,299,36.0,1
2024-11-25T10:00,16.7,93,18.1,2.10,61,100,2.9,270,45.0,1
2024-11-25T11:00,17.1,94,18.4,1.10,55,100,6.3,301,77.0,1
2024-11-25T12:00,18.2,89,19.9,0.50,53,100,3.3,319,154.0,1
2024-11-25T13:00,18.2,90,19.8,3.50,63,100,4.7,310,117.0,1
2024-11-25T14:00,18.8,88,20.3,0.20,51,100,5.3,294,168.0,1
2024-11-25T15:00,18.9,87,20.4,0.10,51,100,5.4,323,129.0,1
2024-11-25T16:00,18.9,86,20.4,0.10,51,100,5.4,326,123.0,1
2024-11-25T17:00,18.3,89,19.8,0.00,1,49,5.2,331,28.0,1
2024-11-25T18:00,17.0,93,18.3,0.00,0,4,3.9,317,0.0,0
2024-11-25T19:00,16.5,93,17.6,0.00,0,12,4.4,289,0.0,0
2024-11-25T20:00,16.0,94,17.0,0.00,0,2,4.7,286,0.0,0
2024-11-25T21:00,16.5,96,17.9,0.00,3,87,4.6,288,0.0,0
2024-11-25T22:00,16.9,96,18.2,0.00,0,14,5.6,291,0.0,0
2024-11-25T23:00,16.6,96,17.9,0.00,3,100,5.2,284,0.0,0
2024-11-26T00:00,16.8,94,18.0,0.00,3,100,5.7,288,0.0,0
2024-11-26T01:00,17.1,90,17.9,0.00,2,66,7.7,286,0.0,0
2024-11-26T02:00,17.2,86,17.3,0.00,3,100,10.9,297,0.0,0
2024-11-26T03:00,16.8,83,16.1,0.00,1,32,13.2,296,0.0,0
2024-11-26T04:00,15.6,82,14.6,0.00,2,77,12.1,287,0.0,0
2024-11-26T05:00,15.1,81,14.2,0.00,3,100,10.0,290,0.0,0
2024-11-26T06:00,14.9,80,13.9,0.00,2,59,9.6,298,0.0,0
2024-11-26T07:00,14.6,80,13.9,0.00,2,52,8.0,298,7.0,1
2024-11-26T08:00,15.4,75,14.4,0.00,2,58,8.3,300,97.0,1
2024-11-26T09:00,15.8,73,14.8,0.00,2,61,8.8,293,99.0,1
2024-11-26T10:00,17.6,65,16.4,0.00,1,22,10.6,316,425.0,1
2024-11-26T11:00,18.8,62,18.1,0.00,0,6,8.4,318,584.0,1
2024-11-26T12:00,19.7,58,19.7,0.00,0,18,7.0,314,652.0,1
2024-11-26T13:00,20.2,55,20.0,0.00,1,26,5.6,312,599.0,1
2024-11-26T14:00,20.8,52,19.6,0.00,1,39,8.7,287,528.0,1
2024-11-26T15:00,20.4,52,19.3,0.00,2,53,7.7,286,413.0,1
2024-11-26T16:00,18.5,58,17.7,0.00,1,24,5.9,101,226.0,1
2024-11-26T17:00,16.1,75,15.2,0.00,1,44,10.3,96,73.0,1
2024-11-26T18:00,15.0,79,14.8,0.00,1,37,4.0,93,1.0,0
2024-11-26T19:00,14.4,78,14.3,0.00,2,67,2.1,70,0.0,0
2024-11-26T20:00,14.3,76,14.2,0.00,3,92,0.8,45,0.0,0
2024-11-26T21:00,15.1,78,15.3,0.00,3,100,1.0,31,0.0,0
2024-11-26T22:00,15.3,76,15.4,0.00,3,100,1.8,360,0.0,0
2024-11-26T23:00,15.1,75,15.1,0.00,3,100,2.1,345,0.0,0
2024-11-27T00:00,14.9,77,14.9,0.00,3,100,2.6,326,0.0,0
2024-11-27T01:00,14.6,82,14.6,0.00,2,52,3.1,329,0.0,0
2024-11-27T02:00,13.9,87,14.0,0.00,1,28,3.0,335,0.0,0
2024-11-27T03:00,13.2,87,13.2,0.00,0,9,2.4,333,0.0,0
2024-11-27T04:00,12.5,91,12.6,0.00,0,6,1.9,331,0.0,0
2024-11-27T05:00,11.9,95,12.1,0.00,0,12,1.7,319,0.0,0
2024-11-27T06:00,11.3,99,11.4,0.00,1,28,2.1,290,0.0,0
2024-11-27T07:00,11.1,100,11.0,0.00,3,98,3.1,294,9.0,1
2024-11-27T08:00,12.9,89,12.6,0.00,0,19,5.1,312,133.0,1
2024-11-27T09:00,14.4,77,13.9,0.00,0,14,4.5,323,312.0,1
2024-11-27T10:00,15.9,64,14.9,0.00,2,63,4.5,331,485.0,1
2024-11-27T11:00,17.0,54,16.0,0.00,0,4,5.7,323,613.0,1
2024-11-27T12:00,18.1,45,16.9,0.00,0,0,6.5,318,672.0,1
2024-11-27T13:00,18.6,42,17.0,0.00,0,0,8.1,309,662.0,1
2024-11-27T14:00,18.6,41,16.1,0.00,0,0,11.1,293,582.0,1
2024-11-27T15:00,18.5,44,15.6,0.00,0,0,13.5,284,447.0,1
2024-11-27T16:00,18.0,45,15.3,0.00,0,0,11.8,279,268.0,1
2024-11-27T17:00,16.3,50,14.2,0.00,0,0,7.6,273,83.0,1
2024-11-27T18:00,14.8,60,13.6,0.00,0,0,3.1,301,1.0,0
2024-11-27T19:00,14.1,64,13.3,0.00,0,4,1.0,315,0.0,0
2024-11-27T20:00,13.3,70,12.7,0.00,0,4,0.5,315,0.0,0
2024-11-27T21:00,13.2,75,12.9,0.00,0,8,0.3,315,0.0,0
2024-11-27T22:00,12.6,80,12.4,0.00,0,10,0.4,270,0.0,0
2024-11-27T23:00,11.9,83,11.4,0.00,1,28,1.9,299,0.0,0
2024-11-28T00:00,11.3,83,10.4,0.00,0,14,3.1,294,0.0,0
2024-11-28T01:00,10.6,83,9.5,0.00,0,18,4.3,292,0.0,0
2024-11-28T02:00,10.1,81,8.7,0.00,0,5,4.6,288,0.0,0
2024-11-28T03:00,9.8,79,8.1,0.00,0,17,4.8,285,0.0,0
2024-11-28T04:00,9.4,77,7.5,0.00,1,41,4.8,283,0.0,0
2024-11-28T05:00,9.0,79,7.2,0.00,1,46,5.0,289,0.0,0
2024-11-28T06:00,8.8,79,6.9,0.00,0,10,5.1,293,0.0,0
2024-11-28T07:00,9.1,75,7.1,0.00,0,16,5.4,291,9.0,1
2024-11-28T08:00,11.1,66,8.9,0.00,0,0,6.8,295,140.0,1
2024-11-28T09:00,13.1,57,10.9,0.00,0,10,6.9,300,334.0,1
2024-11-28T10:00,14.9,46,12.1,0.00,0,4,8.4,304,507.0,1
2024-11-28T11:00,16.0,40,13.4,0.00,0,3,9.6,307,630.0,1
2024-11-28T12:00,16.8,37,14.3,0.00,0,0,10.4,312,689.0,1
2024-11-28T13:00,17.2,36,14.4,0.00,1,36,12.0,309,679.0,1
2024-11-28T14:00,17.4,38,14.2,0.00,0,1,12.9,302,600.0,1
2024-11-28T15:00,17.2,39,13.8,0.00,1,21,13.0,294,459.0,1
2024-11-28T16:00,16.5,43,13.5,0.00,0,0,10.8,288,275.0,1
2024-11-28T17:00,14.9,47,11.9,0.00,1,41,9.8,278,86.0,1
2024-11-28T18:00,13.6,53,10.9,0.00,3,94,8.3,283,1.0,0
2024-11-28T19:00,12.2,63,10.2,0.00,3,91,5.8,290,0.0,0
2024-11-28T20:00,11.1,71,9.5,0.00,0,11,4.0,291,0.0,0
2024-11-28T21:00,11.1,75,9.7,0.00,0,18,3.8,295,0.0,0
2024-11-28T22:00,10.3,81,8.9,0.00,0,0,4.3,298,0.0,0
2024-11-28T23:00,9.8,82,8.4,0.00,1,35,4.4,300,0.0,0
2024-11-29T00:00,9.3,82,7.8,0.00,0,8,4.3,292,0.0,0
2024-11-29T01:00,8.8,83,7.2,0.00,1,31,3.8,289,0.0,0
2024-11-29T02:00,8.2,85,6.7,0.00,1,25,3.8,289,0.0,0
2024-11-29T03:00,7.8,87,6.2,0.00,0,1,4.3,294,0.0,0
2024-11-29T04:00,7.5,89,5.9,0.00,0,0,3.5,291,0.0,0
2024-11-29T05:00,7.3,91,5.9,0.00,0,0,2.5,291,0.0,0
2024-11-29T06:00,6.9,93,5.5,0.00,1,20,2.7,302,0.0,0
2024-11-29T07:00,7.0,94,5.4,0.00,2,71,4.0,302,9.0,1
2024-11-29T08:00,9.6,82,7.9,0.00,0,0,6.1,304,140.0,1
2024-11-29T09:00,12.4,63,10.5,0.00,0,0,6.0,314,338.0,1
2024-11-29T10:00,14.5,46,11.8,0.00,0,0,7.8,320,513.0,1
2024-11-29T11:00,15.6,40,13.4,0.00,0,0,7.1,330,638.0,1
2024-11-29T12:00,16.5,39,15.1,0.00,0,0,4.6,329,697.0,1
2024-11-29T13:00,17.2,39,16.1,0.00,1,32,2.6,309,685.0,1
2024-11-29T14:00,17.5,38,16.0,0.00,2,71,1.8,323,604.0,1
2024-11-29T15:00,17.5,39,15.6,0.00,1,48,2.7,4,462.0,1
2024-11-29T16:00,17.0,42,15.3,0.00,0,0,2.4,54,276.0,1
2024-11-29T17:00,14.6,63,13.3,0.00,0,0,4.4,99,86.0,1
2024-11-29T18:00,12.9,69,11.5,0.00,0,0,5.1,113,0.0,0
2024-11-29T19:00,11.9,69,10.6,0.00,0,3,2.4,117,0.0,0
2024-11-29T20:00,11.4,71,10.4,0.00,1,43,0.6,124,0.0,0
2024-11-29T21:00,11.1,75,10.3,0.00,0,3,0.5,270,0.0,0
2024-11-29T22:00,10.2,84,9.4,0.00,2,72,1.8,294,0.0,0
2024-11-29T23:00,9.3,91,8.2,0.00,0,12,3.8,289,0.0,0
2024-11-30T00:00,8.7,94,7.6,0.00,0,14,3.7,284,0.0,0
2024-11-30T01:00,8.4,95,7.4,0.00,0,17,2.9,270,0.0,0
2024-11-30T02:00,8.2,94,7.1,0.00,1,22,2.9,263,0.0,0
2024-11-30T03:00,8.1,92,7.0,0.00,1,23,2.7,270,0.0,0
2024-11-30T04:00,8.1,91,6.7,0.00,1,24,3.1,280,0.0,0
2024-11-30T05:00,7.8,90,6.4,0.00,1,20,3.3,283,0.0,0
2024-11-30T06:00,7.6,93,6.1,0.00,0,15,3.8,275,0.0,0
2024-11-30T07:00,7.9,93,6.5,0.00,0,7,4.2,277,7.0,1
2024-11-30T08:00,10.3,81,8.8,0.00,0,7,5.2,292,126.0,1
2024-11-30T09:00,12.6,74,11.4,0.00,0,3,4.4,305,316.0,1
2024-11-30T10:00,14.9,61,13.6,0.00,0,0,3.7,309,487.0,1
2024-11-30T11:00,16.4,57,16.0,0.00,3,97,1.2,321,605.0,1
2024-11-30T12:00,16.5,57,15.7,0.00,2,58,1.1,198,366.0,1
2024-11-30T13:00,17.3,56,16.5,0.00,3,100,2.6,155,531.0,1
2024-11-30T14:00,16.8,57,15.8,0.00,3,100,3.8,161,220.0,1
2024-11-30T15:00,16.6,59,15.5,0.00,1,33,5.0,154,161.0,1
2024-11-30T16:00,16.5,61,15.3,0.00,1,20,5.9,142,242.0,1
2024-11-30T17:00,14.6,74,14.0,0.00,2,57,4.4,148,79.0,1
2024-11-30T18:00,13.7,78,13.2,0.00,1,20,3.7,169,0.0,0
2024-11-30T19:00,13.4,81,13.3,0.00,0,16,1.2,207,0.0,0
2024-11-30T20:00,12.6,85,12.6,0.00,1,45,0.7,256,0.0,0
2024-11-30T21:00,12.5,90,12.6,0.00,3,92,1.3,270,0.0,0
2024-11-30T22:00,12.2,92,12.2,0.00,2,50,2.3,274,0.0,0
2024-11-30T23:00,11.9,92,11.9,0.00,3,98,2.2,270,0.0,0
2024-12-01T00:00,11.6,93,11.2,0.00,3,97,3.1,273,0.0,0
2024-12-01T01:00,10.9,95,10.4,0.00,3,91,3.6,276,0.0,0
2024-12-01T02:00,11.0,94,10.5,0.00,1,34,3.6,279,0.0,0
2024-12-01T03:00,10.4,95,9.7,0.00,0,12,4.0,275,0.0,0
2024-12-01T04:00,9.9,96,9.1,0.00,0,12,4.0,275,0.0,0
2024-12-01T05:00,9.6,95,8.7,0.00,0,9,4.3,275,0.0,0
2024-12-01T06:00,9.4,95,8.5,0.00,0,6,4.5,275,0.0,0
2024-12-01T07:00,9.7,95,8.8,0.00,0,1,4.2,280,7.0,1
2024-12-01T08:00,12.3,82,11.3,0.00,0,2,5.6,299,123.0,1
2024-12-01T09:00,13.9,83,13.7,0.00,0,8,3.0,335,302.0,1
2024-12-01T10:00,16.2,72,16.1,0.00,0,0,3.2,3,483.0,1
2024-12-01T11:00,18.2,62,18.5,0.00,0,0,3.2,16,609.0,1
2024-12-01T12:00,19.9,54,20.2,0.00,1,25,3.6,41,669.0,1
2024-12-01T13:00,20.8,49,20.8,0.00,3,81,4.4,52,660.0,1
2024-12-01T14:00,21.1,47,20.5,0.00,2,75,4.4,78,583.0,1
2024-12-01T15:00,20.9,48,20.2,0.00,1,30,3.8,87,445.0,1
2024-12-01T16:00,20.4,50,20.1,0.00,0,0,0.9,101,266.0,1
2024-12-01T17:00,18.5,63,18.7,0.00,0,0,0.8,243,83.0,1
2024-12-01T18:00,17.1,66,17.3,0.00,0,0,0.2,270,1.0,0
2024-12-01T19:00,15.8,71,15.7,0.00,0,0,1.3,180,0.0,0
2024-12-01T20:00,14.4,78,14.4,0.00,0,0,1.8,143,0.0,0
2024-12-01T21:00,14.2,87,14.9,0.00,0,0,0.4,207,0.0,0
2024-12-01T22:00,13.2,93,13.8,0.00,0,6,1.1,279,0.0,0
2024-12-01T23:00,12.4,96,12.5,0.00,0,0,3.3,279,0.0,0
2024-12-02T00:00,11.9,98,12.0,0.00,0,0,2.9,270,0.0,0
2024-12-02T01:00,11.6,99,11.7,0.00,0,0,2.9,270,0.0,0
2024-12-02T02:00,11.3,100,11.3,0.00,1,27,3.1,277,0.0,0
2024-12-02T03:00,11.1,100,10.9,0.00,0,0,3.1,270,0.0,0
2024-12-02T04:00,10.9,100,10.7,0.00,1,27,3.4,270,0.0,0
2024-12-02T05:00,10.8,99,10.5,0.00,1,47,3.3,264,0.0,0
2024-12-02T06:00,10.6,99,10.3,0.00,0,6,3.1,270,0.0,0
2024-12-02T07:00,10.7,99,10.4,0.00,1,48,3.6,273,7.0,1
2024-12-02T08:00,13.4,90,13.2,0.00,0,18,4.9,276,121.0,1
2024-12-02T09:00,16.0,81,16.4,0.00,0,0,2.9,292,305.0,1
2024-12-02T10:00,18.6,67,19.0,0.00,0,0,2.2,284,472.0,1
2024-12-02T11:00,20.5,58,21.1,0.00,0,1,1.7,257,590.0,1
2024-12-02T12:00,21.6,56,22.7,0.00,0,1,1.7,193,647.0,1
2024-12-02T13:00,22.4,58,23.7,0.00,0,0,2.8,162,637.0,1
2024-12-02T14:00,22.9,60,23.9,0.00,0,0,3.6,147,564.0,1
2024-12-02T15:00,22.8,62,23.8,0.00,0,1,5.1,129,433.0,1
2024-12-02T16:00,21.9,67,22.8,0.00,0,0,7.1,128,254.0,1
2024-12-02T17:00,19.8,78,21.2,0.00,0,0,4.7,140,76.0,1
2024-12-02T18:00,18.0,85,19.3,0.00,0,0,3.6,153,0.0,0
2024-12-02T19:00,17.2,87,18.8,0.00,0,2,1.0,158,0.0,0
2024-12-02T20:00,16.4,91,17.9,0.00,0,7,0.4,270,0.0,0
2024-12-02T21:00,16.1,93,17.5,0.00,0,11,2.3,288,0.0,0
2024-12-02T22:00,15.5,95,16.6,0.00,0,16,3.0,284,0.0,0
2024-12-02T23:00,15.2,96,16.2,0.00,0,17,4.0,297,0.0,0
2024-12-03T00:00,14.8,97,15.6,0.00,1,29,3.9,304,0.0,0
2024-12-03T01:00,14.4,97,15.2,0.00,1,28,3.7,299,0.0,0
2024-12-03T02:00,14.1,97,14.8,0.00,3,100,3.6,297,0.0,0
2024-12-03T03:00,15.1,95,16.0,0.00,3,100,3.5,291,0.0,0
2024-12-03T04:00,15.4,94,16.3,0.00,3,100,3.5,291,0.0,0
2024-12-03T05:00,15.6,93,16.6,0.00,3,100,3.8,281,0.0,0
2024-12-03T06:00,15.8,93,16.9,0.00,3,100,2.5,270,0.0,0
2024-12-03T07:00,16.1,92,17.4,0.00,3,100,2.2,270,3.0,1
2024-12-03T08:00,17.0,89,18.2,0.00,3,100,4.0,262,38.0,1
2024-12-03T09:00,19.1,83,20.9,0.10,51,61,2.8,349,158.0,1
2024-12-03T10:00,20.2,76,20.9,0.10,51,81,9.1,49,286.0,1
2024-12-03T11:00,20.9,73,21.5,0.00,2,59,9.6,57,353.0,1
2024-12-03T12:00,21.0,73,21.6,0.40,51,74,9.6,67,377.0,1
2024-12-03T13:00,21.4,71,22.3,0.10,51,98,7.2,78,383.0,1
2024-12-03T14:00,21.4,69,21.9,0.00,2,75,9.2,83,374.0,1
2024-12-03T15:00,20.5,72,20.8,0.00,2,65,10.7,77,275.0,1
2024-12-03T16:00,19.8,74,20.4,0.00,2,52,7.9,79,175.0,1
2024-12-03T17:00,18.6,79,19.7,0.00,3,80,4.0,69,62.0,1
2024-12-03T18:00,17.8,82,19.0,0.00,3,88,1.8,45,0.0,0
2024-12-03T19:00,17.6,82,19.0,0.00,3,92,0.6,304,0.0,0
2024-12-03T20:00,17.4,83,18.6,0.00,3,80,1.7,328,0.0,0
2024-12-03T21:00,16.9,83,18.1,0.00,1,33,0.6,326,0.0,0
2024-12-03T22:00,16.4,84,17.4,0.00,1,30,1.2,309,0.0,0
2024-12-03T23:00,15.8,86,16.5,0.00,1,44,2.6,304,0.0,0
2024-12-04T00:00,15.6,87,16.2,0.00,1,48,2.9,292,0.0,0
2024-12-04T01:00,15.5,88,16.0,0.00,1,41,4.2,290,0.0,0
2024-12-04T02:00,15.2,88,15.6,0.00,1,48,4.3,292,0.0,0
2024-12-04T03:00,14.7,89,15.1,0.00,2,54,3.8,287,0.0,0
2024-12-04T04:00,14.6,89,14.8,0.00,3,83,4.3,287,0.0,0
2024-12-04T05:00,14.3,87,14.3,0.00,3,100,4.5,286,0.0,0
2024-12-04T06:00,14.2,87,14.4,0.00,3,100,3.6,279,0.0,0
2024-12-04T07:00,14.6,87,14.9,0.00,3,100,2.5,270,3.0,1
2024-12-04T08:00,15.3,80,15.4,0.00,3,100,3.4,270,41.0,1
2024-12-04T09:00,17.0,71,17.1,0.00,3,100,3.1,324,125.0,1
2024-12-04T10:00,17.5,70,17.5,0.00,3,100,4.9,4,110.0,1
2024-12-04T11:00,17.5,74,17.6,0.10,51,100,5.9,35,110.0,1
2024-12-04T12:00,18.1,71,17.8,0.00,3,100,8.3,42,194.0,1
2024-12-04T13:00,18.4,69,18.1,0.00,3,100,7.8,48,199.0,1
2024-12-04T14:00,18.7,68,18.3,0.00,3,100,8.1,59,226.0,1
2024-12-04T15:00,18.5,68,18.0,0.00,3,89,9.1,75,160.0,1
2024-12-04T16:00,18.4,70,18.2,0.00,3,90,7.6,91,121.0,1
2024-12-04T17:00,17.2,76,17.5,0.00,3,83,4.8,105,55.0,1
2024-12-04T18:00,16.1,83,16.8,0.00,3,100,2.9,101,0.0,0
2024-12-04T19:00,16.2,83,17.1,0.00,3,100,1.3,90,0.0,0
2024-12-04T20:00,16.1,81,16.9,0.00,3,100,0.6,56,0.0,0
2024-12-04T21:00,15.6,88,16.6,0.00,3,100,0.7,284,0.0,0
2024-12-04T22:00,15.4,88,16.2,0.00,3,100,1.8,276,0.0,0
2024-12-04T23:00,14.9,92,15.5,0.00,3,97,3.2,273,0.0,0
2024-12-05T00:00,14.6,94,15.2,0.00,3,100,3.6,276,0.0,0
2024-12-05T01:00,14.2,96,14.8,0.00,1,48,3.8,270,0.0,0
2024-12-05T02:00,13.2,100,13.8,0.00,1,32,3.4,267,0.0,0
2024-12-05T03:00,12.6,100,12.8,0.00,3,99,4.7,274,0.0,0
2024-12-05T04:00,12.4,100,12.4,0.00,3,99,5.1,287,0.0,0
2024-12-05T05:00,12.2,100,12.0,0.00,3,100,6.4,288,0.0,0
2024-12-05T06:00,12.5,99,12.4,0.00,3,100,5.6,291,0.0,0
2024-12-05T07:00,12.6,98,12.5,0.00,3,100,5.4,300,3.0,1
2024-12-05T08:00,13.4,92,13.4,0.00,3,100,4.8,297,51.0,1
2024-12-05T09:00,16.1,80,16.5,0.00,0,12,3.5,294,246.0,1
2024-12-05T10:00,18.2,68,18.7,0.00,0,1,1.3,286,433.0,1
2024-12-05T11:00,19.7,63,20.1,0.00,0,11,3.1,103,563.0,1
2024-12-05T12:00,20.7,60,21.0,0.00,2,54,3.9,106,543.0,1
2024-12-05T13:00,21.0,59,21.5,0.00,3,99,2.0,90,442.0,1
2024-12-05T14:00,20.5,59,20.6,0.00,2,55,4.9,114,280.0,1
2024-12-05T15:00,20.5,61,20.0,0.00,1,26,8.9,119,318.0,1
2024-12-05T16:00,19.5,66,19.2,0.00,1,27,8.5,122,204.0,1
2024-12-05T17:00,17.9,76,18.3,0.00,0,10,5.2,124,74.0,1
2024-12-05T18:00,16.5,82,17.1,0.00,0,15,3.5,141,1.0,0
2024-12-05T19:00,15.8,86,16.5,0.00,1,20,3.1,140,0.0,0
2024-12-05T20:00,15.3,88,16.2,0.00,1,28,1.0,158,0.0,0
2024-12-05T21:00,15.0,91,16.1,0.00,1,42,0.4,243,0.0,0
2024-12-05T22:00,14.5,94,15.4,0.00,1,38,1.6,270,0.0,0
2024-12-05T23:00,14.5,96,15.3,0.00,2,63,3.1,280,0.0,0
2024-12-06T00:00,14.6,96,15.3,0.00,3,97,4.4,277,0.0,0
2024-12-06T01:00,14.6,96,15.5,0.00,3,100,2.9,266,0.0,0
2024-12-06T02:00,14.9,95,15.8,0.00,3,89,2.9,270,0.0,0
2024-12-06T03:00,14.6,95,15.4,0.00,3,99,3.3,279,0.0,0
2024-12-06T04:00,14.6,95,15.4,0.00,3,100,3.5,298,0.0,0
2024-12-06T05:00,14.7,95,15.6,0.00,3,100,2.6,295,0.0,0
2024-12-06T06:00,14.3,95,15.2,0.00,3,100,1.6,297,0.0,0
2024-12-06T07:00,13.9,97,14.6,0.00,2,55,2.9,317,4.0,1
2024-12-06T08:00,14.8,94,15.7,0.00,1,44,2.2,346,88.0,1
2024-12-06T09:00,17.5,80,18.4,0.00,1,30,2.1,15,255.0,1
2024-12-06T10:00,18.6,74,19.0,0.00,3,100,5.8,70,380.0,1
2024-12-06T11:00,19.0,71,19.2,0.00,3,100,5.8,81,299.0,1
2024-12-06T12:00,19.0,70,19.4,0.10,51,100,5.6,88,251.0,1
2024-12-06T13:00,19.2,70,19.5,0.10,51,100,5.7,101,283.0,1
2024-12-06T14:00,19.2,70,19.2,0.00,3,96,7.8,109,255.0,1
2024-12-06T15:00,18.9,70,18.6,0.00,1,26,9.2,107,230.0,1
2024-12-06T16:00,18.1,73,17.8,0.00,1,49,9.0,103,202.0,1
2024-12-06T17:00,16.8,79,16.6,0.00,3,98,7.8,109,57.0,1
2024-12-06T18:00,16.0,81,16.0,0.00,3,100,6.0,115,0.0,0
2024-12-06T19:00,15.6,82,15.9,0.00,3,100,3.4,115,0.0,0
2024-12-06T20:00,15.4,83,15.9,0.00,3,100,2.4,103,0.0,0
2024-12-06T21:00,15.5,85,16.0,0.00,3,100,3.0,123,0.0,0
2024-12-06T22:00,15.4,85,15.9,0.00,3,100,2.4,103,0.0,0
2024-12-06T23:00,15.2,85,15.8,0.00,3,100,1.7,122,0.0,0
2024-12-07T00:00,15.1,86,15.8,0.10,51,100,0.9,191,0.0,0
2024-12-07T01:00,14.6,88,15.2,0.10,51,97,2.3,184,0.0,0
2024-12-07T02:00,14.4,90,15.0,0.10,51,76,1.6,207,0.0,0
2024-12-07T03:00,13.9,90,14.4,0.00,2,50,1.5,166,0.0,0
2024-12-07T04:00,13.4,92,13.9,0.00,1,46,1.5,150,0.0,0
2024-12-07T05:00,12.8,96,13.0,0.00,2,68,2.8,125,0.0,0
2024-12-07T06:00,12.9,96,13.5,0.00,3,100,0.7,180,0.0,0
2024-12-07T07:00,13.6,93,14.0,0.00,3,100,2.0,185,2.0,1
2024-12-07T08:00,14.0,89,14.1,0.00,3,100,3.6,153,44.0,1
2024-12-07T09:00,15.3,83,15.5,0.00,3,100,4.0,108,110.0,1
2024-12-07T10:00,16.1,78,16.4,0.00,3,100,3.4,72,170.0,1
2024-12-07T11:00,17.0,74,17.3,0.00,3,100,3.3,49,216.0,1
2024-12-07T12:00,17.5,72,17.6,0.00,3,100,4.5,7,170.0,1
2024-12-07T13:00,17.8,71,17.9,0.00,3,100,4.1,45,151.0,1
2024-12-07T14:00,17.9,70,17.8,0.00,3,100,5.2,65,139.0,1
2024-12-07T15:00,17.2,73,17.1,0.00,3,100,5.9,90,79.0,1
2024-12-07T16:00,16.7,74,16.4,0.00,3,100,6.4,108,57.0,1
2024-12-07T17:00,15.8,75,15.3,0.00,3,100,6.8,108,25.0,1
2024-12-07T18:00,14.9,76,14.3,0.00,3,99,5.4,116,0.0,0
2024-12-07T19:00,14.4,76,14.0,0.00,3,100,3.3,119,0.0,0
2024-12-07T20:00,14.2,78,14.0,0.00,3,100,1.9,124,0.0,0
2024-12-07T21:00,14.5,78,14.6,0.00,3,100,0.7,194,0.0,0
2024-12-07T22:00,14.3,81,14.3,0.00,3,100,2.3,360,0.0,0
2024-12-07T23:00,14.1,75,13.3,0.00,3,100,4.9,24,0.0,0
2024-12-08T00:00,13.6,68,12.3,0.00,3,100,5.4,30,0.0,0
2024-12-08T01:00,13.2,64,11.6,0.00,3,100,4.9,39,0.0,0
2024-12-08T02:00,12.8,63,10.9,0.00,3,100,6.4,16,0.0,0
2024-12-08T03:00,12.4,64,10.5,0.00,3,100,6.1,23,0.0,0
2024-12-08T04:00,12.2,62,10.0,0.00,3,100,7.3,28,0.0,0
2024-12-08T05:00,11.7,62,9.4,0.00,3,100,7.0,32,0.0,0
2024-12-08T06:00,11.2,63,9.0,0.00,1,24,6.5,8,0.0,0
2024-12-08T07:00,10.4,68,8.6,0.00,3,81,4.1,358,4.0,1
2024-12-08T08:00,11.4,63,9.5,0.00,3,95,4.3,358,84.0,1
2024-12-08T09:00,12.4,61,10.3,0.00,3,100,6.1,34,99.0,1
2024-12-08T10:00,12.6,60,10.4,0.00,3,99,6.4,54,113.0,1
2024-12-08T11:00,13.1,59,10.9,0.00,3,100,7.6,59,252.0,1
2024-12-08T12:00,13.6,58,11.2,0.00,3,100,8.9,62,292.0,1
2024-12-08T13:00,13.4,59,11.2,0.00,3,100,7.7,65,187.0,1
2024-12-08T14:00,13.6,58,11.4,0.00,3,100,7.2,71,200.0,1
2024-12-08T15:00,13.9,58,11.5,0.00,3,100,8.6,78,186.0,1
2024-12-08T16:00,13.4,60,10.8,0.00,3,100,10.1,92,126.0,1
2024-12-08T17:00,12.6,63,10.4,0.00,3,100,8.5,88,31.0,1
2024-12-08T18:00,12.2,66,10.0,0.00,3,100,8.2,80,0.0,0
2024-12-08T19:00,12.0,66,10.1,0.00,3,100,5.9,63,0.0,0
2024-12-08T20:00,11.7,66,9.9,0.00,3,100,5.0,49,0.0,0
2024-12-08T21:00,11.9,65,10.2,0.00,3,100,4.4,32,0.0,0
2024-12-08T22:00,11.9,64,10.0,0.00,3,100,5.3,24,0.0,0
2024-12-08T23:00,11.6,66,9.8,0.00,3,100,5.1,6,0.0,0
2024-12-09T00:00,11.4,66,9.4,0.00,3,100,5.6,4,0.0,0
2024-12-09T01:00,11.0,67,8.9,0.00,3,82,5.8,356,0.0,0
2024-12-09T02:00,10.6,66,8.4,0.00,2,63,5.9,349,0.0,0
2024-12-09T03:00,10.1,67,8.0,0.00,2,59,4.8,349,0.0,0
2024-12-09T04:00,9.9,66,7.8,0.00,1,45,4.0,339,0.0,0
2024-12-09T05:00,9.6,66,7.5,0.00,1,43,3.9,332,0.0,0
2024-12-09T06:00,9.1,69,7.2,0.00,1,35,3.6,319,0.0,0
2024-12-09T07:00,9.0,71,7.2,0.00,1,38,3.1,320,3.0,1
2024-12-09T08:00,10.1,66,8.2,0.00,2,66,3.9,313,90.0,1
2024-12-09T09:00,11.8,64,10.0,0.00,3,100,4.0,291,140.0,1
2024-12-09T10:00,13.5,56,11.8,0.00,3,98,2.9,330,326.0,1
2024-12-09T11:00,14.9,56,13.5,0.00,3,97,3.2,56,499.0,1
2024-12-09T12:00,15.7,57,14.3,0.00,3,98,4.7,83,499.0,1
2024-12-09T13:00,16.4,58,15.0,0.00,3,98,5.6,97,523.0,1
2024-12-09T14:00,16.7,60,15.1,0.00,3,92,9.1,98,423.0,1
2024-12-09T15:00,16.1,63,14.3,0.00,3,92,10.7,98,322.0,1
2024-12-09T16:00,15.2,66,13.6,0.00,3,100,9.4,95,173.0,1
2024-12-09T17:00,14.5,71,13.4,0.00,3,100,6.2,100,39.0,1
2024-12-09T18:00,13.9,76,13.3,0.00,3,100,3.6,90,0.0,0
2024-12-09T19:00,13.7,78,13.4,0.00,3,100,2.1,31,0.0,0
2024-12-09T20:00,13.4,78,13.0,0.00,3,100,2.2,336,0.0,0
2024-12-09T21:00,13.6,78,13.3,0.00,3,100,1.9,326,0.0,0
2024-12-09T22:00,13.6,77,13.0,0.00,3,91,3.4,317,0.0,0
2024-12-09T23:00,13.1,81,12.5,0.00,3,100,3.5,294,0.0,0
2024-12-10T00:00,13.1,83,12.8,0.00,3,100,2.9,277,0.0,0
2024-12-10T01:00,12.9,81,12.5,0.00,3,100,2.5,274,0.0,0
2024-12-10T02:00,12.5,83,12.1,0.00,2,71,2.3,274,0.0,0
2024-12-10T03:00,12.2,83,11.8,0.00,1,45,1.3,278,0.0,0
2024-12-10T04:00,11.9,85,11.7,0.00,2,65,1.0,292,0.0,0
2024-12-10T05:00,12.1,87,11.8,0.00,3,100,1.9,287,0.0,0
2024-12-10T06:00,12.2,88,12.0,0.00,3,100,2.8,297,0.0,0
2024-12-10T07:00,12.4,89,12.1,0.00,3,100,3.2,308,2.0,1
2024-12-10T08:00,13.6,84,13.2,0.00,3,100,4.9,298,53.0,1
2024-12-10T09:00,14.8,78,14.6,0.00,2,73,3.1,294,102.0,1
2024-12-10T10:00,16.6,71,16.4,0.00,0,17,4.4,305,320.0,1
2024-12-10T11:00,18.6,67,18.7,0.00,3,100,4.4,55,492.0,1
2024-12-10T12:00,19.1,65,19.2,0.00,3,100,5.3,72,369.0,1
2024-12-10T13:00,19.0,67,19.1,0.00,3,100,5.8,86,236.0,1
2024-12-10T14:00,19.0,67,19.0,0.00,3,100,5.2,110,169.0,1
2024-12-10T15:00,19.0,68,19.2,0.00,3,100,4.7,113,155.0,1
2024-12-10T16:00,18.4,73,18.9,0.00,3,100,3.9,124,70.0,1
2024-12-10T17:00,17.6,77,18.3,0.00,3,100,3.4,155,29.0,1
2024-12-10T18:00,16.8,81,17.3,0.00,3,92,4.5,178,0.0,0
2024-12-10T19:00,16.0,85,16.8,0.00,3,100,2.7,238,0.0,0
2024-12-10T20:00,15.9,88,16.8,0.00,3,100,2.5,266,0.0,0
2024-12-10T21:00,16.0,87,17.0,0.00,3,100,2.1,285,0.0,0
2024-12-10T22:00,15.9,87,16.9,0.00,3,100,1.3,315,0.0,0
2024-12-10T23:00,15.5,88,16.3,0.00,3,100,2.4,318,0.0,0
2024-12-11T00:00,14.6,91,15.3,0.00,1,39,2.1,290,0.0,0
2024-12-11T01:00,14.1,92,14.6,0.00,1,41,2.4,283,0.0,0
2024-12-11T02:00,13.7,93,14.1,0.00,0,17,3.1,291,0.0,0
2024-12-11T03:00,13.1,95,13.4,0.00,0,10,2.7,266,0.0,0
2024-12-11T04:00,12.6,96,12.8,0.00,0,10,2.9,274,0.0,0
2024-12-11T05:00,12.1,97,12.2,0.00,0,17,3.5,279,0.0,0
2024-12-11T06:00,11.8,98,11.8,0.00,0,2,2.8,252,0.0,0
2024-12-11T07:00,11.6,100,11.6,0.00,0,1,2.8,259,3.0,1
2024-12-11T08:00,13.8,92,13.9,0.00,0,7,4.8,299,95.0,1
2024-12-11T09:00,16.6,83,17.3,0.00,1,27,3.3,306,258.0,1
2024-12-11T10:00,18.5,76,19.5,0.00,1,29,2.1,301,418.0,1
2024-12-11T11:00,19.9,71,21.1,0.00,1,43,1.7,18,532.0,1
2024-12-11T12:00,20.6,68,21.5,0.00,3,82,3.6,18,501.0,1
2024-12-11T13:00,21.3,63,21.8,0.00,1,42,5.2,335,392.0,1
2024-12-11T14:00,21.8,60,21.5,0.00,2,76,9.9,312,339.0,1
2024-12-11T15:00,20.4,65,19.3,0.00,2,71,15.7,302,246.0,1
2024-12-11T16:00,19.8,65,18.9,0.00,3,89,13.0,289,187.0,1
2024-12-11T17:00,18.5,73,19.1,0.00,3,100,3.5,291,44.0,1
2024-12-11T18:00,17.9,75,18.4,0.00,3,100,3.7,113,0.0,0
2024-12-11T19:00,16.7,84,16.8,0.20,51,100,8.3,112,0.0,0
2024-12-11T20:00,15.8,86,15.7,0.20,51,100,7.5,117,0.0,0
2024-12-11T21:00,16.0,83,15.9,0.30,51,100,7.8,103,0.0,0
2024-12-11T22:00,14.9,79,14.2,0.20,51,100,7.6,87,0.0,0
2024-12-11T23:00,14.1,77,13.5,0.10,51,100,4.7,130,0.0,0
2024-12-12T00:00,13.6,80,12.8,0.00,3,100,5.2,149,0.0,0
2024-12-12T01:00,13.1,81,12.4,0.00,3,100,4.7,140,0.0,0
2024-12-12T02:00,12.8,83,12.3,0.00,3,100,3.5,159,0.0,0
2024-12-12T03:00,12.7,85,12.2,0.00,3,100,4.0,190,0.0,0
2024-12-12T04:00,12.8,85,12.3,0.00,3,100,4.2,190,0.0,0
2024-12-12T05:00,12.8,83,12.2,0.00,3,100,3.9,156,0.0,0
2024-12-12T06:00,12.7,80,12.2,0.00,3,100,2.3,135,0.0,0
2024-12-12T07:00,12.8,77,12.1,0.00,3,100,2.2,66,1.0,1
2024-12-12T08:00,12.9,73,11.9,0.00,3,100,3.9,74,37.0,1
2024-12-12T09:00,13.4,73,12.2,0.00,3,100,5.6,86,95.0,1
2024-12-12T10:00,13.9,70,12.9,0.00,3,89,4.5,88,230.0,1
2024-12-12T11:00,15.0,65,13.9,0.00,3,88,4.9,82,409.0,1
2024-12-12T12:00,15.6,61,14.1,0.00,2,70,6.3,97,363.0,1
2024-12-12T13:00,16.1,59,14.6,0.00,2,68,7.1,105,446.0,1
2024-12-12T14:00,16.6,56,14.9,0.00,2,55,7.7,114,470.0,1
2024-12-12T15:00,16.1,57,14.1,0.00,1,30,9.4,114,372.0,1
2024-12-12T16:00,14.7,63,12.5,0.00,1,33,10.7,110,221.0,1
2024-12-12T17:00,13.2,70,11.6,0.00,1,42,7.4,104,70.0,1
2024-12-12T18:00,12.8,74,11.7,0.00,3,81,4.1,105,1.0,0
2024-12-12T19:00,12.6,77,12.1,0.00,3,100,1.0,68,0.0,0
2024-12-12T20:00,12.7,74,11.9,0.00,3,100,2.3,266,0.0,0
2024-12-12T21:00,13.1,76,12.4,0.00,3,96,2.5,278,0.0,0
2024-12-12T22:00,12.9,80,12.5,0.00,3,94,2.0,265,0.0,0
2024-12-12T23:00,13.1,80,12.9,0.00,2,61,1.4,247,0.0,0
2024-12-13T00:00,12.9,76,12.5,0.00,3,96,1.2,297,0.0,0
2024-12-13T01:00,12.6,77,12.0,0.00,3,96,2.2,312,0.0,0
2024-12-13T02:00,12.4,81,11.7,0.00,2,50,2.8,297,0.0,0
2024-12-13T03:00,12.0,84,11.4,0.00,1,36,3.0,295,0.0,0
2024-12-13T04:00,11.5,87,11.0,0.00,2,56,2.3,293,0.0,0
2024-12-13T05:00,11.6,89,11.0,0.00,3,98,3.6,288,0.0,0
2024-12-13T06:00,12.3,85,11.5,0.10,51,45,5.4,285,0.0,0
2024-12-13T07:00,11.6,86,10.7,0.00,2,56,4.6,281,2.0,1
2024-12-13T08:00,12.4,79,11.1,0.00,3,93,6.4,297,75.0,1
2024-12-13T09:00,13.2,79,12.2,0.00,3,100,6.7,306,165.0,1
2024-12-13T10:00,13.6,77,12.3,0.00,3,98,7.7,311,165.0,1
2024-12-13T11:00,14.6,71,13.0,0.00,3,99,9.8,313,319.0,1
2024-12-13T12:00,15.4,67,13.6,0.00,1,41,10.8,317,374.0,1
2024-12-13T13:00,15.8,63,13.6,0.00,1,46,12.5,314,421.0,1
2024-12-13T14:00,15.9,60,13.7,0.00,3,91,12.5,297,442.0,1
2024-12-13T15:00,15.8,59,13.5,0.00,3,97,12.3,284,314.0,1
2024-12-13T16:00,15.4,60,13.0,0.00,3,100,12.2,286,168.0,1
2024-12-13T17:00,14.6,65,13.5,0.00,3,100,4.6,301,41.0,1
2024-12-13T18:00,14.1,71,13.7,0.00,3,100,1.1,9,0.0,0
2024-12-13T19:00,13.6,67,12.6,0.00,3,100,2.1,285,0.0,0
2024-12-13T20:00,12.9,65,11.4,0.00,3,100,4.5,270,0.0,0
2024-12-13T21:00,11.9,70,10.0,0.00,3,100,6.3,277,0.0,0
2024-12-13T22:00,11.9,71,10.5,0.00,3,100,4.0,278,0.0,0
2024-12-13T23:00,11.9,71,10.5,0.00,3,100,4.2,301,0.0,0
2024-12-14T00:00,11.9,72,10.3,0.00,3,100,5.1,309,0.0,0
2024-12-14T01:00,11.7,73,10.3,0.00,3,96,4.8,323,0.0,0
2024-12-14T02:00,11.4,74,9.8,0.00,3,95,5.2,356,0.0,0
2024-12-14T03:00,10.9,72,9.0,0.00,3,90,6.3,15,0.0,0
2024-12-14T04:00,10.3,69,8.0,0.00,2,59,7.2,28,0.0,0
2024-12-14T05:00,9.8,67,7.3,0.00,1,44,6.9,31,0.0,0
2024-12-14T06:00,9.3,67,7.0,0.00,1,24,5.5,36,0.0,0
2024-12-14T07:00,8.6,68,6.5,0.00,0,10,4.0,32,2.0,1
2024-12-14T08:00,9.6,63,7.0,0.00,0,6,6.2,30,92.0,1
2024-12-14T09:00,10.6,57,7.9,0.00,3,100,7.2,53,159.0,1
2024-12-14T10:00,11.4,54,8.6,0.00,3,100,7.4,56,236.0,1
2024-12-14T11:00,12.1,54,9.6,0.00,3,92,6.1,34,284.0,1
2024-12-14T12:00,13.2,52,10.8,0.00,3,100,6.1,19,369.0,1
2024-12-14T13:00,14.1,50,12.1,0.00,3,100,3.2,3,379.0,1
2024-12-14T14:00,14.5,48,12.4,0.00,3,100,4.0,69,357.0,1
2024-12-14T15:00,13.9,48,10.6,0.00,3,100,11.9,104,272.0,1
2024-12-14T16:00,11.6,57,7.9,0.00,1,37,14.9,120,170.0,1
2024-12-14T17:00,10.4,63,7.9,0.00,0,17,6.9,110,82.0,1
2024-12-14T18:00,9.9,67,7.9,0.00,0,13,3.6,99,1.0,0
2024-12-14T19:00,9.4,67,7.5,0.00,1,24,2.8,79,0.0,0
2024-12-14T20:00,9.2,67,7.5,0.00,0,8,1.4,337,0.0,0
2024-12-14T21:00,9.7,70,7.8,0.00,1,23,3.5,325,0.0,0
2024-12-14T22:00,8.6,79,7.0,0.00,0,2,3.6,327,0.0,0
2024-12-14T23:00,8.1,86,6.5,0.00,0,0,4.0,339,0.0,0
2024-12-15T00:00,7.6,91,6.1,0.00,0,0,3.8,343,0.0,0
2024-12-15T01:00,7.1,95,5.7,0.00,0,0,3.5,339,0.0,0
2024-12-15T02:00,6.7,96,5.3,0.00,0,0,2.9,338,0.0,0
2024-12-15T03:00,6.4,99,5.1,0.00,0,5,2.2,336,0.0,0
2024-12-15T04:00,5.9,98,4.4,0.00,0,9,3.2,322,0.0,0
2024-12-15T05:00,5.7,97,4.0,0.00,0,12,3.7,309,0.0,0
2024-12-15T06:00,5.7,93,3.7,0.00,0,8,4.4,305,0.0,0
2024-12-15T07:00,5.7,87,3.5,0.00,0,3,4.8,301,2.0,1
2024-12-15T08:00,7.2,79,4.8,0.00,0,3,6.3,305,98.0,1
2024-12-15T09:00,8.8,74,6.8,0.00,0,6,4.3,315,279.0,1
2024-12-15T10:00,10.4,58,8.3,0.00,0,0,2.3,29,456.0,1
2024-12-15T11:00,11.6,48,9.3,0.00,0,0,3.6,63,586.0,1
2024-12-15T12:00,12.4,43,10.3,0.00,0,0,4.7,83,652.0,1
2024-12-15T13:00,13.1,41,10.8,0.00,0,0,5.5,103,649.0,1
2024-12-15T14:00,13.2,42,10.5,0.00,0,0,6.4,108,577.0,1
2024-12-15T15:00,13.1,44,10.2,0.00,0,0,7.1,105,443.0,1
2024-12-15T16:00,12.3,49,9.2,0.00,3,85,9.1,117,271.0,1
2024-12-15T17:00,10.9,58,7.9,0.00,3,94,9.6,123,57.0,1
2024-12-15T18:00,10.1,64,7.9,0.00,1,42,5.2,115,1.0,0
2024-12-15T19:00,9.5,68,7.8,0.00,0,4,1.8,96,0.0,0
2024-12-15T20:00,8.8,68,7.0,0.00,0,0,1.3,56,0.0,0
2024-12-15T21:00,8.6,70,6.8,0.00,0,1,1.7,41,0.0,0
2024-12-15T22:00,7.8,77,5.8,0.00,3,90,3.7,346,0.0,0
2024-12-15T23:00,8.2,81,6.5,0.00,2,60,3.8,315,0.0,0
2024-12-16T00:00,7.3,87,5.7,0.00,3,100,3.2,317,0.0,0
2024-12-16T01:00,8.1,87,6.7,0.00,3,96,2.6,295,0.0,0
2024-12-16T02:00,8.1,86,6.7,0.00,3,99,2.0,315,0.0,0
2024-12-16T03:00,8.1,86,6.6,0.00,3,84,2.5,315,0.0,0
2024-12-16T04:00,8.0,85,6.8,0.00,3,100,1.0,301,0.0,0
2024-12-16T05:00,7.8,86,6.5,0.00,3,100,1.9,292,0.0,0
2024-12-16T06:00,7.9,87,6.6,0.00,1,48,1.9,299,0.0,0
2024-12-16T07:00,7.1,90,5.5,0.00,1,36,3.5,305,2.0,1
2024-12-16T08:00,8.9,84,7.4,0.00,1,25,4.0,288,87.0,1
2024-12-16T09:00,10.2,73,8.6,0.00,0,3,3.6,333,192.0,1
2024-12-16T10:00,12.0,59,10.4,0.00,2,55,2.0,355,458.0,1
2024-12-16T11:00,13.0,53,11.1,0.00,2,62,2.5,60,498.0,1
2024-12-16T12:00,13.6,50,11.5,0.00,2,57,4.0,98,476.0,1
2024-12-16T13:00,14.2,49,11.7,0.00,0,0,7.0,125,542.0,1
2024-12-16T14:00,14.4,49,11.9,0.00,0,0,8.8,118,587.0,1
2024-12-16T15:00,13.9,49,10.8,0.00,0,0,10.3,112,452.0,1
2024-12-16T16:00,12.9,49,9.9,0.00,0,0,8.8,105,276.0,1
2024-12-16T17:00,11.4,58,9.1,0.00,0,0,5.3,108,91.0,1
2024-12-16T18:00,10.0,64,8.0,0.00,0,0,3.1,126,1.0,0
2024-12-16T19:00,9.9,62,8.1,0.00,0,0,0.8,135,0.0,0
2024-12-16T20:00,9.2,67,7.7,0.00,0,0,0.4,27,0.0,0
2024-12-16T21:00,8.3,79,6.8,0.00,0,0,2.1,329,0.0,0
2024-12-16T22:00,7.4,87,5.7,0.00,0,2,3.7,313,0.0,0
2024-12-16T23:00,6.8,91,5.2,0.00,0,16,4.0,300,0.0,0
2024-12-17T00:00,6.4,93,4.7,0.00,0,8,4.0,297,0.0,0
2024-12-17T01:00,6.1,91,4.3,0.00,0,3,3.5,298,0.0,0
2024-12-17T02:00,5.9,90,4.2,0.00,0,2,3.0,295,0.0,0
2024-12-17T03:00,5.5,94,3.7,0.00,0,4,3.7,299,0.0,0
2024-12-17T04:00,5.3,92,3.3,0.00,0,7,4.4,291,0.0,0
2024-12-17T05:00,5.1,90,2.9,0.00,0,7,4.4,289,0.0,0
2024-12-17T06:00,4.6,91,2.5,0.00,0,6,3.4,276,0.0,0
2024-12-17T07:00,4.6,91,2.4,0.00,0,6,3.8,278,2.0,1
2024-12-17T08:00,7.2,80,4.9,0.00,0,5,5.7,281,96.0,1
2024-12-17T09:00,9.2,75,7.2,0.00,0,13,5.0,300,274.0,1
2024-12-17T10:00,11.9,59,10.2,0.00,0,2,2.6,286,453.0,1
2024-12-17T11:00,13.9,52,12.5,0.00,0,1,1.5,76,584.0,1
2024-12-17T12:00,15.1,51,14.2,0.00,0,3,2.7,82,649.0,1
2024-12-17T13:00,16.0,50,15.0,0.00,1,41,3.8,95,647.0,1
2024-12-17T14:00,16.5,49,14.6,0.00,1,21,6.7,104,573.0,1
2024-12-17T15:00,16.0,52,13.6,0.00,0,0,9.7,106,446.0,1
2024-12-17T16:00,14.8,56,12.5,0.00,0,0,8.9,109,272.0,1
2024-12-17T17:00,12.9,67,11.4,0.00,0,0,4.6,103,90.0,1
2024-12-17T18:00,11.5,69,10.2,0.00,0,1,1.9,107,1.0,0
2024-12-17T19:00,10.8,72,9.7,0.00,0,1,0.5,135,0.0,0
2024-12-17T20:00,9.6,82,8.6,0.00,0,0,1.2,321,0.0,0
2024-12-17T21:00,9.2,90,8.4,0.00,0,0,1.7,319,0.0,0
2024-12-17T22:00,8.2,94,7.1,0.00,0,1,3.1,301,0.0,0
2024-12-17T23:00,7.8,95,6.5,0.00,0,0,3.7,299,0.0,0
2024-12-18T00:00,7.2,96,5.8,0.00,0,2,4.2,310,0.0,0
2024-12-18T01:00,6.9,96,5.4,0.00,0,1,4.0,306,0.0,0
2024-12-18T02:00,6.7,95,5.0,0.00,0,0,4.5,310,0.0,0
2024-12-18T03:00,6.5,92,4.7,0.00,0,0,4.2,301,0.0,0
2024-12-18T04:00,6.3,91,4.5,0.00,0,0,4.5,299,0.0,0
2024-12-18T05:00,6.1,91,4.2,0.00,0,0,4.1,293,0.0,0
2024-12-18T06:00,5.8,91,3.7,0.00,0,0,4.9,287,0.0,0
2024-12-18T07:00,5.8,89,3.6,0.00,0,0,4.9,287,2.0,1
2024-12-18T08:00,8.1,83,6.0,0.00,0,0,6.2,285,93.0,1
2024-12-18T09:00,10.2,73,8.5,0.00,0,9,4.4,291,269.0,1
2024-12-18T10:00,12.9,59,11.3,0.00,0,3,2.2,294,440.0,1
2024-12-18T11:00,14.4,49,12.8,0.00,0,1,2.3,61,571.0,1
2024-12-18T12:00,15.6,43,14.0,0.00,0,0,4.0,82,639.0,1
2024-12-18T13:00,16.4,39,14.1,0.00,0,2,6.7,87,631.0,1
2024-12-18T14:00,16.3,39,13.3,0.00,0,3,8.8,86,558.0,1
2024-12-18T15:00,15.6,40,12.4,0.00,0,5,10.1,94,431.0,1
2024-12-18T16:00,14.2,48,11.3,0.00,0,2,9.4,102,253.0,1
2024-12-18T17:00,12.5,60,10.3,0.00,0,3,6.8,117,86.0,1
2024-12-18T18:00,11.0,67,9.1,0.00,0,2,4.9,88,1.0,0
2024-12-18T19:00,10.6,65,9.2,0.00,0,0,0.5,315,0.0,0
2024-12-18T20:00,10.1,67,8.7,0.00,0,0,0.5,315,0.0,0
2024-12-18T21:00,9.9,71,7.9,0.00,0,10,4.8,45,0.0,0
2024-12-18T22:00,9.8,53,6.6,0.00,0,15,7.8,46,0.0,0
2024-12-18T23:00,9.0,56,6.0,0.00,0,17,6.7,34,0.0,0
2024-12-19T00:00,8.3,58,5.3,0.00,2,79,6.5,24,0.0,0
2024-12-19T01:00,7.7,61,4.8,0.00,3,81,5.9,27,0.0,0
2024-12-19T02:00,6.8,66,4.1,0.00,0,0,5.2,34,0.0,0
2024-12-19T03:00,6.0,67,3.4,0.00,2,65,4.0,30,0.0,0
2024-12-19T04:00,5.4,68,2.8,0.00,0,0,3.6,18,0.0,0
2024-12-19T05:00,5.2,65,2.3,0.00,0,0,4.2,12,0.0,0
2024-12-19T06:00,5.0,62,1.9,0.00,0,0,4.8,13,0.0,0
2024-12-19T07:00,4.6,63,1.6,0.00,0,0,4.3,17,1.0,1
2024-12-19T08:00,6.2,54,2.8,0.00,0,0,6.4,32,96.0,1
2024-12-19T09:00,7.7,49,3.6,0.00,0,7,10.7,37,231.0,1
2024-12-19T10:00,8.7,45,4.6,0.00,0,16,11.4,13,417.0,1
2024-12-19T11:00,9.9,40,5.5,0.00,2,50,12.0,7,523.0,1
2024-12-19T12:00,11.1,36,7.0,0.00,3,94,10.0,9,542.0,1
2024-12-19T13:00,12.1,34,8.3,0.00,3,100,8.5,38,550.0,1
2024-12-19T14:00,12.2,39,8.6,0.00,3,100,8.7,66,420.0,1
2024-12-19T15:00,11.4,49,8.1,0.00,3,100,9.4,73,196.0,1
2024-12-19T16:00,10.9,52,7.7,0.00,3,100,8.7,76,103.0,1
2024-12-19T17:00,10.4,57,7.9,0.00,3,100,5.0,71,29.0,1
2024-12-19T18:00,9.9,62,7.8,0.00,3,100,3.5,62,0.0,0
2024-12-19T19:00,9.8,69,8.1,0.00,3,100,2.0,63,0.0,0
2024-12-19T20:00,9.8,71,8.2,0.00,3,100,1.6,27,0.0,0
2024-12-19T21:00,9.8,74,8.5,0.00,3,100,0.8,315,0.0,0
2024-12-19T22:00,9.4,74,8.0,0.00,3,100,1.4,320,0.0,0
2024-12-19T23:00,9.3,74,7.5,0.00,3,100,3.7,313,0.0,0
2024-12-20T00:00,9.1,80,7.5,0.00,3,100,4.3,338,0.0,0
2024-12-20T01:00,8.9,83,7.5,0.00,3,100,3.9,326,0.0,0
2024-12-20T02:00,8.8,84,7.2,0.00,3,100,3.9,323,0.0,0
2024-12-20T03:00,8.4,86,7.0,0.00,3,100,3.4,313,0.0,0
2024-12-20T04:00,8.4,86,6.9,0.00,3,100,3.1,306,0.0,0
2024-12-20T05:00,8.0,87,6.7,0.00,3,81,2.2,284,0.0,0
2024-12-20T06:00,7.3,88,5.7,0.00,3,96,3.5,291,0.0,0
2024-12-20T07:00,6.8,91,5.1,0.00,3,100,3.9,294,1.0,1
2024-12-20T08:00,8.9,84,7.4,0.00,3,100,4.4,300,54.0,1
2024-12-20T09:00,10.2,76,8.8,0.00,2,77,3.1,291,179.0,1
2024-12-20T10:00,12.4,62,10.5,0.00,0,14,4.8,331,359.0,1
2024-12-20T11:00,13.9,57,12.2,0.00,0,7,5.2,346,572.0,1
2024-12-20T12:00,15.2,55,14.2,0.00,0,11,4.6,347,636.0,1
2024-12-20T13:00,16.7,52,16.3,0.00,0,12,0.7,284,625.0,1
2024-12-20T14:00,17.5,49,16.6,0.00,2,50,0.9,180,529.0,1
2024-12-20T15:00,17.5,48,16.1,0.00,1,20,3.2,109,345.0,1
2024-12-20T16:00,16.3,52,14.1,0.00,0,8,9.3,114,252.0,1
2024-12-20T17:00,13.6,65,11.3,0.00,0,3,10.6,132,94.0,1
2024-12-20T18:00,11.4,77,10.1,0.00,0,4,4.6,162,2.0,0
2024-12-20T19:00,10.9,79,10.0,0.00,0,7,0.9,233,0.0,0
2024-12-20T20:00,10.4,81,9.6,0.00,0,1,0.6,304,0.0,0
2024-12-20T21:00,10.1,86,9.3,0.00,1,28,1.7,311,0.0,0
2024-12-20T22:00,9.6,90,8.5,0.00,2,59,3.2,297,0.0,0
2024-12-20T23:00,9.6,91,8.8,0.00,3,95,2.7,293,0.0,0
2024-12-21T00:00,9.7,93,8.9,0.00,3,100,2.7,302,0.0,0
2024-12-21T01:00,9.6,93,8.9,0.00,3,100,2.6,326,0.0,0
2024-12-21T02:00,9.9,90,9.0,0.00,3,100,3.6,311,0.0,0
2024-12-21T03:00,10.1,89,9.1,0.00,3,100,3.6,311,0.0,0
2024-12-21T04:00,10.1,89,9.1,0.00,3,100,3.7,313,0.0,0
2024-12-21T05:00,10.1,88,9.2,0.00,3,100,3.2,286,0.0,0
2024-12-21T06:00,10.1,87,9.1,0.00,3,100,3.5,279,0.0,0
2024-12-21T07:00,10.0,86,8.8,0.00,3,95,4.3,298,1.0,1
2024-12-21T08:00,10.8,79,9.2,0.00,2,58,6.2,306,57.0,1
2024-12-21T09:00,12.0,73,10.6,0.00,1,27,5.1,306,195.0,1
2024-12-21T10:00,13.8,64,12.5,0.00,1,33,3.5,325,340.0,1
2024-12-21T11:00,14.9,60,14.0,0.00,2,58,1.0,31,414.0,1
2024-12-21T12:00,15.8,57,14.5,0.00,1,29,4.0,117,437.0,1
2024-12-21T13:00,16.3,56,14.6,0.00,0,15,7.2,129,464.0,1
2024-12-21T14:00,16.5,56,14.4,0.00,1,36,10.5,110,498.0,1
2024-12-21T15:00,15.1,61,12.5,0.00,1,26,13.3,106,383.0,1
2024-12-21T16:00,13.8,64,11.5,0.00,0,3,10.1,101,254.0,1
2024-12-21T17:00,12.6,68,11.0,0.00,0,19,5.7,99,89.0,1
2024-12-21T18:00,11.6,74,10.3,0.00,2,68,3.8,87,2.0,0
2024-12-21T19:00,11.4,74,10.2,0.00,3,100,3.1,87,0.0,0
2024-12-21T20:00,11.8,72,10.9,0.00,3,100,1.0,31,0.0,0
2024-12-21T21:00,12.1,72,11.0,0.00,3,100,2.7,48,0.0,0
2024-12-21T22:00,11.9,62,9.5,0.00,3,100,7.1,69,0.0,0
2024-12-21T23:00,11.4,55,8.6,0.00,3,100,7.7,74,0.0,0
2024-12-22T00:00,10.8,47,7.5,0.00,3,100,7.8,75,0.0,0
2024-12-22T01:00,10.2,45,6.9,0.00,3,98,6.5,66,0.0,0
2024-12-22T02:00,9.6,47,6.7,0.00,3,100,3.9,66,0.0,0
2024-12-22T03:00,8.9,48,6.1,0.00,3,100,3.4,65,0.0,0
2024-12-22T04:00,8.4,51,5.7,0.00,1,33,2.9,60,0.0,0
2024-12-22T05:00,7.4,56,4.7,0.00,0,9,2.8,50,0.0,0
2024-12-22T06:00,6.9,56,4.3,0.00,0,2,1.9,73,0.0,0
2024-12-22T07:00,6.4,57,3.8,0.00,0,6,2.1,75,1.0,1
2024-12-22T08:00,7.7,51,4.8,0.00,1,26,3.3,61,88.0,1
2024-12-22T09:00,9.1,50,5.9,0.00,2,62,6.7,63,183.0,1
2024-12-22T10:00,10.3,46,7.2,0.00,3,90,6.0,63,395.0,1
2024-12-22T11:00,11.4,42,8.1,0.00,1,28,7.8,81,557.0,1
2024-12-22T12:00,12.1,40,8.8,0.00,3,88,10.3,89,641.0,1
2024-12-22T13:00,12.1,38,8.4,0.00,3,96,12.8,90,646.0,1
2024-12-22T14:00,11.7,38,7.5,0.00,3,97,13.5,92,579.0,1
2024-12-22T15:00,11.1,40,6.6,0.00,3,89,13.7,92,453.0,1
2024-12-22T16:00,10.1,44,5.9,0.00,3,87,12.1,88,279.0,1
2024-12-22T17:00,8.8,52,5.2,0.00,3,98,9.3,81,97.0,1
2024-12-22T18:00,7.9,61,5.1,0.00,3,99,5.7,72,2.0,0
2024-12-22T19:00,7.2,69,4.9,0.00,2,79,3.9,43,0.0,0
2024-12-22T20:00,6.9,70,4.6,0.00,3,87,3.8,357,0.0,0
2024-12-22T21:00,7.4,71,5.1,0.00,3,96,4.5,344,0.0,0
2024-12-22T22:00,7.0,74,4.8,0.00,2,58,3.8,355,0.0,0
2024-12-22T23:00,7.1,76,4.7,0.00,1,23,5.4,339,0.0,0
2024-12-23T00:00,6.9,78,4.5,0.00,3,86,6.0,311,0.0,0
2024-12-23T01:00,6.7,78,4.2,0.00,3,99,6.1,310,0.0,0
2024-12-23T02:00,6.1,80,3.8,0.00,3,100,4.2,313,0.0,0
2024-12-23T03:00,6.5,75,4.1,0.00,3,100,4.7,317,0.0,0
2024-12-23T04:00,6.8,71,4.2,0.00,3,100,5.5,306,0.0,0
2024-12-23T05:00,7.0,71,4.5,0.00,3,100,4.6,312,0.0,0
2024-12-23T06:00,7.2,72,4.7,0.00,3,100,5.3,308,0.0,0
2024-12-23T07:00,7.5,74,5.0,0.00,3,100,6.0,303,1.0,1
2024-12-23T08:00,8.2,69,5.7,0.00,3,100,6.3,294,44.0,1
2024-12-23T09:00,10.6,61,8.2,0.00,3,99,6.4,333,135.0,1
2024-12-23T10:00,12.2,57,9.8,0.00,3,100,7.4,359,256.0,1
2024-12-23T11:00,13.4,57,10.7,0.00,3,99,10.4,44,313.0,1
2024-12-23T12:00,14.6,54,11.9,0.00,3,100,10.2,58,382.0,1
2024-12-23T13:00,15.2,53,12.7,0.00,3,100,10.5,70,380.0,1
2024-12-23T14:00,15.1,54,12.5,0.00,3,96,11.5,81,290.0,1
2024-12-23T15:00,15.2,54,12.5,0.00,3,90,12.3,72,292.0,1
2024-12-23T16:00,14.1,58,11.4,0.00,1,48,12.0,72,152.0,1
2024-12-23T17:00,13.0,65,10.8,0.00,1,35,9.3,77,75.0,1
2024-12-23T18:00,11.6,73,10.0,0.00,2,64,5.3,80,2.0,0
2024-12-23T19:00,10.8,80,9.6,0.00,1,49,3.5,81,0.0,0
2024-12-23T20:00,10.1,82,9.3,0.00,1,27,1.0,31,0.0,0
2024-12-23T21:00,10.4,83,9.8,0.00,3,84,0.4,270,0.0,0
2024-12-23T22:00,9.6,88,8.5,0.00,3,100,3.8,301,0.0,0
2024-12-23T23:00,8.9,91,7.7,0.00,3,92,3.2,317,0.0,0
2024-12-24T00:00,8.4,93,7.4,0.00,3,94,1.7,319,0.0,0
2024-12-24T01:00,7.9,95,7.0,0.00,3,88,1.5,324,0.0,0
2024-12-24T02:00,7.3,97,6.0,0.00,2,77,3.3,299,0.0,0
2024-12-24T03:00,7.1,97,5.8,0.00,1,47,3.1,291,0.0,0
2024-12-24T04:00,6.7,99,5.3,0.00,3,95,3.6,311,0.0,0
2024-12-24T05:00,6.7,100,5.2,0.00,3,96,4.4,300,0.0,0
2024-12-24T06:00,6.8,100,5.1,0.00,3,83,6.4,292,0.0,0
2024-12-24T07:00,7.2,99,5.5,0.00,3,97,6.5,278,1.0,1
2024-12-24T08:00,8.4,93,6.7,0.00,3,91,6.8,253,49.0,1
2024-12-24T09:00,11.3,75,9.7,0.00,3,99,5.8,261,172.0,1
2024-12-24T10:00,13.1,63,11.7,0.00,3,96,3.8,349,251.0,1
2024-12-24T11:00,14.8,57,12.0,0.00,3,100,12.6,57,292.0,1
2024-12-24T12:00,15.4,56,12.5,0.00,3,100,13.3,69,357.0,1
2024-12-24T13:00,15.7,55,12.9,0.00,3,98,13.7,67,329.0,1
2024-12-24T14:00,15.6,56,12.7,0.00,3,100,14.0,72,327.0,1
2024-12-24T15:00,15.3,56,12.8,0.00,3,100,11.6,72,198.0,1
2024-12-24T16:00,14.9,58,12.4,0.00,3,100,10.6,67,139.0,1
2024-12-24T17:00,14.1,61,12.0,0.00,3,100,8.6,74,36.0,1
2024-12-24T18:00,13.4,64,11.7,0.00,3,100,6.2,68,1.0,0
2024-12-24T19:00,13.0,66,11.6,0.00,3,100,4.2,59,0.0,0
2024-12-24T20:00,12.8,69,11.8,0.00,3,100,2.2,355,0.0,0
2024-12-24T21:00,13.4,63,12.2,0.00,3,100,2.9,22,0.0,0
2024-12-24T22:00,13.2,64,12.0,0.00,3,100,2.2,318,0.0,0
2024-12-24T23:00,12.9,66,11.8,0.00,3,100,2.2,312,0.0,0
2024-12-25T00:00,12.9,66,11.8,0.00,3,100,2.0,333,0.0,0
2024-12-25T01:00,12.8,64,11.3,0.00,3,100,3.2,326,0.0,0
2024-12-25T02:00,12.6,64,11.2,0.00,3,100,2.6,309,0.0,0
2024-12-25T03:00,12.3,65,10.8,0.00,3,100,3.6,307,0.0,0
2024-12-25T04:00,12.3,65,10.6,0.00,3,100,4.3,312,0.0,0
2024-12-25T05:00,12.4,65,10.7,0.00,3,100,4.7,310,0.0,0
2024-12-25T06:00,12.4,67,11.0,0.00,3,100,3.2,326,0.0,0
2024-12-25T07:00,12.6,67,11.0,0.00,3,100,4.6,309,0.0,1
2024-12-25T08:00,13.2,65,11.6,0.00,3,100,5.1,315,30.0,1
2024-12-25T09:00,14.4,60,13.1,0.00,2,71,3.9,326,116.0,1
2024-12-25T10:00,16.5,54,15.2,0.00,2,61,3.8,335,340.0,1
2024-12-25T11:00,17.7,52,16.9,0.00,3,89,1.9,29,391.0,1
2024-12-25T12:00,18.5,51,17.9,0.00,1,22,0.8,153,392.0,1
2024-12-25T13:00,19.7,49,18.9,0.00,2,59,3.0,142,542.0,1
2024-12-25T14:00,20.0,50,19.1,0.00,0,6,4.8,135,391.0,1
2024-12-25T15:00,20.2,50,19.2,0.00,0,2,6.2,128,432.0,1
2024-12-25T16:00,19.3,54,18.2,0.00,0,8,7.3,130,261.0,1
2024-12-25T17:00,17.7,60,16.5,0.00,0,4,8.3,132,89.0,1
2024-12-25T18:00,16.1,67,15.1,0.00,1,23,7.3,149,2.0,0
2024-12-25T19:00,15.2,72,14.5,0.00,3,100,5.3,156,0.0,0
2024-12-25T20:00,15.1,73,14.7,0.00,3,100,4.0,188,0.0,0
2024-12-25T21:00,14.7,80,14.7,0.10,51,100,2.7,184,0.0,0
2024-12-25T22:00,14.6,81,14.5,0.00,3,100,3.4,238,0.0,0
2024-12-25T23:00,14.4,84,14.6,0.40,51,100,2.1,200,0.0,0
2024-12-26T00:00,14.1,88,14.8,0.10,51,95,0.5,225,0.0,0
2024-12-26T01:00,13.8,90,14.2,0.00,3,93,1.5,256,0.0,0
2024-12-26T02:00,13.8,89,14.3,0.00,3,100,1.1,198,0.0,0
2024-12-26T03:00,13.8,89,14.0,0.00,3,100,3.0,147,0.0,0
2024-12-26T04:00,13.5,90,13.8,0.10,51,100,2.2,171,0.0,0
2024-12-26T05:00,13.2,91,13.6,0.20,51,100,1.8,156,0.0,0
2024-12-26T06:00,13.2,90,13.3,0.10,51,100,3.1,152,0.0,0
2024-12-26T07:00,13.0,90,13.0,0.10,51,100,3.3,158,0.0,1
2024-12-26T08:00,13.1,89,12.7,0.00,3,93,5.3,147,27.0,1
2024-12-26T09:00,14.4,82,13.8,0.00,3,99,6.7,121,161.0,1
2024-12-26T10:00,14.2,77,13.7,0.00,3,100,4.6,101,118.0,1
2024-12-26T11:00,14.5,74,13.7,0.10,51,90,5.2,76,156.0,1
2024-12-26T12:00,15.6,67,14.7,0.00,3,100,5.2,90,252.0,1
2024-12-26T13:00,15.9,64,14.9,0.00,3,100,6.0,111,236.0,1
2024-12-26T14:00,15.8,63,14.4,0.00,3,97,7.2,108,198.0,1
2024-12-26T15:00,15.7,62,14.1,0.00,3,90,7.7,108,208.0,1
2024-12-26T16:00,15.3,62,13.7,0.00,3,92,7.8,112,168.0,1
2024-12-26T17:00,14.2,67,12.5,0.00,3,80,8.4,113,57.0,1
2024-12-26T18:00,13.2,71,11.6,0.00,2,59,7.5,114,2.0,0
2024-12-26T19:00,12.6,75,11.5,0.00,3,100,4.3,114,0.0,0
2024-12-26T20:00,12.6,73,11.5,0.00,3,100,4.6,99,0.0,0
2024-12-26T21:00,13.1,69,12.1,0.00,3,100,2.7,42,0.0,0
2024-12-26T22:00,13.1,68,11.8,0.00,3,100,4.3,28,0.0,0
2024-12-26T23:00,12.9,67,11.5,0.00,3,100,4.7,43,0.0,0
2024-12-27T00:00,12.7,66,11.1,0.00,3,83,4.8,68,0.0,0
2024-12-27T01:00,12.3,65,10.6,0.00,3,100,4.8,79,0.0,0
2024-12-27T02:00,11.9,64,10.0,0.00,3,100,5.1,80,0.0,0
2024-12-27T03:00,11.4,62,9.4,0.00,3,100,4.6,77,0.0,0
2024-12-27T04:00,10.9,63,9.2,0.00,1,38,2.1,70,0.0,0
2024-12-27T05:00,10.1,63,8.5,0.00,0,17,0.8,117,0.0,0
2024-12-27T06:00,9.9,65,8.3,0.00,0,16,0.2,180,0.0,0
2024-12-27T07:00,9.6,63,7.8,0.00,0,11,0.4,297,1.0,1
2024-12-27T08:00,10.6,56,8.6,0.00,0,7,2.0,10,77.0,1
2024-12-27T09:00,12.4,48,9.8,0.00,0,15,5.0,46,250.0,1
2024-12-27T10:00,13.6,45,11.0,0.00,0,8,5.4,40,416.0,1
2024-12-27T11:00,15.1,41,12.5,0.00,0,6,5.7,32,532.0,1
2024-12-27T12:00,16.2,40,13.6,0.00,1,42,6.5,46,559.0,1
2024-12-27T13:00,16.8,42,14.3,0.00,3,99,7.1,74,512.0,1
2024-12-27T14:00,16.4,45,13.7,0.00,3,87,8.7,82,328.0,1
2024-12-27T15:00,15.9,45,13.2,0.00,3,95,9.4,89,261.0,1
2024-12-27T16:00,14.9,47,12.2,0.00,3,99,9.0,100,123.0,1
2024-12-27T17:00,13.8,50,11.1,0.00,3,100,8.4,100,39.0,1
2024-12-27T18:00,12.9,53,10.3,0.00,3,100,7.4,103,1.0,0
2024-12-27T19:00,12.4,55,10.1,0.00,3,100,5.2,106,0.0,0
2024-12-27T20:00,12.1,56,10.0,0.00,3,100,4.1,92,0.0,0
2024-12-27T21:00,12.7,59,10.8,0.00,3,100,4.3,95,0.0,0
2024-12-27T22:00,12.4,61,10.5,0.00,3,100,4.2,102,0.0,0
2024-12-27T23:00,12.1,63,10.4,0.00,3,100,4.0,60,0.0,0
2024-12-28T00:00,11.9,64,10.1,0.00,3,100,4.0,36,0.0,0
2024-12-28T01:00,11.5,66,9.9,0.00,3,100,3.1,24,0.0,0
2024-12-28T02:00,11.4,67,9.9,0.00,3,100,2.4,13,0.0,0
2024-12-28T03:00,11.4,67,10.1,0.00,3,100,1.5,330,0.0,0
2024-12-28T04:00,10.9,74,9.9,0.00,3,96,1.3,8,0.0,0
2024-12-28T05:00,10.4,77,9.4,0.00,1,46,0.9,37,0.0,0
2024-12-28T06:00,10.0,79,9.0,0.00,1,25,0.6,162,0.0,0
2024-12-28T07:00,9.6,82,8.6,0.00,1,29,0.8,153,1.0,1
2024-12-28T08:00,10.7,78,9.6,0.00,1,41,2.3,72,71.0,1
2024-12-28T09:00,12.6,64,10.9,0.00,1,39,4.3,85,226.0,1
2024-12-28T10:00,13.8,52,11.5,0.00,3,81,6.0,61,382.0,1
2024-12-28T11:00,15.0,46,12.7,0.00,3,100,5.7,13,427.0,1
2024-12-28T12:00,15.8,42,13.3,0.00,3,91,5.6,345,351.0,1
2024-12-28T13:00,17.0,36,14.5,0.00,1,25,4.9,336,439.0,1
2024-12-28T14:00,17.5,32,14.7,0.00,1,38,4.5,85,496.0,1
2024-12-28T15:00,13.9,44,9.5,0.00,0,15,17.7,117,409.0,1
2024-12-28T16:00,11.5,51,7.9,0.00,0,3,12.1,96,286.0,1
2024-12-28T17:00,11.5,52,8.7,0.00,0,11,6.7,84,104.0,1
2024-12-28T18:00,10.4,55,7.4,0.00,0,0,8.8,91,3.0,0
2024-12-28T19:00,9.6,58,7.4,0.00,0,0,3.0,33,0.0,0
2024-12-28T20:00,9.1,61,6.8,0.00,0,1,3.1,339,0.0,0
2024-12-28T21:00,9.1,67,7.2,0.00,0,12,2.3,328,0.0,0
2024-12-28T22:00,8.6,70,6.6,0.00,0,4,2.7,318,0.0,0
2024-12-28T23:00,7.9,79,6.1,0.00,0,0,3.5,321,0.0,0
2024-12-29T00:00,7.4,86,5.7,0.00,0,0,3.7,321,0.0,0
2024-12-29T01:00,6.8,86,5.2,0.00,0,0,2.3,321,0.0,0
2024-12-29T02:00,6.4,86,4.8,0.00,0,0,1.9,326,0.0,0
2024-12-29T03:00,5.8,89,4.0,0.00,0,0,2.7,337,0.0,0
2024-12-29T04:00,5.2,92,3.4,0.00,0,0,3.2,341,0.0,0
2024-12-29T05:00,4.8,93,3.1,0.00,0,0,2.1,340,0.0,0
2024-12-29T06:00,4.3,94,2.5,0.00,0,0,2.1,345,0.0,0
2024-12-29T07:00,4.2,94,2.4,0.00,0,0,1.3,326,1.0,1
2024-12-29T08:00,6.0,88,4.2,0.00,0,0,2.7,318,83.0,1
2024-12-29T09:00,7.8,65,5.3,0.00,0,1,3.7,305,256.0,1
2024-12-29T10:00,9.8,51,6.9,0.00,0,0,5.8,51,448.0,1
2024-12-29T11:00,11.1,47,7.5,0.00,0,13,10.0,73,532.0,1
2024-12-29T12:00,11.8,45,8.4,0.00,0,15,9.9,78,590.0,1
2024-12-29T13:00,12.1,44,8.8,0.00,1,37,10.5,77,606.0,1
2024-12-29T14:00,12.2,43,8.5,0.00,1,48,10.6,71,478.0,1
2024-12-29T15:00,12.4,44,8.9,0.00,1,21,9.6,73,387.0,1
2024-12-29T16:00,11.9,47,8.3,0.00,1,21,10.5,65,246.0,1
2024-12-29T17:00,10.9,52,7.9,0.00,0,11,7.9,35,96.0,1
2024-12-29T18:00,9.9,60,7.3,0.00,0,4,5.4,334,4.0,0
2024-12-29T19:00,9.4,62,7.0,0.00,0,6,4.8,318,0.0,0
2024-12-29T20:00,8.7,69,6.5,0.00,0,11,4.1,304,0.0,0
2024-12-29T21:00,8.9,72,6.7,0.00,3,100,5.7,314,0.0,0
2024-12-29T22:00,8.9,70,7.1,0.00,3,99,2.7,332,0.0,0
2024-12-29T23:00,9.0,71,7.1,0.00,3,98,3.5,332,0.0,0
2024-12-30T00:00,9.4,70,7.7,0.00,3,99,2.8,315,0.0,0
2024-12-30T01:00,9.6,73,8.0,0.00,3,95,2.3,270,0.0,0
2024-12-30T02:00,9.6,75,8.1,0.00,3,100,2.4,261,0.0,0
2024-12-30T03:00,9.6,75,8.1,0.00,3,98,3.1,280,0.0,0
2024-12-30T04:00,9.6,77,7.9,0.00,2,52,3.8,278,0.0,0
2024-12-30T05:00,8.8,83,7.3,0.00,1,34,3.1,263,0.0,0
2024-12-30T06:00,8.1,89,6.7,0.00,1,23,3.7,259,0.0,0
2024-12-30T07:00,7.7,92,6.2,0.00,0,1,4.0,260,1.0,1
2024-12-30T08:00,9.1,86,7.5,0.00,0,0,4.8,259,76.0,1
2024-12-30T09:00,11.4,73,10.0,0.00,0,0,3.4,313,252.0,1
2024-12-30T10:00,14.4,58,12.5,0.00,0,0,6.5,341,427.0,1
2024-12-30T11:00,16.8,50,14.8,0.00,0,0,7.9,344,561.0,1
2024-12-30T12:00,18.7,43,17.0,0.00,0,0,8.1,342,635.0,1
2024-12-30T13:00,19.9,37,17.7,0.00,0,0,9.7,336,643.0,1
2024-12-30T14:00,20.3,36,17.6,0.00,0,0,10.9,331,582.0,1
2024-12-30T15:00,20.0,35,17.1,0.00,0,0,10.2,329,461.0,1
2024-12-30T16:00,19.1,35,16.2,0.00,0,0,9.2,325,293.0,1
2024-12-30T17:00,17.4,41,14.6,0.00,0,0,9.0,316,110.0,1
2024-12-30T18:00,15.6,48,12.9,0.00,0,0,9.7,294,4.0,0
2024-12-30T19:00,14.4,55,12.5,0.00,0,0,5.7,283,0.0,0
2024-12-30T20:00,12.6,67,11.3,0.00,0,0,3.1,263,0.0,0
2024-12-30T21:00,12.1,71,10.7,0.00,0,0,4.2,275,0.0,0
2024-12-30T22:00,11.2,75,9.7,0.00,0,0,4.9,276,0.0,0
2024-12-30T23:00,10.5,77,8.8,0.00,0,0,5.4,272,0.0,0
2024-12-31T00:00,9.9,78,8.3,0.00,0,0,5.1,276,0.0,0
2024-12-31T01:00,9.4,79,7.7,0.00,0,0,5.1,280,0.0,0
2024-12-31T02:00,9.1,80,7.2,0.00,0,0,5.8,290,0.0,0
2024-12-31T03:00,8.9,79,6.9,0.00,0,0,5.4,284,0.0,0
2024-12-31T04:00,8.5,80,6.6,0.00,0,0,5.2,286,0.0,0
2024-12-31T05:00,8.1,82,6.2,0.00,0,0,4.7,277,0.0,0
2024-12-31T06:00,7.6,84,5.7,0.00,0,0,4.2,288,0.0,0
2024-12-31T07:00,7.2,86,5.4,0.00,0,0,3.9,286,0.0,1
2024-12-31T08:00,9.4,78,7.4,0.00,0,0,5.9,288,78.0,1
2024-12-31T09:00,12.4,67,10.9,0.00,0,0,3.6,290,255.0,1
2024-12-31T10:00,15.2,50,13.7,0.00,0,0,2.3,302,428.0,1
2024-12-31T11:00,16.6,49,15.4,0.00,0,0,2.1,75,560.0,1
2024-12-31T12:00,17.6,46,16.6,0.00,0,11,3.9,114,634.0,1
2024-12-31T13:00,18.4,44,16.8,0.00,2,58,5.1,144,595.0,1
2024-12-31T14:00,18.2,43,15.7,0.00,0,14,9.4,132,540.0,1
2024-12-31T15:00,16.2,43,12.4,0.00,0,8,15.8,117,444.0,1
2024-12-31T16:00,15.1,43,11.9,0.00,0,3,10.8,111,289.0,1
2024-12-31T17:00,13.9,48,11.1,0.00,0,6,7.9,103,108.0,1
2024-12-31T18:00,12.4,59,10.6,0.00,0,13,3.9,112,4.0,0
2024-12-31T19:00,11.8,66,10.6,0.00,0,6,1.1,99,0.0,0
2024-12-31T20:00,11.1,69,9.7,0.00,0,1,1.9,17,0.0,0
2024-12-31T21:00,11.1,70,9.9,0.00,0,3,1.7,347,0.0,0
2024-12-31T22:00,10.2,76,9.1,0.00,0,1,1.5,330,0.0,0
2024-12-31T23:00,9.4,84,8.2,0.00,0,0,2.9,317,0.0,0

time,temperature_2m_mean (°C),temperature_2m_max (°C),temperature_2m_min (°C),precipitation_sum (mm),sunshine_duration (s)
2024-01-01,11.3,14.8,8.8,0.00,34956.35
2024-01-02,11.6,18.4,4.8,0.90,34982.11
2024-01-03,13.0,18.8,9.4,0.00,34464.38
2024-01-04,10.2,14.7,3.8,0.00,35040.16
2024-01-05,12.3,20.1,4.7,0.00,35050.47
2024-01-06,14.0,21.0,8.4,0.00,35039.76
2024-01-07,11.9,16.4,8.9,0.00,32426.91
2024-01-08,11.6,15.8,8.1,5.80,16752.85
2024-01-09,13.1,16.5,10.4,2.10,2056.92
2024-01-10,13.1,20.5,9.1,0.00,33021.32
2024-01-11,10.4,15.2,7.6,0.00,28176.11
2024-01-12,11.0,18.8,4.8,0.00,35010.46
2024-01-13,12.6,20.8,7.6,0.00,35011.95
2024-01-14,13.9,22.0,6.5,0.00,35015.21
2024-01-15,12.3,17.7,7.8,0.00,32003.89
2024-01-16,11.6,16.6,7.9,0.00,32417.76
2024-01-17,13.7,21.6,6.1,0.00,35034.52
2024-01-18,16.7,24.2,11.4,0.00,35044.05
2024-01-19,16.0,20.1,14.3,0.00,19598.20
2024-01-20,16.1,20.5,13.6,0.50,19305.71
2024-01-21,12.5,13.9,11.2,0.60,0.00
2024-01-22,8.0,10.7,3.8,5.60,0.00
2024-01-23,4.7,9.9,2.7,5.10,11183.85
2024-01-24,4.6,10.4,-1.0,0.00,31532.05
2024-01-25,7.4,12.1,2.6,0.00,28952.33
2024-01-26,7.8,13.2,2.2,0.00,35239.90
2024-01-27,8.8,11.9,6.8,0.00,12169.46
2024-01-28,9.5,14.1,6.9,0.00,18510.35
2024-01-29,10.7,16.5,4.9,0.20,23169.26
2024-01-30,14.0,19.6,10.5,0.20,30234.22
2024-01-31,15.6,23.5,10.9,0.00,25199.60
2024-02-01,19.0,25.0,14.5,0.50,25726.25
2024-02-02,13.0,15.5,11.3,1.90,0.00
2024-02-03,14.0,19.9,11.1,0.00,22865.91
2024-02-04,13.4,15.6,11.6,4.70,0.00
2024-02-05,12.1,16.6,8.4,0.00,26496.59
2024-02-06,10.1,12.6,8.8,0.00,2646.64
2024-02-07,8.4,9.9,7.6,25.70,0.00
2024-02-08,7.5,8.6,5.9,3.20,0.00
2024-02-09,8.8,12.6,6.5,0.50,976.90
2024-02-10,9.2,15.6,3.8,0.00,36755.67
2024-02-11,10.7,18.5,4.1,0.00,37464.75
2024-02-12,11.2,17.9,5.6,0.00,37538.46
2024-02-13,13.6,20.7,6.7,0.00,37476.40
2024-02-14,15.8,23.9,8.4,0.00,37532.12
2024-02-15,17.4,25.1,12.6,3.00,36367.49
2024-02-16,10.7,13.9,8.1,0.70,14578.12
2024-02-17,12.5,20.6,7.2,0.00,37948.46
2024-02-18,16.8,27.0,10.7,0.00,34008.88
2024-02-19,20.6,27.8,15.4,0.00,26449.14
2024-02-20,20.4,29.0,15.2,0.00,33173.71
2024-02-21,21.9,30.6,16.5,0.00,34461.73
2024-02-22,14.0,19.2,10.5,2.00,73.73
2024-02-23,10.8,12.9,9.6,1.20,0.00
2024-02-24,11.0,14.1,9.3,3.40,576.55
2024-02-25,10.7,12.2,8.8,3.00,649.89
2024-02-26,8.5,9.9,7.5,5.40,0.00
2024-02-27,9.6,13.2,7.8,0.80,3567.21
2024-02-28,11.3,15.8,8.9,0.30,19170.28
2024-02-29,12.4,16.7,9.9,19.20,5834.42
2024-03-01,9.6,12.6,7.3,1.80,694.16
2024-03-02,8.1,11.9,4.7,0.00,29565.57
2024-03-03,9.2,14.4,3.7,0.00,38590.67
2024-03-04,14.7,22.6,8.6,0.40,35995.02
2024-03-05,20.4,28.4,14.9,0.80,30759.04
2024-03-06,15.3,18.5,11.9,8.70,5424.86
2024-03-07,12.2,17.0,9.2,2.20,27282.62
2024-03-08,11.5,17.0,7.6,0.00,38756.23
2024-03-09,9.1,10.9,6.2,2.80,6369.22
2024-03-10,11.7,16.4,7.2,1.40,36464.77
2024-03-11,12.4,14.9,9.9,14.70,0.00
2024-03-12,14.1,21.0,7.7,0.00,38983.69
2024-03-13,12.6,16.4,9.7,0.00,13905.70
2024-03-14,13.7,17.6,10.8,3.90,3852.28
2024-03-15,15.3,18.9,12.5,11.10,2293.17
2024-03-16,16.6,20.9,13.6,4.80,15812.56
2024-03-17,18.7,25.8,14.2,1.80,32554.49
2024-03-18,13.7,16.7,11.3,0.00,27112.96
2024-03-19,13.6,19.2,10.6,0.20,29498.50
2024-03-20,12.8,17.5,8.5,0.00,39121.34
2024-03-21,13.7,18.8,8.6,0.00,33117.43
2024-03-22,18.0,25.7,11.0,0.00,25886.85
2024-03-23,19.5,27.2,13.9,0.50,19986.40
2024-03-24,23.3,31.6,16.1,0.00,38714.03
2024-03-25,24.6,33.0,17.5,0.00,40579.38
2024-03-26,19.1,23.4,14.4,0.00,38387.18
2024-03-27,15.9,19.7,13.5,0.00,39728.47
2024-03-28,20.0,28.2,13.1,9.40,33946.20
2024-03-29,20.1,27.2,15.5,0.00,39780.22
2024-03-30,21.1,26.6,16.9,5.30,28229.29
2024-03-31,22.4,26.5,18.3,14.30,16039.05
2024-04-01,20.8,24.0,17.8,0.20,30746.70
2024-04-02,24.0,31.0,17.8,0.00,38652.80
2024-04-03,26.2,34.0,21.0,0.00,34415.63
2024-04-04,18.9,22.1,15.3,26.20,0.00
2024-04-05,15.2,16.9,14.2,9.00,0.00
2024-04-06,16.5,20.8,13.4,10.60,12751.84
2024-04-07,16.9,20.1,15.2,15.50,1902.35
2024-04-08,19.1,24.0,15.7,1.80,19906.38
2024-04-09,17.5,19.5,15.6,2.50,7885.60
2024-04-10,17.3,21.5,12.0,0.00,35429.83
2024-04-11,20.3,26.6,16.9,0.00,35798.27
2024-04-12,21.6,27.0,16.6,1.20,27245.31
2024-04-13,21.4,24.5,19.2,0.20,4882.96
2024-04-14,23.5,30.7,18.9,0.10,24521.71
2024-04-15,25.1,31.9,19.4,0.00,39287.43
2024-04-16,24.1,28.5,21.0,2.70,36151.32
2024-04-17,24.0,28.1,21.6,12.50,19435.96
2024-04-18,20.9,23.5,17.9,0.80,23644.10
2024-04-19,19.3,23.5,15.9,3.00,29671.07
2024-04-20,23.1,30.4,17.3,4.40,31790.71
2024-04-21,24.1,28.9,21.0,3.20,29000.38
2024-04-22,22.3,26.4,19.6,33.20,11798.82
2024-04-23,22.4,25.5,20.4,6.70,15469.82
2024-04-24,20.5,22.5,18.0,5.70,17147.47
2024-04-25,19.2,21.5,17.5,9.30,10458.42
2024-04-26,21.7,26.4,18.0,2.20,16288.39
2024-04-27,22.7,26.8,20.8,0.50,10941.76
2024-04-28,23.5,28.1,20.5,1.90,23001.83
2024-04-29,25.2,32.0,18.9,2.30,40271.10
2024-04-30,23.6,26.3,21.8,25.60,851.72
2024-05-01,19.6,22.0,17.1,4.70,465.67
2024-05-02,18.4,22.9,16.8,1.80,22085.81
2024-05-03,19.2,23.6,15.1,0.00,40774.96
2024-05-04,20.5,22.8,18.1,2.40,7769.91
2024-05-05,23.7,29.8,19.2,12.10,32053.91
2024-05-06,23.8,29.9,19.1,0.00,43200.00
2024-05-07,22.4,25.5,19.3,0.00,11693.91
2024-05-08,22.9,27.4,20.0,0.60,42120.11
2024-05-09,19.9,23.8,17.1,0.00,32926.16
2024-05-10,20.6,25.5,14.8,0.00,43200.00
2024-05-11,24.2,31.0,19.6,0.20,26452.28
2024-05-12,23.6,28.3,19.7,32.30,8926.93
2024-05-13,18.7,22.5,15.2,1.80,29909.13
2024-05-14,18.4,24.5,12.0,0.00,43301.73
2024-05-15,20.7,27.0,13.7,0.00,43332.66
2024-05-16,19.8,23.9,15.9,0.00,43247.67
2024-05-17,20.3,27.6,12.4,0.00,43372.09
2024-05-18,22.8,28.5,16.2,0.00,43200.00
2024-05-19,23.0,29.0,17.1,0.00,28551.33
2024-05-20,22.1,24.1,20.3,16.40,1498.18
2024-05-21,21.8,23.0,20.6,51.90,0.00
2024-05-22,21.5,24.0,20.2,34.90,0.00
2024-05-23,21.5,23.0,20.0,24.00,0.00
2024-05-24,24.0,28.8,20.7,1.20,16320.16
2024-05-25,24.3,27.9,22.1,9.80,16938.75
2024-05-26,25.7,31.0,22.1,2.50,36718.73
2024-05-27,25.7,30.1,22.9,5.30,22357.77
2024-05-28,23.1,25.0,19.7,2.90,35895.60
2024-05-29,20.8,25.0,16.4,0.00,43923.20
2024-05-30,22.5,27.0,17.7,2.40,25102.22
2024-05-31,26.5,32.3,22.1,7.90,35999.92
2024-06-01,22.3,24.8,20.5,29.00,0.00
2024-06-02,20.0,21.0,18.0,39.20,0.00
2024-06-03,20.2,22.8,16.5,0.00,9105.68
2024-06-04,20.2,25.9,14.9,1.20,19883.93
2024-06-05,20.7,22.4,19.0,9.50,0.00
2024-06-06,21.7,23.9,19.6,0.70,1513.91
2024-06-07,23.1,26.9,20.4,0.10,26677.30
2024-06-08,24.7,29.8,20.6,16.00,36000.00
2024-06-09,24.6,29.0,22.4,23.50,14263.86
2024-06-10,26.1,30.1,23.4,10.80,7200.00
2024-06-11,27.1,31.4,24.1,7.70,23986.50
2024-06-12,27.1,32.0,24.0,20.10,23797.70
2024-06-13,26.5,29.0,24.0,11.10,10097.45
2024-06-14,26.9,30.8,24.6,21.30,18294.21
2024-06-15,26.4,28.4,24.4,23.50,0.00
2024-06-16,26.1,29.8,24.5,24.00,10800.00
2024-06-17,26.8,31.4,24.4,23.80,11723.93
2024-06-18,24.5,25.9,23.6,11.80,0.00
2024-06-19,26.7,30.6,23.4,3.20,20341.03
2024-06-20,28.9,35.0,24.4,0.50,40938.11
2024-06-21,29.5,35.4,25.0,0.00,43595.23
2024-06-22,29.8,35.5,25.3,0.00,41914.61
2024-06-23,29.9,35.4,25.6,0.40,43003.83
2024-06-24,29.6,34.7,25.6,3.10,37006.02
2024-06-25,28.4,34.2,24.9,7.00,37431.34
2024-06-26,27.9,32.1,25.2,1.20,26552.95
2024-06-27,28.9,34.2,25.5,2.50,36280.37
2024-06-28,28.7,32.2,25.1,0.70,38977.07
2024-06-29,28.5,32.3,25.7,1.90,36031.88
2024-06-30,29.3,33.8,25.3,1.10,42654.24
2024-07-01,29.5,34.2,25.5,0.70,43200.00
2024-07-02,30.1,34.7,25.6,0.00,44726.54
2024-07-03,30.5,36.2,26.2,0.00,45026.39
2024-07-04,31.0,37.7,25.0,0.00,45156.52
2024-07-05,31.5,37.0,27.0,0.00,45465.74
2024-07-06,31.1,36.8,26.1,0.00,45119.74
2024-07-07,30.4,36.1,25.0,0.40,44736.03
2024-07-08,30.5,36.0,25.7,0.00,44522.25
2024-07-09,30.4,36.5,25.0,0.00,44462.14
2024-07-10,30.8,37.1,25.1,0.00,44460.27
2024-07-11,31.1,38.2,25.1,0.40,44584.67
2024-07-12,31.6,38.3,26.5,0.10,38957.77
2024-07-13,31.6,38.5,26.0,0.70,42752.78
2024-07-14,31.0,37.9,26.0,0.20,44075.70
2024-07-15,30.4,36.2,25.8,0.00,43576.73
2024-07-16,29.9,36.2,25.7,1.30,44568.55
2024-07-17,31.1,37.8,25.8,0.30,44569.57
2024-07-18,32.2,39.7,25.5,0.00,44805.12
2024-07-19,32.5,39.2,26.4,0.00,44810.34
2024-07-20,32.6,39.0,26.5,0.00,44308.85
2024-07-21,31.4,36.5,27.2,0.00,44785.42
2024-07-22,30.9,36.0,26.0,0.40,44658.83
2024-07-23,30.4,36.0,25.9,1.10,43942.79
2024-07-24,29.1,34.7,26.5,10.80,26020.79
2024-07-25,26.3,27.0,25.8,114.70,0.00
2024-07-26,26.6,28.4,25.6,57.10,0.00
2024-07-27,26.7,28.7,25.5,32.20,4005.53
2024-07-28,27.2,30.4,24.9,10.70,36270.41
2024-07-29,27.6,31.1,25.0,4.20,34945.54
2024-07-30,27.9,31.5,26.0,7.30,34902.18
2024-07-31,28.6,32.5,25.2,1.30,43925.59
2024-08-01,29.9,35.2,26.0,0.40,43815.03
2024-08-02,30.8,35.0,26.9,0.00,43918.21
2024-08-03,31.1,37.2,27.5,5.40,43200.00
2024-08-04,30.1,35.0,26.2,0.30,43806.71
2024-08-05,28.9,34.0,24.9,0.00,43702.68
2024-08-06,28.9,33.3,26.0,0.50,40598.15
2024-08-07,29.4,34.8,24.9,0.00,43408.14
2024-08-08,29.8,35.3,25.7,1.60,43200.00
2024-08-09,29.8,35.3,25.5,0.00,43200.00
2024-08-10,29.8,34.0,26.7,2.80,37873.73
2024-08-11,30.2,34.7,26.5,0.90,43329.65
2024-08-12,30.1,35.4,25.7,0.70,39600.00
2024-08-13,29.5,34.8,26.6,5.10,25448.76
2024-08-14,27.3,30.5,25.6,15.20,23011.96
2024-08-15,26.6,29.4,25.1,23.30,22659.92
2024-08-16,26.5,29.1,25.2,20.80,9875.96
2024-08-17,26.5,30.4,24.9,33.00,21712.04
2024-08-18,26.8,30.2,25.0,21.80,34048.79
2024-08-19,27.0,29.6,25.0,12.00,37412.88
2024-08-20,26.7,29.1,25.1,5.30,15032.34
2024-08-21,27.5,32.0,24.8,22.20,31516.54
2024-08-22,27.7,30.5,25.1,14.50,40225.46
2024-08-23,28.1,32.2,25.6,8.00,40166.72
2024-08-24,27.8,31.7,25.1,11.10,43051.47
2024-08-25,28.1,32.6,25.0,0.50,39600.00
2024-08-26,28.2,32.4,25.1,0.00,40710.37
2024-08-27,29.8,33.7,25.2,0.50,40188.66
2024-08-28,28.2,30.9,26.1,27.80,24956.32
2024-08-29,27.7,31.0,26.0,5.70,30022.85
2024-08-30,28.4,33.0,24.5,0.50,42909.43
2024-08-31,28.1,33.0,25.1,7.40,29596.54
2024-09-01,29.2,32.7,25.7,1.90,42857.13
2024-09-02,29.5,33.3,26.4,1.60,41422.15
2024-09-03,28.1,31.9,25.2,0.90,41815.55
2024-09-04,27.6,31.5,24.5,0.00,38669.23
2024-09-05,28.3,32.0,25.1,0.40,37831.29
2024-09-06,27.9,31.4,25.8,3.30,35679.45
2024-09-07,27.1,30.1,25.5,11.00,26345.72
2024-09-08,27.0,29.9,24.9,6.00,40440.23
2024-09-09,27.2,31.0,24.2,2.30,42165.79
2024-09-10,28.2,33.2,23.7,0.00,42078.40
2024-09-11,28.7,33.7,24.0,0.00,41990.33
2024-09-12,28.5,32.0,25.4,3.00,41901.62
2024-09-13,27.7,30.9,25.1,2.10,39103.61
2024-09-14,25.9,28.5,23.9,8.30,4353.28
2024-09-15,26.0,28.3,24.4,45.10,27681.36
2024-09-16,27.7,31.4,25.0,1.70,30534.10
2024-09-17,28.1,31.5,25.7,2.50,39727.70
2024-09-18,27.4,31.5,24.3,2.00,34706.72
2024-09-19,27.5,31.0,25.2,8.50,32780.17
2024-09-20,28.2,31.8,25.1,2.30,36607.65
2024-09-21,28.1,33.0,25.2,35.90,37175.98
2024-09-22,24.8,25.9,23.0,56.40,0.00
2024-09-23,22.4,23.1,22.0,61.10,0.00
2024-09-24,24.1,26.5,22.1,43.10,785.84
2024-09-25,25.5,28.5,23.5,29.30,16530.92
2024-09-26,25.4,28.2,23.6,7.80,18792.45
2024-09-27,25.5,28.8,24.0,10.90,29321.18
2024-09-28,25.4,29.0,22.9,1.00,33221.29
2024-09-29,25.3,28.6,22.0,0.60,29254.88
2024-09-30,26.5,30.0,24.5,3.80,34822.17
2024-10-01,25.8,28.9,23.8,10.20,24852.85
2024-10-02,21.7,23.4,19.8,5.40,315.20
2024-10-03,20.7,23.5,18.8,1.80,14400.00
2024-10-04,20.6,24.3,19.1,22.90,7833.01
2024-10-05,22.5,26.0,20.0,1.80,14400.00
2024-10-06,24.9,28.9,22.8,12.30,31367.97
2024-10-07,24.6,26.9,23.2,22.70,25478.57
2024-10-08,22.7,24.0,21.0,3.10,0.00
2024-10-09,22.0,24.7,20.0,1.70,24941.98
2024-10-10,21.1,24.2,17.2,0.00,27384.52
2024-10-11,19.9,24.6,16.0,0.00,37665.80
2024-10-12,21.4,25.4,17.0,0.20,26883.99
2024-10-13,23.8,27.2,21.0,1.80,36000.00
2024-10-14,24.3,28.7,21.0,0.70,36580.32
2024-10-15,24.3,28.2,21.1,2.10,33846.30
2024-10-16,24.4,28.1,21.5,0.30,36840.37
2024-10-17,24.1,28.6,19.9,0.40,30824.01
2024-10-18,25.3,30.0,21.6,0.00,32465.68
2024-10-19,25.3,30.8,22.6,0.30,33461.64
2024-10-20,22.7,26.5,20.1,0.00,32400.00
2024-10-21,23.1,29.1,18.4,0.00,36968.71
2024-10-22,23.9,27.8,20.0,0.20,36848.86
2024-10-23,21.7,26.0,17.9,0.80,36731.01
2024-10-24,20.1,23.2,16.5,0.00,36096.14
2024-10-25,22.5,25.0,19.9,0.00,0.00
2024-10-26,22.9,24.6,21.9,1.40,94.51
2024-10-27,24.5,28.3,22.2,5.90,31672.49
2024-10-28,22.1,24.4,20.6,0.30,18712.82
2024-10-29,20.6,24.9,17.5,0.00,36511.41
2024-10-30,21.3,25.2,17.1,0.00,33237.88
2024-10-31,22.8,25.5,21.4,15.50,1947.36
2024-11-01,21.2,22.8,19.5,30.10,0.00
2024-11-02,21.0,25.9,17.6,0.00,36235.56
2024-11-03,20.9,24.2,18.1,0.00,35878.71
2024-11-04,20.8,26.0,15.9,0.00,32413.82
2024-11-05,20.6,23.8,17.2,0.00,35919.14
2024-11-06,16.8,19.7,13.6,0.00,35980.59
2024-11-07,16.2,21.0,12.4,0.00,32978.73
2024-11-08,17.9,22.8,13.2,0.00,29798.16
2024-11-09,20.8,24.2,18.5,0.00,4513.47
2024-11-10,21.5,26.2,17.4,0.00,35527.81
2024-11-11,21.1,25.2,17.8,0.00,35496.93
2024-11-12,20.7,23.5,17.8,0.00,2968.98
2024-11-13,20.5,22.1,19.5,1.50,0.00
2024-11-14,23.1,26.1,20.2,4.40,962.36
2024-11-15,24.1,27.9,22.0,4.20,15439.49
2024-11-16,23.5,28.7,20.7,10.50,35104.00
2024-11-17,21.8,26.8,18.8,0.00,35338.38
2024-11-18,17.8,20.2,15.1,0.30,28400.49
2024-11-19,16.7,19.5,14.9,3.10,8372.99
2024-11-20,16.7,19.2,15.1,16.70,2152.73
2024-11-21,16.1,17.0,14.6,11.80,4317.33
2024-11-22,15.4,19.6,12.2,0.00,35244.23
2024-11-23,15.9,19.5,12.6,0.00,12128.43
2024-11-24,16.6,20.5,13.4,1.00,24781.90
2024-11-25,16.6,18.9,14.7,22.90,1625.21
2024-11-26,16.7,20.8,14.3,0.00,31596.47
2024-11-27,14.7,18.6,11.1,0.00,35188.63
2024-11-28,12.6,17.4,8.8,0.00,35182.50
2024-11-29,11.8,17.5,6.9,0.00,35178.26
2024-11-30,12.2,17.3,7.6,0.00,25997.75
2024-12-01,14.7,21.1,9.4,0.00,35175.37
2024-12-02,16.1,22.9,10.6,0.00,35176.62
2024-12-03,17.6,21.4,14.1,0.70,27065.78
2024-12-04,16.2,18.7,14.2,0.10,447.59
2024-12-05,16.0,21.0,12.2,0.00,29031.14
2024-12-06,16.3,19.2,13.9,0.20,21310.09
2024-12-07,15.1,17.9,12.8,0.30,0.00
2024-12-08,12.5,13.9,10.4,0.00,4374.59
2024-12-09,12.8,16.7,9.0,0.00,28581.30
2024-12-10,15.5,19.1,11.9,0.00,10117.66
2024-12-11,16.3,21.8,11.6,1.00,32388.96
2024-12-12,13.7,16.6,12.6,0.00,25624.92
2024-12-13,13.3,15.9,11.5,0.10,26854.27
2024-12-14,10.8,14.5,8.1,0.00,27757.11
2024-12-15,9.0,13.2,5.7,0.00,32217.41
2024-12-16,9.9,14.4,6.8,0.00,34863.04
2024-12-17,9.8,16.5,4.6,0.00,34851.53
2024-12-18,10.3,16.4,5.8,0.00,34842.72
2024-12-19,8.6,12.2,4.6,0.00,24611.18
2024-12-20,11.3,17.5,6.8,0.00,32117.95
2024-12-21,12.1,16.5,9.6,0.00,33423.87
2024-12-22,9.0,12.1,6.4,0.00,34833.79
2024-12-23,10.3,15.2,6.1,0.00,18861.97
2024-12-24,11.5,15.7,6.7,0.00,17157.12
2024-12-25,15.3,20.2,12.3,0.50,28412.31
2024-12-26,14.0,15.9,12.6,0.70,7082.82
2024-12-27,12.9,16.8,9.6,0.00,25383.01
2024-12-28,11.7,17.5,7.9,0.00,34892.08
2024-12-29,8.6,12.4,4.2,0.00,34909.84
2024-12-30,13.2,20.3,7.7,0.00,34929.83
2024-12-31,12.0,18.4,7.2,0.00,34952.01
